-1.392832875251770020e+00 -1.954688072204589844e+00 -1.637820959091186523e+00 -1.457303166389465332e+00 -1.845699429512023926e+00 -1.199265956878662109e+00 -1.706080079078674316e+00 -1.528441429138183594e+00 -1.455634832382202148e+00 -2.429424524307250977e+00 -2.086356163024902344e+00 -1.909690022468566895e+00 -2.493188858032226562e+00 -2.891865253448486328e+00 -3.560392379760742188e+00 -3.073798894882202148e+00 -2.944919347763061523e+00 -3.358232021331787109e+00 -3.452545642852783203e+00 -3.148378372192382812e+00 -2.858990192413330078e+00 -3.423720121383666992e+00 -3.172056198120117188e+00 -3.514240741729736328e+00 -3.172617912292480469e+00 -3.548583745956420898e+00 -3.029552698135375977e+00 -2.927292823791503906e+00 -2.993158102035522461e+00 -3.555469512939453125e+00 -3.242893218994140625e+00 -3.731433629989624023e+00 -3.546326875686645508e+00 -3.790509223937988281e+00 -4.013303756713867188e+00 -3.917364358901977539e+00 -3.552747964859008789e+00 -3.720338821411132812e+00 -3.814020872116088867e+00 -3.404063463211059570e+00 -3.697655200958251953e+00 -3.414263963699340820e+00 -3.317763566970825195e+00 -3.451440572738647461e+00 -3.583896636962890625e+00 -3.702210187911987305e+00 -4.158431529998779297e+00 -4.784930229187011719e+00 -4.659884929656982422e+00 -3.820776224136352539e+00 -5.135143756866455078e+00 -4.913932800292968750e+00 -4.614398002624511719e+00 -4.201697349548339844e+00 -4.530753612518310547e+00 -4.776880741119384766e+00 -3.647726058959960938e+00 -4.437032699584960938e+00 -4.773392200469970703e+00 -4.360999107360839844e+00 -4.104803562164306641e+00 -4.475349426269531250e+00 -3.904849290847778320e+00 -4.473796844482421875e+00
-9.611595869064331055e-01 -1.608467340469360352e+00 -1.053798317909240723e+00 -1.164938211441040039e+00 -1.382477521896362305e+00 -1.613955020904541016e+00 -1.359293699264526367e+00 -1.061737179756164551e+00 -8.231107592582702637e-01 -1.499371647834777832e+00 -1.560061812400817871e+00 -1.878333449363708496e+00 -2.204967021942138672e+00 -2.599339485168457031e+00 -3.097615003585815430e+00 -2.920159339904785156e+00 -2.945167541503906250e+00 -2.826414108276367188e+00 -3.440751075744628906e+00 -2.926346302032470703e+00 -2.864583253860473633e+00 -2.807327747344970703e+00 -3.138869762420654297e+00 -3.569869518280029297e+00 -2.853119611740112305e+00 -2.686923980712890625e+00 -2.957126855850219727e+00 -2.839864015579223633e+00 -2.818581342697143555e+00 -3.139095067977905273e+00 -3.346261024475097656e+00 -3.331529378890991211e+00 -3.142676830291748047e+00 -3.687025785446166992e+00 -3.664729118347167969e+00 -3.769927501678466797e+00 -3.728709459304809570e+00 -3.503556489944458008e+00 -3.457163572311401367e+00 -3.151164770126342773e+00 -3.147132396697998047e+00 -3.287132263183593750e+00 -2.932395935058593750e+00 -2.670488595962524414e+00 -2.994559049606323242e+00 -3.417141914367675781e+00 -3.652234792709350586e+00 -3.993532657623291016e+00 -3.652891159057617188e+00 -3.659699201583862305e+00 -3.566938638687133789e+00 -4.420049667358398438e+00 -4.074073791503906250e+00 -4.117608070373535156e+00 -3.408374071121215820e+00 -3.577439546585083008e+00 -4.021122455596923828e+00 -4.695444583892822266e+00 -5.247714996337890625e+00 -4.674195289611816406e+00 -3.870851755142211914e+00 -4.229733467102050781e+00 -3.545400381088256836e+00 -4.059955120086669922e+00
-1.178697943687438965e+00 -7.726028561592102051e-01 -1.181551456451416016e+00 -1.602707147598266602e+00 -1.199857115745544434e+00 -1.171854972839355469e+00 -8.248768448829650879e-01 -1.033895850181579590e+00 -7.931541800498962402e-01 -9.895269274711608887e-01 -1.776558160781860352e+00 -2.020199060440063477e+00 -2.071704149246215820e+00 -2.634298801422119141e+00 -2.755405664443969727e+00 -3.188747167587280273e+00 -2.967271089553833008e+00 -2.916802883148193359e+00 -2.653659105300903320e+00 -2.827886819839477539e+00 -2.845692396163940430e+00 -2.982399463653564453e+00 -3.387259483337402344e+00 -3.376842021942138672e+00 -3.478384733200073242e+00 -2.996876239776611328e+00 -3.064915180206298828e+00 -3.263261556625366211e+00 -3.373968839645385742e+00 -3.227752685546875000e+00 -3.048456907272338867e+00 -3.646447181701660156e+00 -3.371090412139892578e+00 -3.347976446151733398e+00 -3.716474533081054688e+00 -3.444617509841918945e+00 -3.617603302001953125e+00 -3.311393260955810547e+00 -3.209541559219360352e+00 -3.202232122421264648e+00 -3.132465839385986328e+00 -2.796364784240722656e+00 -2.503531217575073242e+00 -2.655811309814453125e+00 -2.750820875167846680e+00 -2.842431545257568359e+00 -3.601091623306274414e+00 -3.469065904617309570e+00 -2.668867588043212891e+00 -3.472395896911621094e+00 -3.702371835708618164e+00 -4.404078960418701172e+00 -3.962565898895263672e+00 -3.530595064163208008e+00 -3.740817070007324219e+00 -3.643842458724975586e+00 -4.179043769836425781e+00 -3.895883560180664062e+00 -4.147821903228759766e+00 -3.456538438796997070e+00 -4.149610996246337891e+00 -4.077745437622070312e+00 -3.918713331222534180e+00 -3.397552967071533203e+00
-6.091073751449584961e-01 -6.981555223464965820e-01 -1.974524408578872681e-01 -1.168984055519104004e+00 -1.242155194282531738e+00 -9.774379730224609375e-01 -9.619915485382080078e-01 -8.451575040817260742e-01 -7.592877149581909180e-01 -4.500252902507781982e-01 -1.108171343803405762e+00 -2.114864110946655273e+00 -2.825785875320434570e+00 -3.084026336669921875e+00 -3.322195768356323242e+00 -3.154679298400878906e+00 -2.793753385543823242e+00 -3.014639616012573242e+00 -2.315178632736206055e+00 -2.626698970794677734e+00 -2.710933446884155273e+00 -2.857196569442749023e+00 -3.151860713958740234e+00 -3.353127717971801758e+00 -2.767093420028686523e+00 -2.946866989135742188e+00 -2.363935708999633789e+00 -2.723349094390869141e+00 -2.909245967864990234e+00 -3.297066450119018555e+00 -3.324742078781127930e+00 -3.568387508392333984e+00 -3.128779888153076172e+00 -3.412559747695922852e+00 -3.683789014816284180e+00 -3.426857471466064453e+00 -3.130322933197021484e+00 -3.194017887115478516e+00 -3.373066186904907227e+00 -3.185596704483032227e+00 -3.079883337020874023e+00 -2.355949401855468750e+00 -2.633103847503662109e+00 -2.596318244934082031e+00 -2.734750986099243164e+00 -2.844459056854248047e+00 -3.178522586822509766e+00 -3.591310262680053711e+00 -3.261185646057128906e+00 -3.441178798675537109e+00 -4.090857028961181641e+00 -3.716730356216430664e+00 -3.626389503479003906e+00 -3.524469375610351562e+00 -3.362731456756591797e+00 -3.852678060531616211e+00 -4.078056335449218750e+00 -3.933146715164184570e+00 -3.877209901809692383e+00 -3.701476335525512695e+00 -3.567429780960083008e+00 -3.818236827850341797e+00 -4.017218589782714844e+00 -3.778423309326171875e+00
-1.137816190719604492e+00 -6.698314547538757324e-01 -1.402627110481262207e+00 -1.363099098205566406e+00 -1.261206507682800293e+00 -1.151464343070983887e+00 -1.093811273574829102e+00 -9.770295023918151855e-01 -7.701783180236816406e-01 -1.072583794593811035e+00 -1.128447771072387695e+00 -1.977555513381958008e+00 -2.460528850555419922e+00 -3.018958330154418945e+00 -3.274749994277954102e+00 -3.061564445495605469e+00 -2.862664937973022461e+00 -2.720642089843750000e+00 -2.507507562637329102e+00 -2.511132001876831055e+00 -2.433235406875610352e+00 -3.226836681365966797e+00 -2.673113346099853516e+00 -2.791811704635620117e+00 -2.309476852416992188e+00 -2.147452354431152344e+00 -1.791339039802551270e+00 -2.395124912261962891e+00 -2.839849710464477539e+00 -3.036919116973876953e+00 -3.325916051864624023e+00 -3.358443021774291992e+00 -3.151693582534790039e+00 -3.490589141845703125e+00 -3.803664445877075195e+00 -3.121052503585815430e+00 -3.241321086883544922e+00 -2.992682456970214844e+00 -2.779392957687377930e+00 -2.781231403350830078e+00 -2.961436271667480469e+00 -2.389769315719604492e+00 -2.202452898025512695e+00 -2.365747213363647461e+00 -2.406047582626342773e+00 -3.084571838378906250e+00 -2.987308502197265625e+00 -3.266150712966918945e+00 -3.221715450286865234e+00 -3.432908535003662109e+00 -3.548706054687500000e+00 -3.557329654693603516e+00 -3.569213628768920898e+00 -3.480877637863159180e+00 -3.691748619079589844e+00 -3.676853656768798828e+00 -3.993422031402587891e+00 -3.503139019012451172e+00 -4.200552463531494141e+00 -3.633000373840332031e+00 -3.860882043838500977e+00 -3.457653760910034180e+00 -3.397601127624511719e+00 -3.468683958053588867e+00
-1.345861196517944336e+00 -5.876201391220092773e-01 -8.750638961791992188e-01 -1.400410532951354980e+00 -1.734042406082153320e+00 -1.494594216346740723e+00 -1.671236395835876465e+00 -1.416203141212463379e+00 -1.211724162101745605e+00 -1.147413253784179688e+00 -1.746212482452392578e+00 -2.235995292663574219e+00 -2.636441707611083984e+00 -2.917929172515869141e+00 -2.861901998519897461e+00 -3.051544904708862305e+00 -3.134271383285522461e+00 -2.927142381668090820e+00 -2.865737199783325195e+00 -2.707780122756958008e+00 -3.149171352386474609e+00 -2.862333774566650391e+00 -3.067239999771118164e+00 -3.156170129776000977e+00 -2.578207015991210938e+00 -1.690883994102478027e+00 -1.643788218498229980e+00 -2.726222753524780273e+00 -2.636975049972534180e+00 -3.171166658401489258e+00 -3.219148397445678711e+00 -3.485496044158935547e+00 -3.271061658859252930e+00 -3.217075347900390625e+00 -3.197792530059814453e+00 -3.311035394668579102e+00 -3.235059022903442383e+00 -3.078952074050903320e+00 -2.913680315017700195e+00 -2.621245145797729492e+00 -2.820971965789794922e+00 -2.401883602142333984e+00 -2.506647825241088867e+00 -2.249753713607788086e+00 -2.940829753875732422e+00 -2.821372270584106445e+00 -2.864184617996215820e+00 -2.997310638427734375e+00 -3.255592823028564453e+00 -3.203096151351928711e+00 -3.340589761734008789e+00 -3.668722391128540039e+00 -3.998819351196289062e+00 -3.827949762344360352e+00 -3.784322023391723633e+00 -3.935044050216674805e+00 -3.706520795822143555e+00 -3.796362161636352539e+00 -4.088139057159423828e+00 -3.720082521438598633e+00 -3.829147577285766602e+00 -4.049864292144775391e+00 -3.233349084854125977e+00 -3.179821491241455078e+00
1.143312174826860428e-02 -1.704424023628234863e+00 -1.846365451812744141e+00 -1.464907646179199219e+00 -2.009573459625244141e+00 -1.793969154357910156e+00 -1.589168787002563477e+00 -1.209319472312927246e+00 -1.315185189247131348e+00 -1.740352034568786621e+00 -2.098181962966918945e+00 -2.247888326644897461e+00 -2.335067510604858398e+00 -2.710592269897460938e+00 -3.287734270095825195e+00 -3.161043882369995117e+00 -3.030220270156860352e+00 -2.794024705886840820e+00 -2.672415971755981445e+00 -2.522207975387573242e+00 -2.909017324447631836e+00 -2.709710121154785156e+00 -2.926886558532714844e+00 -2.835796356201171875e+00 -2.309849500656127930e+00 -1.920392036437988281e+00 -1.590010404586791992e+00 -2.238391637802124023e+00 -2.849960088729858398e+00 -3.101359605789184570e+00 -2.907859563827514648e+00 -2.998456239700317383e+00 -3.236017227172851562e+00 -3.217278957366943359e+00 -3.231496334075927734e+00 -3.189590454101562500e+00 -3.132283687591552734e+00 -2.963681221008300781e+00 -2.740931510925292969e+00 -2.675988912582397461e+00 -2.678795099258422852e+00 -2.108459234237670898e+00 -1.808329701423645020e+00 -1.671108007431030273e+00 -2.247138261795043945e+00 -3.000706195831298828e+00 -3.219565153121948242e+00 -3.311104774475097656e+00 -2.922819852828979492e+00 -3.414546966552734375e+00 -3.277049541473388672e+00 -3.461200475692749023e+00 -3.498872995376586914e+00 -3.590161800384521484e+00 -4.116670131683349609e+00 -3.992269754409790039e+00 -4.145120143890380859e+00 -4.078940868377685547e+00 -4.181479454040527344e+00 -3.738428592681884766e+00 -3.570884943008422852e+00 -4.108313560485839844e+00 -3.518492698669433594e+00 -3.695477008819580078e+00
-1.112170815467834473e+00 -1.645572662353515625e+00 -1.576103687286376953e+00 -1.532589554786682129e+00 -1.914831757545471191e+00 -1.827256441116333008e+00 -1.940954923629760742e+00 -1.197487711906433105e+00 -1.341040611267089844e+00 -1.635319590568542480e+00 -2.093178033828735352e+00 -2.197663784027099609e+00 -2.564908742904663086e+00 -2.839610338211059570e+00 -3.102649927139282227e+00 -3.092777729034423828e+00 -3.231134414672851562e+00 -3.022037267684936523e+00 -3.010492086410522461e+00 -2.436547756195068359e+00 -2.552006721496582031e+00 -2.582017183303833008e+00 -3.106273651123046875e+00 -2.934118747711181641e+00 -2.388167381286621094e+00 -1.678164601325988770e+00 -1.163405776023864746e+00 -1.929590702056884766e+00 -2.727890253067016602e+00 -3.099477291107177734e+00 -3.193986654281616211e+00 -3.012165307998657227e+00 -3.126250267028808594e+00 -3.116831541061401367e+00 -3.235117912292480469e+00 -3.388329744338989258e+00 -3.076017856597900391e+00 -3.147155284881591797e+00 -2.682727098464965820e+00 -2.493088006973266602e+00 -2.515253782272338867e+00 -1.909350514411926270e+00 -1.435608386993408203e+00 -8.626656532287597656e-01 -1.827964663505554199e+00 -2.555734634399414062e+00 -3.231805086135864258e+00 -3.592116594314575195e+00 -3.156565427780151367e+00 -3.655339002609252930e+00 -3.717655658721923828e+00 -3.429825782775878906e+00 -3.571264028549194336e+00 -3.946604490280151367e+00 -4.127449512481689453e+00 -4.307307243347167969e+00 -4.318654537200927734e+00 -4.446263790130615234e+00 -4.041642189025878906e+00 -3.868281126022338867e+00 -3.574117898941040039e+00 -3.645287275314331055e+00 -3.300375461578369141e+00 -3.582464456558227539e+00
-1.661024212837219238e+00 -1.596461892127990723e+00 -1.229871153831481934e+00 -1.907127976417541504e+00 -1.530793428421020508e+00 -1.564587831497192383e+00 -1.873374700546264648e+00 -1.099837303161621094e+00 -1.625320672988891602e+00 -1.645450592041015625e+00 -1.681005835533142090e+00 -2.024354934692382812e+00 -2.463748455047607422e+00 -3.120051860809326172e+00 -3.049542903900146484e+00 -2.869894742965698242e+00 -3.383369445800781250e+00 -2.982498168945312500e+00 -2.307795047760009766e+00 -2.842032432556152344e+00 -2.527613639831542969e+00 -2.745182991027832031e+00 -2.811233997344970703e+00 -2.668434619903564453e+00 -2.508820056915283203e+00 -1.715279340744018555e+00 -1.210639595985412598e+00 -2.190605878829956055e+00 -2.658574342727661133e+00 -3.007655620574951172e+00 -3.141981601715087891e+00 -2.981187343597412109e+00 -3.250037908554077148e+00 -3.402825593948364258e+00 -3.454946279525756836e+00 -3.594603776931762695e+00 -3.290575027465820312e+00 -3.020387649536132812e+00 -2.745228767395019531e+00 -2.669959068298339844e+00 -2.095675468444824219e+00 -1.517859339714050293e+00 -1.432955145835876465e+00 -1.090064644813537598e+00 -1.315564036369323730e+00 -1.714029431343078613e+00 -3.685380458831787109e+00 -3.157256364822387695e+00 -3.013272762298583984e+00 -3.409677743911743164e+00 -3.275959014892578125e+00 -3.772366285324096680e+00 -3.621244192123413086e+00 -3.952637910842895508e+00 -3.999132871627807617e+00 -4.483693599700927734e+00 -4.100692272186279297e+00 -4.832856655120849609e+00 -4.156526088714599609e+00 -3.859670877456665039e+00 -3.906769752502441406e+00 -3.701669931411743164e+00 -3.777050256729125977e+00 -3.564888000488281250e+00
-1.377412438392639160e+00 -1.507805347442626953e+00 -1.391985535621643066e+00 -1.397156000137329102e+00 -1.431136250495910645e+00 -1.954122066497802734e+00 -1.374346375465393066e+00 -1.127528071403503418e+00 -1.291604399681091309e+00 -1.721761465072631836e+00 -2.023648023605346680e+00 -1.989826083183288574e+00 -2.409511089324951172e+00 -3.025892734527587891e+00 -3.136995077133178711e+00 -3.071476697921752930e+00 -3.026381492614746094e+00 -2.834536314010620117e+00 -2.493175029754638672e+00 -2.387209415435791016e+00 -2.712104082107543945e+00 -2.713767290115356445e+00 -2.862125873565673828e+00 -2.564205646514892578e+00 -2.502701044082641602e+00 -1.886314511299133301e+00 -1.365553855895996094e+00 -1.902841210365295410e+00 -2.235583066940307617e+00 -2.810008287429809570e+00 -3.570976018905639648e+00 -3.387734651565551758e+00 -3.030589580535888672e+00 -3.259259700775146484e+00 -3.266404390335083008e+00 -2.938089132308959961e+00 -3.284292459487915039e+00 -3.290134668350219727e+00 -2.740707874298095703e+00 -2.901033878326416016e+00 -1.914627552032470703e+00 -1.595766544342041016e+00 -1.294449210166931152e+00 -1.037153601646423340e+00 -1.500596880912780762e+00 -1.897202253341674805e+00 -2.950172901153564453e+00 -3.224930524826049805e+00 -2.988415002822875977e+00 -3.621788501739501953e+00 -3.703098773956298828e+00 -3.665665864944458008e+00 -3.951102256774902344e+00 -3.639847993850708008e+00 -3.149074316024780273e+00 -3.443105220794677734e+00 -3.559816122055053711e+00 -3.938647985458374023e+00 -3.653482675552368164e+00 -4.122548103332519531e+00 -4.055797100067138672e+00 -4.616051673889160156e+00 -3.856063604354858398e+00 -3.185318231582641602e+00
-1.000450015068054199e+00 -1.717659831047058105e+00 -1.531544327735900879e+00 -1.652318000793457031e+00 -1.535059571266174316e+00 -1.275771498680114746e+00 -1.678559660911560059e+00 -1.142794013023376465e+00 -1.203602910041809082e+00 -1.739964962005615234e+00 -1.664004445075988770e+00 -1.972110986709594727e+00 -2.130906820297241211e+00 -2.623157024383544922e+00 -2.787809610366821289e+00 -3.088880062103271484e+00 -2.937529087066650391e+00 -2.896271705627441406e+00 -2.226942300796508789e+00 -2.108736276626586914e+00 -2.236633300781250000e+00 -2.578267574310302734e+00 -2.240968704223632812e+00 -2.364128112792968750e+00 -2.024472475051879883e+00 -1.605009675025939941e+00 -1.016402959823608398e+00 -1.625762343406677246e+00 -2.154790878295898438e+00 -2.911546707153320312e+00 -2.902759790420532227e+00 -3.302722930908203125e+00 -3.256107330322265625e+00 -3.146700143814086914e+00 -3.320373773574829102e+00 -3.302510738372802734e+00 -3.210695505142211914e+00 -2.909506082534790039e+00 -2.920927047729492188e+00 -2.800587177276611328e+00 -2.413312435150146484e+00 -1.706215739250183105e+00 -8.887317180633544922e-01 -7.805212140083312988e-01 -1.103657484054565430e+00 -1.765725374221801758e+00 -3.198268890380859375e+00 -3.580201148986816406e+00 -3.193942308425903320e+00 -3.496895790100097656e+00 -3.968940258026123047e+00 -3.622669219970703125e+00 -3.793251752853393555e+00 -4.338786602020263672e+00 -3.904507637023925781e+00 -3.815331459045410156e+00 -3.680075645446777344e+00 -4.017358779907226562e+00 -3.559130191802978516e+00 -3.544965028762817383e+00 -4.090558052062988281e+00 -4.389201164245605469e+00 -3.803460836410522461e+00 -3.435484170913696289e+00
-1.381780505180358887e+00 -1.312371969223022461e+00 -1.334120512008666992e+00 -1.604378461837768555e+00 -1.719030141830444336e+00 -2.065274953842163086e+00 -1.463245153427124023e+00 -8.805659413337707520e-01 -1.091194748878479004e+00 -1.549544572830200195e+00 -1.989532232284545898e+00 -1.775604486465454102e+00 -2.361561775207519531e+00 -2.880975723266601562e+00 -2.807589769363403320e+00 -2.874009132385253906e+00 -3.036482334136962891e+00 -2.706073999404907227e+00 -2.105602979660034180e+00 -2.076621294021606445e+00 -2.415340662002563477e+00 -2.199340581893920898e+00 -2.611820936203002930e+00 -2.750102519989013672e+00 -2.158604145050048828e+00 -1.649919629096984863e+00 -1.562069177627563477e+00 -1.582232952117919922e+00 -2.302630662918090820e+00 -3.218731880187988281e+00 -3.118732452392578125e+00 -3.504871845245361328e+00 -3.307766199111938477e+00 -3.130378961563110352e+00 -3.410179138183593750e+00 -3.299020051956176758e+00 -3.007140159606933594e+00 -2.910494089126586914e+00 -2.627086877822875977e+00 -2.089027404785156250e+00 -2.442191600799560547e+00 -1.549852490425109863e+00 -5.123968720436096191e-01 -8.757002353668212891e-01 -1.387750267982482910e+00 -1.279174566268920898e+00 -2.504898309707641602e+00 -3.436130762100219727e+00 -3.068706035614013672e+00 -3.312966823577880859e+00 -3.956560611724853516e+00 -3.835863351821899414e+00 -3.896288633346557617e+00 -3.901987552642822266e+00 -4.441627979278564453e+00 -3.895405292510986328e+00 -3.741668224334716797e+00 -4.048644542694091797e+00 -4.273117542266845703e+00 -3.488173723220825195e+00 -3.843651771545410156e+00 -3.547320127487182617e+00 -3.719296932220458984e+00 -3.858071804046630859e+00
-1.730264425277709961e+00 -1.466480016708374023e+00 -1.609785556793212891e+00 -1.616796731948852539e+00 -1.581318497657775879e+00 -1.690311551094055176e+00 -1.636897206306457520e+00 -1.686532020568847656e+00 -1.465820074081420898e+00 -1.247716546058654785e+00 -1.286708950996398926e+00 -1.819603919982910156e+00 -2.495574235916137695e+00 -2.745359420776367188e+00 -2.794556856155395508e+00 -2.643405914306640625e+00 -3.144171714782714844e+00 -2.629287004470825195e+00 -2.280166625976562500e+00 -2.228378057479858398e+00 -2.414458513259887695e+00 -2.346125364303588867e+00 -2.727515697479248047e+00 -2.527853012084960938e+00 -2.128166437149047852e+00 -1.703682422637939453e+00 -1.121234774589538574e+00 -1.418533563613891602e+00 -2.216087579727172852e+00 -3.231017589569091797e+00 -3.091644048690795898e+00 -3.248753309249877930e+00 -3.270227670669555664e+00 -2.946010828018188477e+00 -3.124895095825195312e+00 -3.499123096466064453e+00 -3.633731365203857422e+00 -3.260210990905761719e+00 -3.193013906478881836e+00 -2.150742530822753906e+00 -1.725722432136535645e+00 -1.243278622627258301e+00 -2.189161926507949829e-01 -6.480339765548706055e-01 -9.153844118118286133e-01 -9.117625951766967773e-01 -1.865150809288024902e+00 -2.832932472229003906e+00 -3.230602264404296875e+00 -3.363617897033691406e+00 -3.319261074066162109e+00 -3.509134292602539062e+00 -3.632981061935424805e+00 -3.886781930923461914e+00 -4.207310676574707031e+00 -3.717497825622558594e+00 -4.234028816223144531e+00 -4.672901153564453125e+00 -4.785060882568359375e+00 -4.789740085601806641e+00 -4.580589771270751953e+00 -4.087492942810058594e+00 -4.488568782806396484e+00 -3.376358985900878906e+00
-1.479484319686889648e+00 -1.287634134292602539e+00 -1.634070515632629395e+00 -1.693630456924438477e+00 -1.671291351318359375e+00 -1.731325984001159668e+00 -2.071231842041015625e+00 -2.233080148696899414e+00 -1.876207470893859863e+00 -1.392413020133972168e+00 -1.560829281806945801e+00 -1.725594758987426758e+00 -2.263022661209106445e+00 -2.764175891876220703e+00 -2.873190641403198242e+00 -2.283779382705688477e+00 -2.827323436737060547e+00 -2.579437732696533203e+00 -1.685892462730407715e+00 -2.259487867355346680e+00 -2.803619861602783203e+00 -2.362414836883544922e+00 -2.378176927566528320e+00 -2.260725021362304688e+00 -1.911385893821716309e+00 -6.512486934661865234e-01 -1.131693243980407715e+00 -1.159146904945373535e+00 -1.849343180656433105e+00 -3.178029298782348633e+00 -2.796677589416503906e+00 -2.934236526489257812e+00 -3.114069223403930664e+00 -3.285210609436035156e+00 -2.635280132293701172e+00 -3.297572135925292969e+00 -3.619138956069946289e+00 -3.504743337631225586e+00 -2.989564418792724609e+00 -3.091038227081298828e+00 -2.291271209716796875e+00 -1.226471543312072754e+00 -4.793491363525390625e-01 -7.953436970710754395e-01 -8.224779367446899414e-01 -7.653028368949890137e-01 -2.705091953277587891e+00 -3.301783561706542969e+00 -3.091966867446899414e+00 -3.946152687072753906e+00 -3.276948928833007812e+00 -3.498657941818237305e+00 -3.314180374145507812e+00 -4.218506813049316406e+00 -4.107731819152832031e+00 -4.751227378845214844e+00 -4.808761596679687500e+00 -4.820681095123291016e+00 -5.497706413269042969e+00 -4.274460315704345703e+00 -4.162467479705810547e+00 -4.143980979919433594e+00 -4.112976551055908203e+00 -4.084853649139404297e+00
-1.631040334701538086e+00 -2.108277559280395508e+00 -1.936379075050354004e+00 -1.415407180786132812e+00 -1.579911231994628906e+00 -1.600502371788024902e+00 -1.577064156532287598e+00 -1.269545793533325195e+00 -1.322325587272644043e+00 -1.649727106094360352e+00 -1.777491450309753418e+00 -1.910884976387023926e+00 -2.007251739501953125e+00 -2.667135477066040039e+00 -3.090336799621582031e+00 -2.828169107437133789e+00 -2.891363859176635742e+00 -2.200969219207763672e+00 -1.591413736343383789e+00 -2.080842256546020508e+00 -2.639565706253051758e+00 -2.638535261154174805e+00 -2.614317893981933594e+00 -2.440343618392944336e+00 -1.500302553176879883e+00 -6.996456980705261230e-01 -8.731582164764404297e-01 -1.405344843864440918e+00 -2.096421957015991211e+00 -2.872112751007080078e+00 -3.104218482971191406e+00 -2.834274530410766602e+00 -3.128361701965332031e+00 -2.975981950759887695e+00 -2.987332105636596680e+00 -3.562102794647216797e+00 -3.518539667129516602e+00 -3.362112283706665039e+00 -3.088433265686035156e+00 -2.600864171981811523e+00 -2.481217622756958008e+00 -1.302015781402587891e+00 -1.376135826110839844e+00 -1.215906500816345215e+00 -1.006682157516479492e+00 -1.656504988670349121e+00 -2.849862575531005859e+00 -3.471309423446655273e+00 -3.232365608215332031e+00 -3.310318708419799805e+00 -3.662599563598632812e+00 -4.024099826812744141e+00 -3.634452104568481445e+00 -4.029787540435791016e+00 -4.554536819458007812e+00 -4.990891456604003906e+00 -5.028263568878173828e+00 -4.451874256134033203e+00 -5.367766857147216797e+00 -4.665976524353027344e+00 -4.469173431396484375e+00 -5.001895427703857422e+00 -4.596387386322021484e+00 -4.357910633087158203e+00
-1.928940176963806152e+00 -1.743962168693542480e+00 -1.448477625846862793e+00 -1.349443793296813965e+00 -1.633538007736206055e+00 -1.875623106956481934e+00 -1.516590833663940430e+00 -1.694559812545776367e+00 -1.804231524467468262e+00 -1.639578461647033691e+00 -1.694247722625732422e+00 -2.034384727478027344e+00 -2.181831836700439453e+00 -2.404630899429321289e+00 -2.855184793472290039e+00 -2.698799848556518555e+00 -2.819585323333740234e+00 -2.319701910018920898e+00 -1.406213998794555664e+00 -1.530437350273132324e+00 -2.383494853973388672e+00 -2.462125539779663086e+00 -2.709454774856567383e+00 -2.140690803527832031e+00 -1.666005253791809082e+00 -6.893149018287658691e-01 -1.421593546867370605e+00 -1.847916007041931152e+00 -1.938858270645141602e+00 -2.331011772155761719e+00 -2.987007617950439453e+00 -3.155755043029785156e+00 -3.006520271301269531e+00 -3.138055801391601562e+00 -2.923392534255981445e+00 -3.674394845962524414e+00 -3.313877344131469727e+00 -3.348047494888305664e+00 -3.399531602859497070e+00 -2.749891757965087891e+00 -2.454204797744750977e+00 -1.271040797233581543e+00 -9.184464812278747559e-01 -1.218910932540893555e+00 -9.970296621322631836e-01 -1.342850327491760254e+00 -2.860610723495483398e+00 -3.456483125686645508e+00 -3.239811897277832031e+00 -3.469946384429931641e+00 -4.062365055084228516e+00 -4.206882476806640625e+00 -4.039040088653564453e+00 -4.639623641967773438e+00 -4.670639514923095703e+00 -4.710259914398193359e+00 -4.896217346191406250e+00 -4.377166748046875000e+00 -4.465708732604980469e+00 -4.623566150665283203e+00 -4.820715904235839844e+00 -5.329668045043945312e+00 -3.911828517913818359e+00 -3.469739675521850586e+00
-1.458409309387207031e+00 -1.481341600418090820e+00 -1.191153287887573242e+00 -1.646976709365844727e+00 -1.344791889190673828e+00 -1.597901582717895508e+00 -1.586054086685180664e+00 -1.729162216186523438e+00 -1.815505266189575195e+00 -2.063446044921875000e+00 -1.885569334030151367e+00 -2.182005405426025391e+00 -2.149516105651855469e+00 -2.088037729263305664e+00 -2.195282220840454102e+00 -2.451243638992309570e+00 -2.414998292922973633e+00 -1.701901674270629883e+00 -8.841153383255004883e-01 -1.557937145233154297e+00 -1.463035464286804199e+00 -2.268165826797485352e+00 -2.415963888168334961e+00 -1.840862035751342773e+00 -1.838430166244506836e+00 -1.394875168800354004e+00 -9.700633883476257324e-01 -2.004415988922119141e+00 -1.936026096343994141e+00 -2.134878396987915039e+00 -2.981521129608154297e+00 -3.485726118087768555e+00 -3.026776075363159180e+00 -3.384743690490722656e+00 -2.956207752227783203e+00 -3.495249032974243164e+00 -3.816390514373779297e+00 -3.170603990554809570e+00 -2.922624826431274414e+00 -2.769665956497192383e+00 -2.737906932830810547e+00 -2.608277320861816406e+00 -1.677217841148376465e+00 -1.258996844291687012e+00 -1.791413784027099609e+00 -1.668352365493774414e+00 -2.993118047714233398e+00 -3.453902482986450195e+00 -3.689548730850219727e+00 -3.719481706619262695e+00 -3.710472345352172852e+00 -4.599016666412353516e+00 -3.914154767990112305e+00 -4.015916347503662109e+00 -4.128897190093994141e+00 -4.936512470245361328e+00 -5.350846767425537109e+00 -5.205416679382324219e+00 -5.045150756835937500e+00 -4.061969757080078125e+00 -4.424566745758056641e+00 -5.073579311370849609e+00 -4.507246017456054688e+00 -3.704878330230712891e+00
-1.628342986106872559e+00 -1.160442352294921875e+00 -1.578818917274475098e+00 -1.897770166397094727e+00 -1.728676915168762207e+00 -1.756368756294250488e+00 -1.514654517173767090e+00 -1.593508243560791016e+00 -1.497421860694885254e+00 -1.981110215187072754e+00 -2.164581298828125000e+00 -1.784803271293640137e+00 -1.925472021102905273e+00 -1.549887180328369141e+00 -2.419780969619750977e+00 -2.674592494964599609e+00 -2.313066482543945312e+00 -1.514805316925048828e+00 -9.627508521080017090e-01 -1.284593582153320312e+00 -1.566015362739562988e+00 -1.774950981140136719e+00 -1.989250779151916504e+00 -1.687109708786010742e+00 -1.690275788307189941e+00 -1.351526260375976562e+00 -1.279907107353210449e+00 -1.595140218734741211e+00 -2.270717382431030273e+00 -2.441232204437255859e+00 -2.752584218978881836e+00 -2.745522499084472656e+00 -3.240106105804443359e+00 -2.851711750030517578e+00 -2.960377216339111328e+00 -2.934299945831298828e+00 -3.272398471832275391e+00 -3.571584701538085938e+00 -3.069058418273925781e+00 -2.724000930786132812e+00 -2.783104896545410156e+00 -2.780422210693359375e+00 -2.086985111236572266e+00 -1.191931366920471191e+00 -1.653306126594543457e+00 -2.549729347229003906e+00 -3.158028364181518555e+00 -3.549282550811767578e+00 -3.876418352127075195e+00 -3.499352455139160156e+00 -4.034420490264892578e+00 -4.128589630126953125e+00 -4.166835784912109375e+00 -4.386023998260498047e+00 -4.312548160552978516e+00 -5.179461002349853516e+00 -4.706320285797119141e+00 -4.818624973297119141e+00 -5.089391708374023438e+00 -4.238976955413818359e+00 -5.056094646453857422e+00 -5.253989696502685547e+00 -5.046595096588134766e+00 -3.574710607528686523e+00
-1.678445458412170410e+00 -1.783398866653442383e+00 -1.698118805885314941e+00 -1.746207237243652344e+00 -1.995396375656127930e+00 -1.531933903694152832e+00 -1.765698194503784180e+00 -1.563290834426879883e+00 -1.560679078102111816e+00 -1.912697434425354004e+00 -1.763215065002441406e+00 -1.918424367904663086e+00 -1.822008132934570312e+00 -2.096332073211669922e+00 -2.339758396148681641e+00 -2.674641370773315430e+00 -2.459378480911254883e+00 -1.759689807891845703e+00 -1.285191416740417480e+00 -2.036983251571655273e+00 -1.791810035705566406e+00 -2.065637588500976562e+00 -2.224709510803222656e+00 -2.112766265869140625e+00 -1.638614773750305176e+00 -1.220578789710998535e+00 -1.209297895431518555e+00 -1.613533854484558105e+00 -2.329611301422119141e+00 -2.463567256927490234e+00 -2.546857833862304688e+00 -2.944696664810180664e+00 -3.141639709472656250e+00 -2.817914724349975586e+00 -2.887326717376708984e+00 -3.103973865509033203e+00 -3.082669973373413086e+00 -3.382676362991333008e+00 -3.250189542770385742e+00 -2.642604351043701172e+00 -2.822613716125488281e+00 -2.593636512756347656e+00 -1.777334213256835938e+00 -1.182723879814147949e+00 -1.369866132736206055e+00 -1.981191635131835938e+00 -2.876327991485595703e+00 -3.446540117263793945e+00 -3.396784782409667969e+00 -3.731295585632324219e+00 -4.348076820373535156e+00 -4.112693786621093750e+00 -4.335787773132324219e+00 -4.405481815338134766e+00 -5.020954132080078125e+00 -5.218956947326660156e+00 -4.975619316101074219e+00 -4.803214550018310547e+00 -5.286314010620117188e+00 -4.694574832916259766e+00 -4.947319030761718750e+00 -5.684865951538085938e+00 -5.841744422912597656e+00 -3.959727287292480469e+00
-1.596924901008605957e+00 -1.721109271049499512e+00 -1.734964370727539062e+00 -1.777665853500366211e+00 -1.813699007034301758e+00 -1.664970278739929199e+00 -1.530722379684448242e+00 -1.631591677665710449e+00 -1.552754282951354980e+00 -1.927644848823547363e+00 -1.948657870292663574e+00 -2.107926368713378906e+00 -1.895300626754760742e+00 -1.897688865661621094e+00 -2.207707166671752930e+00 -2.543923377990722656e+00 -2.400816202163696289e+00 -1.584424018859863281e+00 -1.297683238983154297e+00 -1.919834017753601074e+00 -2.052465677261352539e+00 -2.201042890548706055e+00 -2.482157707214355469e+00 -1.663486123085021973e+00 -1.605763673782348633e+00 -1.025408625602722168e+00 -1.414384841918945312e+00 -1.225577473640441895e+00 -1.732763886451721191e+00 -2.161304235458374023e+00 -2.753601312637329102e+00 -3.053327322006225586e+00 -2.838415145874023438e+00 -2.723690271377563477e+00 -3.775844097137451172e+00 -3.538865089416503906e+00 -3.845718145370483398e+00 -3.333926677703857422e+00 -2.826615571975708008e+00 -3.041918277740478516e+00 -3.060533046722412109e+00 -2.303801536560058594e+00 -1.782325863838195801e+00 -1.359910368919372559e+00 -1.058449029922485352e+00 -2.543270587921142578e+00 -3.096245527267456055e+00 -3.118209123611450195e+00 -3.031835079193115234e+00 -3.844896316528320312e+00 -4.317228317260742188e+00 -4.429151535034179688e+00 -4.443943023681640625e+00 -4.795466899871826172e+00 -4.621909618377685547e+00 -5.449598312377929688e+00 -4.341572761535644531e+00 -4.909738540649414062e+00 -5.567874431610107422e+00 -4.888978481292724609e+00 -4.389616966247558594e+00 -5.353950500488281250e+00 -4.538374423980712891e+00 -4.542434215545654297e+00
-2.236420869827270508e+00 -2.271189212799072266e+00 -2.142976522445678711e+00 -1.814744234085083008e+00 -1.678430199623107910e+00 -2.052519321441650391e+00 -2.080174446105957031e+00 -1.880187630653381348e+00 -2.001294374465942383e+00 -1.814380526542663574e+00 -1.979762434959411621e+00 -1.454069852828979492e+00 -1.681645750999450684e+00 -1.618988513946533203e+00 -2.305425167083740234e+00 -2.677128791809082031e+00 -2.585553646087646484e+00 -1.884707570075988770e+00 -1.295903563499450684e+00 -1.858068823814392090e+00 -1.693041443824768066e+00 -1.710690259933471680e+00 -1.555223107337951660e+00 -1.901571393013000488e+00 -9.393167495727539062e-01 -9.148432612419128418e-01 -1.128298759460449219e+00 -1.218921065330505371e+00 -1.479952096939086914e+00 -2.266679763793945312e+00 -2.988420963287353516e+00 -3.323823213577270508e+00 -3.315581798553466797e+00 -3.291698694229125977e+00 -3.292969703674316406e+00 -3.939382791519165039e+00 -3.953933477401733398e+00 -3.719487190246582031e+00 -3.381109476089477539e+00 -2.722430467605590820e+00 -2.933620929718017578e+00 -2.436455011367797852e+00 -2.058978557586669922e+00 -1.002311706542968750e+00 -9.156377911567687988e-01 -2.892838001251220703e+00 -3.242225885391235352e+00 -3.775278806686401367e+00 -3.452547550201416016e+00 -3.674185037612915039e+00 -4.212087631225585938e+00 -3.896269559860229492e+00 -4.200532436370849609e+00 -4.875592231750488281e+00 -5.126226425170898438e+00 -4.997139453887939453e+00 -5.293924331665039062e+00 -5.587164402008056641e+00 -5.112975597381591797e+00 -4.303781509399414062e+00 -4.360429763793945312e+00 -5.936617851257324219e+00 -5.579248428344726562e+00 -4.397171497344970703e+00
-2.620227336883544922e+00 -2.748473882675170898e+00 -2.785506963729858398e+00 -2.789505720138549805e+00 -2.624618530273437500e+00 -2.796950340270996094e+00 -2.514526605606079102e+00 -1.825623154640197754e+00 -1.695099234580993652e+00 -1.757201671600341797e+00 -1.993856310844421387e+00 -2.018548727035522461e+00 -2.327045917510986328e+00 -2.301678657531738281e+00 -2.260058164596557617e+00 -3.135023593902587891e+00 -3.012390613555908203e+00 -2.009237051010131836e+00 -1.346016526222229004e+00 -2.140841484069824219e+00 -1.735577583312988281e+00 -1.709349393844604492e+00 -1.675427794456481934e+00 -1.823122620582580566e+00 -7.929307222366333008e-01 -1.159124851226806641e+00 -1.096457123756408691e+00 -1.327356934547424316e+00 -2.045312643051147461e+00 -2.542643547058105469e+00 -2.856574296951293945e+00 -3.559053182601928711e+00 -3.555109739303588867e+00 -3.606960296630859375e+00 -3.116044044494628906e+00 -3.693446159362792969e+00 -3.502080202102661133e+00 -3.911746025085449219e+00 -3.341825485229492188e+00 -2.730583906173706055e+00 -2.776024341583251953e+00 -2.082434892654418945e+00 -1.549422025680541992e+00 -1.482241392135620117e+00 -1.398623824119567871e+00 -1.242876052856445312e+00 -3.087024688720703125e+00 -3.555395364761352539e+00 -3.527669429779052734e+00 -3.779614686965942383e+00 -4.054220676422119141e+00 -3.869268178939819336e+00 -3.994858264923095703e+00 -4.426020145416259766e+00 -4.981698989868164062e+00 -5.364193439483642578e+00 -6.198669910430908203e+00 -5.983045101165771484e+00 -5.713379383087158203e+00 -4.956716537475585938e+00 -4.933133602142333984e+00 -4.869693279266357422e+00 -5.668991565704345703e+00 -3.783775806427001953e+00
-2.869879484176635742e+00 -3.182989835739135742e+00 -2.863826751708984375e+00 -2.680935621261596680e+00 -2.616222143173217773e+00 -2.832690715789794922e+00 -2.394735097885131836e+00 -1.777466654777526855e+00 -1.216462850570678711e+00 -1.018520355224609375e+00 -1.446277499198913574e+00 -1.590474247932434082e+00 -2.347214221954345703e+00 -2.854593515396118164e+00 -2.615997791290283203e+00 -2.725370645523071289e+00 -2.719062805175781250e+00 -2.127469301223754883e+00 -1.327280640602111816e+00 -2.064477682113647461e+00 -1.923326373100280762e+00 -2.104599952697753906e+00 -1.803357839584350586e+00 -1.531991004943847656e+00 -1.426794528961181641e+00 -1.122898221015930176e+00 -1.268488764762878418e+00 -1.721243381500244141e+00 -2.247472286224365234e+00 -2.709071159362792969e+00 -2.716152667999267578e+00 -3.437674045562744141e+00 -3.251272916793823242e+00 -3.246259689331054688e+00 -3.062371253967285156e+00 -3.763974189758300781e+00 -3.642465353012084961e+00 -3.775170326232910156e+00 -2.980128765106201172e+00 -2.392536878585815430e+00 -1.972870707511901855e+00 -1.242984175682067871e+00 -2.003990173339843750e+00 -1.904653668403625488e+00 -2.070659875869750977e+00 -1.870774626731872559e+00 -1.938184499740600586e+00 -3.617897510528564453e+00 -3.966501712799072266e+00 -3.909291744232177734e+00 -5.075339794158935547e+00 -4.343435287475585938e+00 -3.854434967041015625e+00 -4.122765064239501953e+00 -5.122349739074707031e+00 -5.425052165985107422e+00 -5.681556224822998047e+00 -5.324489116668701172e+00 -5.975859165191650391e+00 -5.774862766265869141e+00 -6.216836929321289062e+00 -5.609896659851074219e+00 -4.971810817718505859e+00 -3.879422426223754883e+00
-3.085461854934692383e+00 -3.208090305328369141e+00 -2.677983999252319336e+00 -2.770133733749389648e+00 -2.548999309539794922e+00 -2.696548938751220703e+00 -1.768801450729370117e+00 -1.136303305625915527e+00 -1.284511923789978027e+00 -1.031802058219909668e+00 -1.984216690063476562e+00 -1.967867136001586914e+00 -2.197001695632934570e+00 -2.390969276428222656e+00 -2.574194908142089844e+00 -2.615403175354003906e+00 -1.870974779129028320e+00 -1.519693017005920410e+00 -1.567284226417541504e+00 -2.017704963684082031e+00 -2.546785354614257812e+00 -2.246058940887451172e+00 -1.871709465980529785e+00 -1.899473547935485840e+00 -9.610346555709838867e-01 -4.627325832843780518e-01 5.743975639343261719e-01 -6.597483754158020020e-01 -2.281011104583740234e+00 -2.743808031082153320e+00 -2.719301700592041016e+00 -3.384655714035034180e+00 -3.401849746704101562e+00 -2.985130786895751953e+00 -3.528897285461425781e+00 -3.161032438278198242e+00 -4.504304885864257812e+00 -3.898368835449218750e+00 -2.803341627120971680e+00 -2.044402599334716797e+00 -1.593895316123962402e+00 -1.752653002738952637e+00 -2.408018112182617188e+00 -2.272289514541625977e+00 -2.256644487380981445e+00 -2.471660614013671875e+00 -2.166114568710327148e+00 -2.099716186523437500e+00 -3.287431955337524414e+00 -4.424438953399658203e+00 -4.670432567596435547e+00 -4.375437259674072266e+00 -4.423325538635253906e+00 -4.836213111877441406e+00 -4.728778839111328125e+00 -4.736185073852539062e+00 -4.868683815002441406e+00 -5.761953353881835938e+00 -5.850513935089111328e+00 -6.248003482818603516e+00 -6.079509258270263672e+00 -5.751089096069335938e+00 -4.997081756591796875e+00 -4.315354824066162109e+00
-2.649107694625854492e+00 -3.273511171340942383e+00 -3.162095785140991211e+00 -3.005672693252563477e+00 -3.001780271530151367e+00 -2.625946998596191406e+00 -1.745854139328002930e+00 -7.308214306831359863e-01 -6.849676966667175293e-01 -1.079144835472106934e+00 -1.739184498786926270e+00 -1.801001310348510742e+00 -1.950186371803283691e+00 -2.488102674484252930e+00 -2.485087871551513672e+00 -2.374926805496215820e+00 -1.420609235763549805e+00 -1.150054335594177246e+00 -1.318163514137268066e+00 -1.899013400077819824e+00 -2.838140487670898438e+00 -2.311097860336303711e+00 -2.284290075302124023e+00 -1.359377741813659668e+00 -7.609028220176696777e-01 -2.672533392906188965e-01 3.907171189785003662e-01 -4.899508953094482422e-01 -1.715759515762329102e+00 -2.756302118301391602e+00 -2.243271589279174805e+00 -3.206522941589355469e+00 -3.619893312454223633e+00 -3.052996397018432617e+00 -3.365354061126708984e+00 -3.194431543350219727e+00 -4.473897933959960938e+00 -4.839194297790527344e+00 -2.022284984588623047e+00 -1.621823430061340332e+00 -2.014574289321899414e+00 -2.042059421539306641e+00 -1.940983057022094727e+00 -2.047249555587768555e+00 -2.299952268600463867e+00 -2.760749101638793945e+00 -2.802963018417358398e+00 -2.283626079559326172e+00 -2.692366838455200195e+00 -4.755006313323974609e+00 -4.837444782257080078e+00 -4.543488979339599609e+00 -3.712495565414428711e+00 -4.592226982116699219e+00 -4.855390071868896484e+00 -4.618276596069335938e+00 -5.034209728240966797e+00 -5.659414291381835938e+00 -5.459019660949707031e+00 -5.558711051940917969e+00 -5.637989044189453125e+00 -6.019756793975830078e+00 -5.637682437896728516e+00 -3.846531867980957031e+00
-3.495999574661254883e+00 -3.754760503768920898e+00 -3.536459922790527344e+00 -3.384806632995605469e+00 -3.169441223144531250e+00 -2.540380716323852539e+00 -2.294972181320190430e+00 -1.121984481811523438e+00 -6.743428111076354980e-01 -1.237372159957885742e+00 -1.760967016220092773e+00 -1.827099561691284180e+00 -1.813132762908935547e+00 -2.010165691375732422e+00 -2.326423406600952148e+00 -2.055789232254028320e+00 -1.595411896705627441e+00 -1.152365088462829590e+00 -5.036032795906066895e-01 -1.993555188179016113e+00 -2.038173198699951172e+00 -2.536328792572021484e+00 -2.082532167434692383e+00 -1.884223699569702148e+00 -6.008383035659790039e-01 7.884963154792785645e-01 2.106161266565322876e-01 -1.698752284049987793e+00 -1.812579393386840820e+00 -2.527413368225097656e+00 -1.885824441909790039e+00 -3.173539638519287109e+00 -3.194802045822143555e+00 -3.547958612442016602e+00 -3.380278587341308594e+00 -3.507109642028808594e+00 -4.193528652191162109e+00 -3.393916368484497070e+00 -1.914823293685913086e+00 -1.814734816551208496e+00 -1.818048357963562012e+00 -1.653125286102294922e+00 -1.757405161857604980e+00 -1.875510692596435547e+00 -2.318190097808837891e+00 -2.663862705230712891e+00 -3.290571689605712891e+00 -2.542099237442016602e+00 -2.621144771575927734e+00 -3.572743892669677734e+00 -4.611478328704833984e+00 -4.707307338714599609e+00 -4.338327884674072266e+00 -4.575437545776367188e+00 -4.974200248718261719e+00 -4.831223487854003906e+00 -5.357762813568115234e+00 -5.199398994445800781e+00 -6.190927982330322266e+00 -5.786664485931396484e+00 -5.798076629638671875e+00 -6.813678264617919922e+00 -5.611088752746582031e+00 -3.957320690155029297e+00
-3.244772434234619141e+00 -3.893885850906372070e+00 -3.473067045211791992e+00 -3.004055023193359375e+00 -3.084402084350585938e+00 -2.781540155410766602e+00 -2.320388078689575195e+00 -1.494685769081115723e+00 -1.014256715774536133e+00 -1.063538551330566406e+00 -1.263357281684875488e+00 -1.380308270454406738e+00 -1.077016830444335938e+00 -1.707896709442138672e+00 -1.850145936012268066e+00 -1.485816359519958496e+00 -1.417412519454956055e+00 -9.014712572097778320e-01 -7.974656820297241211e-01 -1.318174242973327637e+00 -2.170259714126586914e+00 -2.554857969284057617e+00 -2.020539999008178711e+00 -1.283737182617187500e+00 -7.164873480796813965e-01 8.350787162780761719e-01 7.205741405487060547e-01 -1.534678459167480469e+00 -1.404473423957824707e+00 -1.574057459831237793e+00 -1.641790270805358887e+00 -3.257106065750122070e+00 -3.157060146331787109e+00 -3.536326408386230469e+00 -3.910559892654418945e+00 -3.632040262222290039e+00 -3.446675300598144531e+00 -2.617577075958251953e+00 -2.124479770660400391e+00 -2.210071802139282227e+00 -2.167210578918457031e+00 -1.655932188034057617e+00 -1.523364901542663574e+00 -1.750427246093750000e+00 -2.267757654190063477e+00 -2.709446668624877930e+00 -2.697999238967895508e+00 -2.477541923522949219e+00 -2.648853302001953125e+00 -2.757188558578491211e+00 -3.970468997955322266e+00 -3.709119558334350586e+00 -4.654447555541992188e+00 -4.958673954010009766e+00 -5.445276260375976562e+00 -4.636783599853515625e+00 -5.474414348602294922e+00 -5.276578903198242188e+00 -6.021852493286132812e+00 -6.044924259185791016e+00 -6.447617530822753906e+00 -5.811172962188720703e+00 -5.859972000122070312e+00 -4.049074649810791016e+00
-3.688908576965332031e+00 -3.517474412918090820e+00 -3.203797817230224609e+00 -3.029359340667724609e+00 -3.072377443313598633e+00 -2.760070800781250000e+00 -2.641811847686767578e+00 -1.645102620124816895e+00 -7.429807782173156738e-01 -3.358196020126342773e-01 -7.698279023170471191e-01 -1.240252614021301270e+00 -1.341693758964538574e+00 -1.602579951286315918e+00 -1.780151963233947754e+00 -1.558161258697509766e+00 -1.362869024276733398e+00 -1.030786752700805664e+00 -7.217031121253967285e-01 -7.991808652877807617e-01 -1.675533175468444824e+00 -2.107034683227539062e+00 -1.890673518180847168e+00 -1.598760008811950684e+00 -6.921009421348571777e-01 7.154301404953002930e-01 5.305015444755554199e-01 -1.525697588920593262e+00 -2.213732481002807617e+00 -1.651551961898803711e+00 -1.549547433853149414e+00 -2.561498403549194336e+00 -3.160480260848999023e+00 -3.707806110382080078e+00 -3.817861080169677734e+00 -3.735812664031982422e+00 -3.616692543029785156e+00 -2.161568641662597656e+00 -2.458593368530273438e+00 -2.123895883560180664e+00 -2.011887311935424805e+00 -1.607179880142211914e+00 -1.229397654533386230e+00 -1.414926290512084961e+00 -1.634387373924255371e+00 -2.438986778259277344e+00 -2.522079229354858398e+00 -2.420253276824951172e+00 -2.572092533111572266e+00 -2.518587589263916016e+00 -4.101488113403320312e+00 -4.537850379943847656e+00 -4.462219715118408203e+00 -5.054354190826416016e+00 -5.057473659515380859e+00 -4.951718807220458984e+00 -5.033443927764892578e+00 -5.156096458435058594e+00 -6.494027137756347656e+00 -5.714291572570800781e+00 -6.110444545745849609e+00 -5.150457382202148438e+00 -5.552830696105957031e+00 -4.215190887451171875e+00
-3.816928863525390625e+00 -3.754993438720703125e+00 -3.022066593170166016e+00 -3.058552742004394531e+00 -2.912321805953979492e+00 -2.970485210418701172e+00 -2.046136617660522461e+00 -1.326534271240234375e+00 -6.144617199897766113e-01 -4.195934832096099854e-01 -6.547392010688781738e-01 -8.529731035232543945e-01 -1.012401819229125977e+00 -1.275002837181091309e+00 -1.954631447792053223e+00 -1.604993700981140137e+00 -1.306076645851135254e+00 -1.221024513244628906e+00 -7.495682239532470703e-01 -4.834256172180175781e-01 -6.515430212020874023e-01 -1.965098023414611816e+00 -1.850144267082214355e+00 -1.354084134101867676e+00 -1.157582759857177734e+00 4.785717129707336426e-01 7.774827480316162109e-01 -1.118684291839599609e+00 -1.492397785186767578e+00 -1.942597746849060059e+00 -1.410247087478637695e+00 -2.459115028381347656e+00 -3.625121831893920898e+00 -3.709723949432373047e+00 -4.403841495513916016e+00 -3.750896692276000977e+00 -3.699640750885009766e+00 -1.976655483245849609e+00 -1.789644122123718262e+00 -2.151962995529174805e+00 -2.110232591629028320e+00 -1.839434742927551270e+00 -1.307309985160827637e+00 -1.079973816871643066e+00 -1.740211129188537598e+00 -1.988540291786193848e+00 -2.328231096267700195e+00 -2.377991199493408203e+00 -2.487200021743774414e+00 -2.390958309173583984e+00 -2.954026222229003906e+00 -4.130574226379394531e+00 -3.679291248321533203e+00 -4.342413902282714844e+00 -4.464783191680908203e+00 -5.434121608734130859e+00 -4.764093399047851562e+00 -5.270308017730712891e+00 -4.979079246520996094e+00 -5.787544727325439453e+00 -5.497518539428710938e+00 -6.038093566894531250e+00 -5.719422817230224609e+00 -4.093606948852539062e+00
-3.781645298004150391e+00 -3.156419754028320312e+00 -2.760727882385253906e+00 -2.929315090179443359e+00 -2.872437238693237305e+00 -2.494239330291748047e+00 -1.928761482238769531e+00 -1.323258876800537109e+00 -4.021477699279785156e-01 -3.284656405448913574e-01 -8.044590950012207031e-01 -1.224185943603515625e+00 -1.211956739425659180e+00 -1.425923824310302734e+00 -1.858904957771301270e+00 -1.341830253601074219e+00 -1.014971613883972168e+00 -1.312880635261535645e+00 -1.278130769729614258e+00 -9.079405665397644043e-01 -6.684406995773315430e-01 -1.278229594230651855e+00 -1.382709503173828125e+00 -1.036962747573852539e+00 -1.294553637504577637e+00 7.029915452003479004e-01 2.942148149013519287e-01 -1.441186904907226562e+00 -1.707872986793518066e+00 -1.948530316352844238e+00 -2.148096561431884766e+00 -2.379231214523315430e+00 -3.025389194488525391e+00 -3.983614206314086914e+00 -4.314567089080810547e+00 -4.480702877044677734e+00 -2.480331182479858398e+00 -2.235194444656372070e+00 -2.016302585601806641e+00 -2.263017654418945312e+00 -2.175229787826538086e+00 -1.698570847511291504e+00 -1.674628019332885742e+00 -1.523806691169738770e+00 -1.416608333587646484e+00 -1.731884837150573730e+00 -1.795996189117431641e+00 -2.216833591461181641e+00 -2.567170143127441406e+00 -2.845409870147705078e+00 -3.063395023345947266e+00 -2.824496030807495117e+00 -3.515848159790039062e+00 -3.936201810836791992e+00 -4.380396842956542969e+00 -4.898715972900390625e+00 -4.638949394226074219e+00 -5.223582744598388672e+00 -5.691446781158447266e+00 -5.790177345275878906e+00 -6.179582118988037109e+00 -5.888384342193603516e+00 -5.901298999786376953e+00 -4.325550556182861328e+00
-3.652943372726440430e+00 -3.350179910659790039e+00 -3.150159120559692383e+00 -2.634920597076416016e+00 -2.896281003952026367e+00 -2.353952169418334961e+00 -1.768512129783630371e+00 -1.044439077377319336e+00 -5.615069270133972168e-01 -9.687119722366333008e-01 -1.020308732986450195e+00 -9.941490292549133301e-01 -1.253826141357421875e+00 -1.362235546112060547e+00 -1.592288613319396973e+00 -1.033226370811462402e+00 -1.062366843223571777e+00 -1.034507393836975098e+00 -1.537702322006225586e+00 -6.711987853050231934e-01 -5.766449570655822754e-01 -7.086886763572692871e-01 -1.238952159881591797e+00 -1.445671796798706055e+00 -6.558152437210083008e-01 4.803732037544250488e-01 5.179153084754943848e-01 -8.850106596946716309e-01 -1.895325064659118652e+00 -1.534771323204040527e+00 -1.717716813087463379e+00 -1.883131861686706543e+00 -2.821709394454956055e+00 -4.088154792785644531e+00 -4.579632759094238281e+00 -3.007456541061401367e+00 -2.654142856597900391e+00 -2.807464599609375000e+00 -2.621284008026123047e+00 -2.518395662307739258e+00 -2.125151157379150391e+00 -2.035090684890747070e+00 -2.103242158889770508e+00 -1.703854441642761230e+00 -1.698212981224060059e+00 -1.736986398696899414e+00 -2.215109109878540039e+00 -1.985782146453857422e+00 -2.495926618576049805e+00 -3.094023466110229492e+00 -3.098383665084838867e+00 -3.419013977050781250e+00 -3.145969152450561523e+00 -3.787930011749267578e+00 -4.828485012054443359e+00 -5.392756462097167969e+00 -4.597051143646240234e+00 -5.123323440551757812e+00 -6.033784389495849609e+00 -5.063861370086669922e+00 -5.673462867736816406e+00 -5.541315078735351562e+00 -5.192266464233398438e+00 -4.508383750915527344e+00
-3.177141666412353516e+00 -2.972834110260009766e+00 -2.565167903900146484e+00 -2.454412221908569336e+00 -2.648054838180541992e+00 -2.101236343383789062e+00 -1.749980330467224121e+00 -8.576703071594238281e-01 -5.366163253784179688e-01 -6.141764521598815918e-01 -9.803756475448608398e-01 -1.003383398056030273e+00 -1.163899421691894531e+00 -1.033250808715820312e+00 -1.149223327636718750e+00 -6.538417935371398926e-01 -7.728583216667175293e-01 -9.489275813102722168e-01 -6.473463177680969238e-01 -3.385759592056274414e-01 -1.406165808439254761e-01 -3.277943730354309082e-01 -1.172267436981201172e+00 -1.643629193305969238e+00 -4.927841126918792725e-01 1.021174311637878418e+00 9.552142620086669922e-01 1.213812828063964844e-01 -1.732110738754272461e+00 -1.747778296470642090e+00 -1.979891300201416016e+00 -2.141614437103271484e+00 -1.901585340499877930e+00 -3.445051670074462891e+00 -3.221686601638793945e+00 -3.116511583328247070e+00 -3.151731967926025391e+00 -2.395337820053100586e+00 -2.489847421646118164e+00 -2.637293815612792969e+00 -2.605449199676513672e+00 -2.675386190414428711e+00 -2.754993677139282227e+00 -2.361502885818481445e+00 -1.986803650856018066e+00 -1.978241562843322754e+00 -1.951517581939697266e+00 -2.451830863952636719e+00 -2.753016233444213867e+00 -2.727478742599487305e+00 -3.006530761718750000e+00 -3.370600700378417969e+00 -3.918643236160278320e+00 -3.257037639617919922e+00 -4.477582931518554688e+00 -5.539062500000000000e+00 -4.871821880340576172e+00 -5.182791233062744141e+00 -5.290901660919189453e+00 -5.260761260986328125e+00 -5.432139873504638672e+00 -5.144941806793212891e+00 -5.076713562011718750e+00 -4.265975952148437500e+00
-3.151061773300170898e+00 -3.003229141235351562e+00 -2.396650314331054688e+00 -2.517382860183715820e+00 -2.584094285964965820e+00 -1.974731326103210449e+00 -1.395775794982910156e+00 -1.008208751678466797e+00 -5.054987072944641113e-01 -5.077781677246093750e-01 -1.078845739364624023e+00 -1.187380313873291016e+00 -1.259675979614257812e+00 -1.107329010963439941e+00 -9.730657935142517090e-01 -7.077065706253051758e-01 -5.543491840362548828e-01 -1.040531516075134277e+00 -5.269065499305725098e-01 -1.511373277753591537e-02 -4.370397329330444336e-02 -4.226081967353820801e-01 -6.228005886077880859e-01 -9.690699577331542969e-01 4.932117164134979248e-01 8.328508138656616211e-01 6.568017005920410156e-01 3.282682001590728760e-01 -1.296289324760437012e+00 -1.224033951759338379e+00 -1.480697393417358398e+00 -1.484250664710998535e+00 -2.458420991897583008e+00 -2.327559709548950195e+00 -1.938568830490112305e+00 -2.460525274276733398e+00 -2.700792789459228516e+00 -2.125890254974365234e+00 -2.323877334594726562e+00 -2.967870950698852539e+00 -2.699049949645996094e+00 -2.912480354309082031e+00 -2.934303998947143555e+00 -2.892573833465576172e+00 -2.647520065307617188e+00 -2.140926599502563477e+00 -3.035231828689575195e+00 -3.168650627136230469e+00 -2.742490530014038086e+00 -2.500446081161499023e+00 -3.221125364303588867e+00 -3.584306240081787109e+00 -3.019837856292724609e+00 -3.387564182281494141e+00 -3.036578178405761719e+00 -4.585179805755615234e+00 -4.672417163848876953e+00 -5.466721534729003906e+00 -6.104578018188476562e+00 -5.814304828643798828e+00 -4.701368331909179688e+00 -5.491691589355468750e+00 -5.018628120422363281e+00 -4.799736976623535156e+00
-3.140974998474121094e+00 -2.211897373199462891e+00 -2.604220151901245117e+00 -1.917651414871215820e+00 -2.556048154830932617e+00 -1.577320694923400879e+00 -1.314746260643005371e+00 -7.605692148208618164e-01 -2.291768640279769897e-01 -4.006595909595489502e-01 -1.079953908920288086e+00 -1.000153779983520508e+00 -6.686775684356689453e-01 -7.928253412246704102e-01 -8.593595623970031738e-01 -7.702524065971374512e-01 -6.624265313148498535e-01 -8.366100788116455078e-01 -4.642361700534820557e-01 -1.752131618559360504e-03 -9.270570427179336548e-02 -1.545600146055221558e-01 -4.589485824108123779e-01 -6.052519679069519043e-01 4.957308471202850342e-01 6.818010807037353516e-01 1.134331822395324707e+00 3.156205117702484131e-01 -1.572237133979797363e+00 -1.016943573951721191e+00 -1.002662062644958496e+00 -1.174776673316955566e+00 -2.632444381713867188e+00 -2.270155191421508789e+00 -2.469689369201660156e+00 -2.072154045104980469e+00 -2.320260047912597656e+00 -2.745869636535644531e+00 -2.661056280136108398e+00 -2.928654670715332031e+00 -2.735480070114135742e+00 -2.997694492340087891e+00 -3.217921018600463867e+00 -3.025356531143188477e+00 -3.221927642822265625e+00 -3.295122146606445312e+00 -3.274087667465209961e+00 -3.283277511596679688e+00 -3.002825260162353516e+00 -2.860967397689819336e+00 -3.707379341125488281e+00 -3.608721971511840820e+00 -3.737396717071533203e+00 -3.382426023483276367e+00 -3.842076539993286133e+00 -3.564154863357543945e+00 -5.194025993347167969e+00 -5.522146701812744141e+00 -5.842776298522949219e+00 -5.949079990386962891e+00 -6.060438156127929688e+00 -5.378792285919189453e+00 -4.966802120208740234e+00 -4.779738426208496094e+00
-3.183511257171630859e+00 -2.035098552703857422e+00 -2.084079742431640625e+00 -2.414738893508911133e+00 -2.024214506149291992e+00 -1.539192438125610352e+00 -1.335810303688049316e+00 -6.208998560905456543e-01 -2.356955260038375854e-01 -4.366780221462249756e-01 -1.015396952629089355e+00 -9.717662334442138672e-01 -8.664815425872802734e-01 -8.664863109588623047e-01 -8.165957331657409668e-01 -7.022346854209899902e-01 -6.683739423751831055e-01 4.177931547164916992e-01 3.179787658154964447e-03 3.427504599094390869e-01 -1.560816913843154907e-01 -2.996138930320739746e-01 -1.483401283621788025e-02 -1.810404285788536072e-02 2.610598206520080566e-01 1.023461699485778809e+00 6.938260197639465332e-01 2.949574887752532959e-01 -1.445943117141723633e+00 -1.496534466743469238e+00 -1.637202024459838867e+00 -1.044822692871093750e+00 -1.409836649894714355e+00 -2.121123552322387695e+00 -2.342683792114257812e+00 -2.326417922973632812e+00 -2.884750366210937500e+00 -2.901989459991455078e+00 -3.123050451278686523e+00 -3.200961828231811523e+00 -3.244350433349609375e+00 -3.397877216339111328e+00 -3.105760097503662109e+00 -2.900164365768432617e+00 -3.219423055648803711e+00 -3.281980991363525391e+00 -3.699704408645629883e+00 -3.326942920684814453e+00 -3.394081592559814453e+00 -3.356176137924194336e+00 -3.884546518325805664e+00 -3.520563125610351562e+00 -3.278307914733886719e+00 -3.865975141525268555e+00 -4.238171577453613281e+00 -4.146880626678466797e+00 -4.823539257049560547e+00 -5.239299774169921875e+00 -6.588269233703613281e+00 -6.235108852386474609e+00 -5.865637779235839844e+00 -5.915583133697509766e+00 -4.621332645416259766e+00 -4.770215988159179688e+00
-3.084606170654296875e+00 -2.163173198699951172e+00 -2.207982540130615234e+00 -2.226212024688720703e+00 -1.816318035125732422e+00 -1.352629423141479492e+00 -9.716122150421142578e-01 -6.857917904853820801e-01 -3.177570104598999023e-01 -6.289671659469604492e-01 -9.646694064140319824e-01 -8.527980446815490723e-01 -8.497111201286315918e-01 -7.605900168418884277e-01 -8.705258965492248535e-01 -1.079859256744384766e+00 -5.785698294639587402e-01 6.795784831047058105e-01 5.553318187594413757e-04 4.082890152931213379e-01 2.019921839237213135e-01 -1.068591177463531494e-01 2.126432657241821289e-01 -2.901824116706848145e-01 4.964269697666168213e-01 8.534083962440490723e-01 7.990306615829467773e-01 -1.076065152883529663e-01 -1.752702116966247559e+00 -1.607301354408264160e+00 -1.553643107414245605e+00 -1.445320367813110352e+00 -1.200572133064270020e+00 -2.329593896865844727e+00 -2.468857288360595703e+00 -2.359749555587768555e+00 -2.735630989074707031e+00 -3.388457775115966797e+00 -2.985148668289184570e+00 -3.568572282791137695e+00 -3.468137502670288086e+00 -3.018882513046264648e+00 -3.197202920913696289e+00 -2.649188041687011719e+00 -2.907830715179443359e+00 -3.296527624130249023e+00 -3.784392118453979492e+00 -3.565256834030151367e+00 -3.219944000244140625e+00 -3.606012582778930664e+00 -3.489879131317138672e+00 -3.819156408309936523e+00 -3.930237531661987305e+00 -3.958192110061645508e+00 -4.043057918548583984e+00 -4.269117355346679688e+00 -4.214772224426269531e+00 -5.327583312988281250e+00 -5.987105369567871094e+00 -5.988506793975830078e+00 -5.327238559722900391e+00 -5.453302383422851562e+00 -5.053895473480224609e+00 -4.854734897613525391e+00
-3.538800001144409180e+00 -2.591361045837402344e+00 -2.102903604507446289e+00 -2.120360612869262695e+00 -1.787764668464660645e+00 -1.359310030937194824e+00 -6.568516492843627930e-01 -5.199418067932128906e-01 -5.148100852966308594e-01 -4.280489385128021240e-01 -4.924744069576263428e-01 -9.015672206878662109e-01 -8.005462884902954102e-01 -7.210155129432678223e-01 -6.329354643821716309e-01 -9.789670705795288086e-01 7.650182396173477173e-02 4.532663524150848389e-01 3.856254220008850098e-01 1.891802698373794556e-01 1.190273184329271317e-02 7.223660498857498169e-02 4.052785336971282959e-01 4.618559479713439941e-01 6.735866069793701172e-01 1.029068470001220703e+00 1.171884775161743164e+00 3.619709312915802002e-01 -1.405012369155883789e+00 -1.628080368041992188e+00 -1.398599267005920410e+00 -1.400169491767883301e+00 -1.731085300445556641e+00 -2.035848379135131836e+00 -2.975692510604858398e+00 -3.020013332366943359e+00 -2.721107006072998047e+00 -2.897289276123046875e+00 -3.205301523208618164e+00 -3.288119316101074219e+00 -2.810227394104003906e+00 -3.181506872177124023e+00 -3.239742994308471680e+00 -3.138353109359741211e+00 -3.165879011154174805e+00 -3.729402542114257812e+00 -3.262196302413940430e+00 -4.198377609252929688e+00 -3.460860490798950195e+00 -3.366375207901000977e+00 -3.111984014511108398e+00 -3.705920219421386719e+00 -3.632731914520263672e+00 -3.440312623977661133e+00 -3.532809495925903320e+00 -4.082085609436035156e+00 -4.059653759002685547e+00 -5.103867053985595703e+00 -5.374597072601318359e+00 -5.603643894195556641e+00 -5.438215732574462891e+00 -5.969363689422607422e+00 -5.710202217102050781e+00 -5.125487327575683594e+00
-3.034307718276977539e+00 -2.170559167861938477e+00 -1.725129008293151855e+00 -1.755103230476379395e+00 -1.457430362701416016e+00 -1.376700401306152344e+00 -9.610936045646667480e-01 -4.647877216339111328e-01 -4.867350161075592041e-01 -5.118516087532043457e-01 -8.646588921546936035e-01 -5.244287252426147461e-01 -4.916715025901794434e-01 -7.332772016525268555e-01 -5.864168405532836914e-01 -5.646145343780517578e-01 3.005911037325859070e-02 1.894603520631790161e-01 3.274600207805633545e-01 -1.162230446934700012e-01 -2.929074466228485107e-01 -1.934969574213027954e-01 2.050027623772621155e-02 3.803397417068481445e-01 4.208494722843170166e-01 9.274535179138183594e-01 1.038003325462341309e+00 6.881170868873596191e-01 -1.137887954711914062e+00 -1.479914784431457520e+00 -9.010838270187377930e-01 -1.448319196701049805e+00 -2.171460390090942383e+00 -1.515771150588989258e+00 -2.618035554885864258e+00 -2.708715677261352539e+00 -2.765919446945190430e+00 -3.098667144775390625e+00 -3.522179365158081055e+00 -3.461669206619262695e+00 -3.135556459426879883e+00 -3.338111400604248047e+00 -3.807034969329833984e+00 -3.305032968521118164e+00 -3.374533891677856445e+00 -4.113947391510009766e+00 -3.901161670684814453e+00 -4.262873649597167969e+00 -3.464407920837402344e+00 -3.396404504776000977e+00 -3.479963541030883789e+00 -3.423436164855957031e+00 -3.468958616256713867e+00 -3.437932729721069336e+00 -3.306588888168334961e+00 -3.824746131896972656e+00 -4.076754093170166016e+00 -5.146760463714599609e+00 -5.679815769195556641e+00 -4.919869899749755859e+00 -6.598134040832519531e+00 -5.226224899291992188e+00 -4.628646373748779297e+00 -4.807410240173339844e+00
-2.819901466369628906e+00 -2.264080524444580078e+00 -2.109156131744384766e+00 -1.643702030181884766e+00 -1.495365619659423828e+00 -1.380722761154174805e+00 -9.660421609878540039e-01 -6.275755167007446289e-01 -5.249149203300476074e-01 -7.498210668563842773e-01 -1.064923167228698730e+00 -1.144807100296020508e+00 -1.173101186752319336e+00 -7.645832300186157227e-01 -8.691714406013488770e-01 -1.029550433158874512e+00 -1.371405273675918579e-01 4.845921695232391357e-01 8.002670407295227051e-01 -2.195177078247070312e-01 -3.518394529819488525e-01 -4.490413069725036621e-01 4.940780699253082275e-01 5.452433228492736816e-01 9.603944420814514160e-01 8.870986104011535645e-01 1.012355566024780273e+00 5.352399349212646484e-01 -1.542930006980895996e+00 -1.796242356300354004e+00 -9.769483804702758789e-01 -5.157725811004638672e-01 -2.103303432464599609e+00 -2.573596477508544922e+00 -2.427205801010131836e+00 -2.798736572265625000e+00 -3.094814538955688477e+00 -3.716009855270385742e+00 -3.795481204986572266e+00 -3.002173185348510742e+00 -3.153384923934936523e+00 -3.518800258636474609e+00 -3.805806636810302734e+00 -3.224043369293212891e+00 -3.572021722793579102e+00 -3.902000188827514648e+00 -4.012774467468261719e+00 -3.470071077346801758e+00 -3.558235406875610352e+00 -3.613530158996582031e+00 -3.730664730072021484e+00 -3.862152576446533203e+00 -2.853785276412963867e+00 -3.165394306182861328e+00 -3.086896181106567383e+00 -3.469269037246704102e+00 -3.707973957061767578e+00 -4.246661663055419922e+00 -5.545938014984130859e+00 -6.110688209533691406e+00 -5.718096733093261719e+00 -5.487975597381591797e+00 -4.474616050720214844e+00 -5.156680107116699219e+00
-3.009603261947631836e+00 -2.154128313064575195e+00 -1.857771873474121094e+00 -1.480708360671997070e+00 -1.191356658935546875e+00 -1.291168808937072754e+00 -7.386491298675537109e-01 -5.302240848541259766e-01 -3.684660494327545166e-01 -7.707275748252868652e-01 -1.195619583129882812e+00 -1.195385098457336426e+00 -1.038512229919433594e+00 -1.009829044342041016e+00 -9.943886995315551758e-01 -9.370432496070861816e-01 -1.643989235162734985e-02 4.970562756061553955e-01 6.164176464080810547e-01 9.000238031148910522e-02 5.831336230039596558e-02 -3.439444601535797119e-01 3.159058988094329834e-01 5.157935619354248047e-01 3.643000125885009766e-01 9.898887872695922852e-01 9.661159515380859375e-01 7.068933844566345215e-01 -1.315733671188354492e+00 -1.813052296638488770e+00 -1.015931248664855957e+00 -4.387926757335662842e-01 -2.030696868896484375e+00 -1.968361020088195801e+00 -2.084074974060058594e+00 -2.168275117874145508e+00 -3.335049867630004883e+00 -3.442757606506347656e+00 -3.638293981552124023e+00 -3.222227573394775391e+00 -3.036015272140502930e+00 -2.981239795684814453e+00 -3.323848962783813477e+00 -3.127192020416259766e+00 -3.218234539031982422e+00 -3.705295562744140625e+00 -3.529523849487304688e+00 -3.173444032669067383e+00 -3.171944379806518555e+00 -3.481550455093383789e+00 -3.533487796783447266e+00 -4.102342605590820312e+00 -3.412720441818237305e+00 -3.317442655563354492e+00 -3.196272373199462891e+00 -3.476871252059936523e+00 -3.529769182205200195e+00 -3.734243154525756836e+00 -4.833232879638671875e+00 -5.498834609985351562e+00 -6.074491977691650391e+00 -6.027260303497314453e+00 -5.100704669952392578e+00 -4.725449562072753906e+00
-2.492829799652099609e+00 -1.702633500099182129e+00 -1.272858500480651855e+00 -1.600003361701965332e+00 -1.180750846862792969e+00 -9.042880535125732422e-01 -4.819967150688171387e-01 -8.387672156095504761e-02 1.642286032438278198e-01 -6.774266064167022705e-02 -4.042607843875885010e-01 -7.578750252723693848e-01 -1.153542399406433105e+00 -8.794984817504882812e-01 -9.462217092514038086e-01 -6.139066815376281738e-01 -3.124663829803466797e-01 4.991121590137481689e-01 4.362449049949645996e-01 1.611485928297042847e-01 1.642100512981414795e-01 -3.818414360284805298e-02 5.091020464897155762e-01 1.584818214178085327e-01 3.241735100746154785e-01 9.683510065078735352e-01 1.130198240280151367e+00 7.058007121086120605e-01 3.123043477535247803e-01 -1.239431858062744141e+00 -9.303410053253173828e-01 -7.058036923408508301e-01 -2.022817134857177734e+00 -2.502844810485839844e+00 -2.275042057037353516e+00 -2.694434165954589844e+00 -3.485722780227661133e+00 -3.386974334716796875e+00 -2.988260507583618164e+00 -2.951761007308959961e+00 -3.190748691558837891e+00 -3.222579240798950195e+00 -3.513717412948608398e+00 -3.269615411758422852e+00 -3.399921178817749023e+00 -3.390424489974975586e+00 -3.651529073715209961e+00 -3.387120723724365234e+00 -3.777925014495849609e+00 -3.324958086013793945e+00 -3.841356515884399414e+00 -3.348727464675903320e+00 -2.848924160003662109e+00 -3.020373582839965820e+00 -3.085196018218994141e+00 -3.098202466964721680e+00 -3.468876123428344727e+00 -4.044845104217529297e+00 -4.892005443572998047e+00 -5.427279472351074219e+00 -6.283238410949707031e+00 -5.361768245697021484e+00 -4.662772655487060547e+00 -3.921781063079833984e+00
-2.237898826599121094e+00 -1.996662497520446777e+00 -1.320832133293151855e+00 -1.595157861709594727e+00 -1.144137501716613770e+00 -6.820001006126403809e-01 -5.224173665046691895e-01 1.520058214664459229e-01 -1.884756833314895630e-01 7.605115883052349091e-03 -4.106616675853729248e-01 -5.163894295692443848e-01 -7.492517828941345215e-01 -4.242778718471527100e-01 -5.376494526863098145e-01 -6.693238615989685059e-01 -4.816942214965820312e-01 5.959678888320922852e-01 5.924401879310607910e-01 3.376780450344085693e-01 -9.289319813251495361e-02 -9.982855618000030518e-02 2.261945605278015137e-01 6.389302015304565430e-01 8.390579819679260254e-01 1.346132159233093262e+00 9.269576668739318848e-01 9.509948492050170898e-01 7.067525982856750488e-01 -1.182258605957031250e+00 -5.776177048683166504e-01 -7.450084686279296875e-01 -1.559130191802978516e+00 -1.827299594879150391e+00 -1.784079074859619141e+00 -2.974454402923583984e+00 -3.539716005325317383e+00 -2.883059740066528320e+00 -3.218654632568359375e+00 -2.248880386352539062e+00 -3.053120136260986328e+00 -2.858566999435424805e+00 -3.481054782867431641e+00 -3.451856613159179688e+00 -3.875961542129516602e+00 -3.534970998764038086e+00 -3.696284770965576172e+00 -3.672009706497192383e+00 -3.960025310516357422e+00 -3.580656766891479492e+00 -3.480936527252197266e+00 -3.558306455612182617e+00 -4.137652873992919922e+00 -3.392190456390380859e+00 -3.007599115371704102e+00 -3.150094747543334961e+00 -3.584968328475952148e+00 -4.146851539611816406e+00 -5.094798088073730469e+00 -4.765482902526855469e+00 -5.310336589813232422e+00 -5.392493247985839844e+00 -4.886318683624267578e+00 -4.127933025360107422e+00
-2.340657949447631836e+00 -1.577418804168701172e+00 -1.147735476493835449e+00 -1.259667634963989258e+00 -9.955710768699645996e-01 -8.886528015136718750e-01 7.658403366804122925e-02 7.158707976341247559e-01 5.008963942527770996e-01 -3.571425080299377441e-01 -6.830425858497619629e-01 -3.377767503261566162e-01 -2.702522575855255127e-01 -3.916302323341369629e-01 -6.906449794769287109e-01 -6.911619305610656738e-01 6.213791668415069580e-02 3.826982975006103516e-01 7.983128428459167480e-01 3.914512693881988525e-01 8.366259746253490448e-03 -1.877746284008026123e-01 5.301751941442489624e-02 1.289689242839813232e-01 6.658377647399902344e-01 1.383172273635864258e+00 8.096616864204406738e-01 1.084420084953308105e+00 3.813125789165496826e-01 7.139362394809722900e-02 1.336359977722167969e-01 -5.124408602714538574e-01 -1.386401772499084473e+00 -1.836899042129516602e+00 -2.051439762115478516e+00 -2.057952404022216797e+00 -2.668251514434814453e+00 -3.467968940734863281e+00 -3.258630514144897461e+00 -2.610110759735107422e+00 -2.963508605957031250e+00 -3.197677850723266602e+00 -3.352306842803955078e+00 -3.522446632385253906e+00 -3.624733924865722656e+00 -3.543169498443603516e+00 -3.912240743637084961e+00 -3.664645195007324219e+00 -3.600704908370971680e+00 -4.054608821868896484e+00 -4.132853507995605469e+00 -3.759413719177246094e+00 -3.943925619125366211e+00 -3.287323236465454102e+00 -3.477211475372314453e+00 -3.229588270187377930e+00 -3.138160228729248047e+00 -4.323443412780761719e+00 -5.268893718719482422e+00 -4.516121387481689453e+00 -4.515263080596923828e+00 -5.108280658721923828e+00 -5.698661327362060547e+00 -4.233904838562011719e+00
-1.830809473991394043e+00 -1.247212409973144531e+00 -1.458421826362609863e+00 -1.228389859199523926e+00 -9.932233691215515137e-01 -8.008102178573608398e-01 -3.036505281925201416e-01 6.354541182518005371e-01 4.529018402099609375e-01 -5.935411900281906128e-02 -4.914023280143737793e-01 -1.305117309093475342e-01 2.090787738561630249e-01 -5.109395384788513184e-01 -5.078925490379333496e-01 -6.743603348731994629e-01 -3.099695220589637756e-02 6.745030879974365234e-01 6.789696216583251953e-01 9.968537837266921997e-02 1.418523341417312622e-01 -6.064627319574356079e-02 2.027041465044021606e-01 1.191137582063674927e-01 8.077063560485839844e-01 1.539546608924865723e+00 8.642940521240234375e-01 8.673962354660034180e-01 7.246360182762145996e-01 4.927213490009307861e-01 1.203658133745193481e-01 -6.182049512863159180e-01 -1.194331765174865723e+00 -1.931990861892700195e+00 -2.172402381896972656e+00 -2.101278305053710938e+00 -2.452400207519531250e+00 -2.634994983673095703e+00 -2.596775293350219727e+00 -2.488533496856689453e+00 -2.898869037628173828e+00 -2.972903490066528320e+00 -3.118622541427612305e+00 -3.150363922119140625e+00 -3.891552448272705078e+00 -3.409062623977661133e+00 -3.208895683288574219e+00 -3.571306467056274414e+00 -3.800437927246093750e+00 -3.604527711868286133e+00 -4.024002552032470703e+00 -3.978961944580078125e+00 -3.723350286483764648e+00 -3.154093742370605469e+00 -3.698519706726074219e+00 -3.532137155532836914e+00 -3.296395540237426758e+00 -3.747091054916381836e+00 -4.362436294555664062e+00 -3.981970071792602539e+00 -4.737311363220214844e+00 -4.370622158050537109e+00 -4.288810253143310547e+00 -4.481087684631347656e+00
-1.925560832023620605e+00 -1.687095999717712402e+00 -1.503618836402893066e+00 -9.107054471969604492e-01 -1.030999779701232910e+00 -1.034372448921203613e+00 -6.784318089485168457e-01 4.638145267963409424e-01 4.690772593021392822e-01 -2.432154119014739990e-02 -3.753240406513214111e-01 -1.937015801668167114e-01 -1.193099096417427063e-02 -1.976860910654067993e-01 -7.316896319389343262e-01 -6.291251778602600098e-01 3.618283942341804504e-02 4.529558718204498291e-01 3.826041817665100098e-01 4.372208118438720703e-01 -1.595105677843093872e-01 1.618044227361679077e-01 2.373892068862915039e-01 4.221326410770416260e-01 1.042334437370300293e+00 9.342891573905944824e-01 7.142830491065979004e-01 7.852963805198669434e-01 8.101176619529724121e-01 8.019219040870666504e-01 2.036568671464920044e-01 -1.212313845753669739e-01 -1.135046243667602539e+00 -1.507688879966735840e+00 -2.074885606765747070e+00 -2.441439390182495117e+00 -2.471208810806274414e+00 -2.674077987670898438e+00 -2.324048280715942383e+00 -2.428793430328369141e+00 -2.947170495986938477e+00 -3.045803308486938477e+00 -3.252218961715698242e+00 -3.467694759368896484e+00 -4.332564353942871094e+00 -3.902671575546264648e+00 -3.849891424179077148e+00 -3.895071744918823242e+00 -4.290905475616455078e+00 -4.317004203796386719e+00 -4.099936962127685547e+00 -4.254711627960205078e+00 -3.835785627365112305e+00 -3.921636581420898438e+00 -3.667579889297485352e+00 -3.762130260467529297e+00 -3.628349781036376953e+00 -3.402677536010742188e+00 -3.404077529907226562e+00 -3.484123468399047852e+00 -5.325243473052978516e+00 -4.285107612609863281e+00 -3.815188407897949219e+00 -4.323545455932617188e+00
-1.261173367500305176e+00 -1.224319696426391602e+00 -1.308375239372253418e+00 -1.188607335090637207e+00 -1.120286583900451660e+00 -7.501951456069946289e-01 -4.038984477519989014e-01 8.646276593208312988e-02 3.475200533866882324e-01 9.757666289806365967e-02 -5.836192369461059570e-01 -2.861152887344360352e-01 -2.862462997436523438e-01 -3.406645357608795166e-01 -8.180234432220458984e-01 -7.048728466033935547e-01 -4.975013434886932373e-04 3.064867556095123291e-01 5.520248413085937500e-01 2.387779951095581055e-01 8.619178831577301025e-02 1.484116017818450928e-01 6.022631525993347168e-01 5.388439297676086426e-01 1.154720187187194824e+00 9.737164378166198730e-01 6.657999157905578613e-01 7.525653839111328125e-01 5.271162986755371094e-01 6.682280302047729492e-01 5.531412959098815918e-01 2.401510775089263916e-01 -1.078768491744995117e+00 -1.386179208755493164e+00 -1.944846034049987793e+00 -2.361526727676391602e+00 -2.048930644989013672e+00 -2.155062437057495117e+00 -1.954487204551696777e+00 -2.104142665863037109e+00 -2.379011631011962891e+00 -2.346913099288940430e+00 -2.562813282012939453e+00 -2.677628278732299805e+00 -2.764108896255493164e+00 -3.725234746932983398e+00 -3.437696695327758789e+00 -3.334579944610595703e+00 -3.802930355072021484e+00 -3.729432582855224609e+00 -3.603924512863159180e+00 -4.402981281280517578e+00 -3.829880952835083008e+00 -3.481306314468383789e+00 -3.155080318450927734e+00 -3.404982566833496094e+00 -3.029030323028564453e+00 -3.299548864364624023e+00 -3.925090074539184570e+00 -3.507548332214355469e+00 -4.224676132202148438e+00 -3.554897546768188477e+00 -3.470307350158691406e+00 -4.184947490692138672e+00
-1.179441571235656738e+00 -1.530648350715637207e+00 -1.242880702018737793e+00 -8.566600680351257324e-01 -8.723536729812622070e-01 -7.168700695037841797e-01 -4.451456367969512939e-01 3.086782991886138916e-02 1.666685044765472412e-01 1.534936726093292236e-01 -4.809576570987701416e-01 -5.053380131721496582e-01 -5.893264412879943848e-01 -4.461871385574340820e-01 -4.859773814678192139e-01 -7.277805805206298828e-01 1.069137081503868103e-01 3.511725664138793945e-01 5.085751414299011230e-01 5.174946784973144531e-01 2.420797049999237061e-01 -8.432335406541824341e-02 1.801716238260269165e-01 7.648926973342895508e-01 1.062431812286376953e+00 6.881530284881591797e-01 5.832858681678771973e-01 8.516277074813842773e-01 4.382814466953277588e-01 8.357147574424743652e-01 6.334759593009948730e-01 2.868820428848266602e-01 -6.315107345581054688e-01 -1.127691864967346191e+00 -1.211351394653320312e+00 -1.596299409866333008e+00 -1.802338123321533203e+00 -1.688492298126220703e+00 -2.276958942413330078e+00 -2.140653133392333984e+00 -1.943343043327331543e+00 -1.733701229095458984e+00 -2.047596693038940430e+00 -2.228470802307128906e+00 -2.638772726058959961e+00 -2.866627693176269531e+00 -3.076815605163574219e+00 -3.139486789703369141e+00 -2.868309736251831055e+00 -4.212469100952148438e+00 -3.764475584030151367e+00 -3.658405542373657227e+00 -3.533583164215087891e+00 -3.054432153701782227e+00 -3.168830156326293945e+00 -3.008351087570190430e+00 -3.114536285400390625e+00 -3.004722595214843750e+00 -3.207614660263061523e+00 -3.138546943664550781e+00 -3.316750526428222656e+00 -3.848174095153808594e+00 -3.288783073425292969e+00 -3.241755485534667969e+00
-1.418537497520446777e+00 -1.488070487976074219e+00 -1.062081456184387207e+00 -1.098167300224304199e+00 -9.256342649459838867e-01 -5.411155223846435547e-01 -4.759998023509979248e-01 7.913617789745330811e-02 2.699759900569915771e-01 3.586878776550292969e-01 3.187022805213928223e-01 2.050379663705825806e-02 7.435134053230285645e-02 1.431453675031661987e-01 -1.560891866683959961e-01 -3.131724894046783447e-01 -7.826894521713256836e-02 2.023464739322662354e-01 7.337474226951599121e-01 3.083512783050537109e-01 -2.362577430903911591e-02 -8.448609709739685059e-02 9.603220969438552856e-02 6.000847816467285156e-01 6.991153955459594727e-01 8.996913433074951172e-01 7.501031160354614258e-01 9.230098724365234375e-01 9.247473478317260742e-01 6.978123188018798828e-01 8.931404352188110352e-01 4.907715022563934326e-01 -4.331591427326202393e-01 -1.096664190292358398e+00 -1.330938577651977539e+00 -1.576430559158325195e+00 -1.748638629913330078e+00 -1.616935610771179199e+00 -2.167366266250610352e+00 -2.192516803741455078e+00 -2.000360488891601562e+00 -1.761067986488342285e+00 -2.180755615234375000e+00 -1.986606240272521973e+00 -2.366023302078247070e+00 -2.856130361557006836e+00 -2.772509098052978516e+00 -3.092553615570068359e+00 -3.119625091552734375e+00 -2.883422613143920898e+00 -3.437693119049072266e+00 -4.023799419403076172e+00 -3.721950054168701172e+00 -3.127475261688232422e+00 -3.128808498382568359e+00 -3.453322172164916992e+00 -2.693188667297363281e+00 -2.741898059844970703e+00 -2.750847339630126953e+00 -2.621754169464111328e+00 -3.014020442962646484e+00 -3.170000076293945312e+00 -3.285320520401000977e+00 -2.812321901321411133e+00
-1.009951591491699219e+00 -6.993384957313537598e-01 -1.013996958732604980e+00 -9.186810851097106934e-01 -1.002510070800781250e+00 -8.403033614158630371e-01 -4.711638689041137695e-01 2.974938452243804932e-01 3.483882173895835876e-02 3.706639409065246582e-01 -1.013197004795074463e-03 1.845994144678115845e-01 3.212249279022216797e-01 3.400521576404571533e-01 3.000629693269729614e-02 -1.860678941011428833e-01 9.670156240463256836e-02 6.809666752815246582e-01 9.894524812698364258e-01 8.397172093391418457e-01 5.915969014167785645e-01 6.051083803176879883e-01 5.731980800628662109e-01 7.242612242698669434e-01 9.268662333488464355e-01 1.064056158065795898e+00 9.059011936187744141e-01 8.361589312553405762e-01 9.460458755493164062e-01 9.022592306137084961e-01 6.761162877082824707e-01 4.615953266620635986e-01 -1.507151871919631958e-01 -1.039626240730285645e+00 -1.557859182357788086e+00 -1.393610239028930664e+00 -1.539208650588989258e+00 -1.730777502059936523e+00 -1.659184455871582031e+00 -1.899470806121826172e+00 -2.015410900115966797e+00 -2.081504821777343750e+00 -1.851437687873840332e+00 -2.177239656448364258e+00 -2.073354482650756836e+00 -2.551059007644653320e+00 -2.534305095672607422e+00 -2.841197967529296875e+00 -2.935868263244628906e+00 -3.056504964828491211e+00 -3.077340841293334961e+00 -2.875126838684082031e+00 -3.064510107040405273e+00 -3.040715217590332031e+00 -3.197149515151977539e+00 -3.265390157699584961e+00 -3.088370561599731445e+00 -2.941445112228393555e+00 -2.838118076324462891e+00 -2.838290452957153320e+00 -2.771820545196533203e+00 -2.741263866424560547e+00 -2.525167226791381836e+00 -2.966355800628662109e+00
-7.766848206520080566e-01 -6.828411817550659180e-01 -1.014887094497680664e+00 -8.749377727508544922e-01 -1.072096467018127441e+00 -6.818382740020751953e-01 4.904858022928237915e-02 3.079133331775665283e-01 3.220296800136566162e-01 3.146932125091552734e-01 3.018462955951690674e-01 8.502979576587677002e-02 4.212282598018646240e-02 1.272238343954086304e-01 -1.432427316904067993e-01 -2.060411870479583740e-01 2.496149539947509766e-01 8.099600672721862793e-01 1.281563639640808105e+00 8.608292341232299805e-01 8.553901910781860352e-01 1.120123624801635742e+00 8.966193795204162598e-01 8.667259812355041504e-01 1.237136721611022949e+00 1.191310644149780273e+00 1.108086705207824707e+00 7.644256949424743652e-01 5.999073386192321777e-01 8.019090890884399414e-01 8.896805047988891602e-01 5.624747276306152344e-01 -1.572447270154953003e-01 -7.392544746398925781e-01 -1.147618651390075684e+00 -1.685516357421875000e+00 -1.792293787002563477e+00 -1.559303164482116699e+00 -1.679145336151123047e+00 -1.657687067985534668e+00 -1.712088704109191895e+00 -1.936809182167053223e+00 -1.787038087844848633e+00 -1.858516573905944824e+00 -1.873790740966796875e+00 -1.753790974617004395e+00 -2.213041543960571289e+00 -2.646601915359497070e+00 -2.835345506668090820e+00 -2.895766019821166992e+00 -3.092110872268676758e+00 -3.391721487045288086e+00 -2.912074804306030273e+00 -2.902851104736328125e+00 -2.890040397644042969e+00 -3.312579870223999023e+00 -3.047502279281616211e+00 -3.023517608642578125e+00 -3.204157829284667969e+00 -3.051113128662109375e+00 -2.805934429168701172e+00 -2.461054086685180664e+00 -2.445371150970458984e+00 -2.885906934738159180e+00
-1.032264113426208496e+00 -9.070804715156555176e-01 -1.198082447052001953e+00 -7.593230009078979492e-01 -6.595970392227172852e-01 -7.512121200561523438e-01 -1.737178564071655273e-01 1.334340423345565796e-01 1.705511212348937988e-01 1.896588057279586792e-01 2.895238995552062988e-01 6.669668108224868774e-02 2.517148479819297791e-02 1.021040305495262146e-01 1.372863799333572388e-01 -1.179382503032684326e-01 7.453562617301940918e-01 8.432568311691284180e-01 1.150666475296020508e+00 1.057150602340698242e+00 1.205652713775634766e+00 1.054046154022216797e+00 1.268392324447631836e+00 1.262309312820434570e+00 1.121216535568237305e+00 9.517328143119812012e-01 8.666312098503112793e-01 1.017909407615661621e+00 9.545375108718872070e-01 7.221550345420837402e-01 9.602777957916259766e-01 6.924612522125244141e-01 -2.206452488899230957e-01 -1.057738780975341797e+00 -1.237431406974792480e+00 -1.488263607025146484e+00 -1.362999439239501953e+00 -1.645957231521606445e+00 -1.418598055839538574e+00 -1.459418058395385742e+00 -1.522891879081726074e+00 -1.687638998031616211e+00 -1.603188991546630859e+00 -1.764993667602539062e+00 -1.669653415679931641e+00 -1.705571651458740234e+00 -1.705565094947814941e+00 -2.493078947067260742e+00 -2.407316923141479492e+00 -2.581653118133544922e+00 -2.861831426620483398e+00 -3.398084163665771484e+00 -3.066991567611694336e+00 -2.979204416275024414e+00 -2.728425979614257812e+00 -2.676083326339721680e+00 -2.749490737915039062e+00 -2.874290704727172852e+00 -2.703666925430297852e+00 -2.770528316497802734e+00 -2.670147418975830078e+00 -2.091487407684326172e+00 -2.532915353775024414e+00 -2.226460218429565430e+00
-4.357665181159973145e-01 -7.873847484588623047e-01 -8.235180974006652832e-01 -9.455996155738830566e-01 -8.697884678840637207e-01 -8.813602924346923828e-01 -5.284930467605590820e-01 2.218818515539169312e-01 5.508027076721191406e-01 5.513853430747985840e-01 2.666782736778259277e-01 4.823979362845420837e-02 -2.138554751873016357e-01 -4.275146499276161194e-02 1.286781281232833862e-01 -4.734534770250320435e-02 6.948068141937255859e-01 1.104602217674255371e+00 1.265663027763366699e+00 9.855442047119140625e-01 9.251962304115295410e-01 1.301565408706665039e+00 1.282385349273681641e+00 1.198180913925170898e+00 9.346710443496704102e-01 1.010604023933410645e+00 7.509678006172180176e-01 1.292853832244873047e+00 9.947137832641601562e-01 8.579534888267517090e-01 9.095311164855957031e-01 4.844272136688232422e-01 -3.372357487678527832e-01 -1.555692791938781738e+00 -1.171608805656433105e+00 -1.281624674797058105e+00 -1.305449485778808594e+00 -1.359863877296447754e+00 -1.139456748962402344e+00 -1.305773138999938965e+00 -1.253978490829467773e+00 -1.420114636421203613e+00 -1.611594557762145996e+00 -1.627948522567749023e+00 -1.568195939064025879e+00 -1.660009741783142090e+00 -1.906096816062927246e+00 -2.153551578521728516e+00 -2.607620000839233398e+00 -2.716192960739135742e+00 -2.857969999313354492e+00 -3.151616096496582031e+00 -3.061996936798095703e+00 -3.452533960342407227e+00 -2.924546480178833008e+00 -2.817680835723876953e+00 -3.078532934188842773e+00 -2.992713689804077148e+00 -2.180007219314575195e+00 -2.307035446166992188e+00 -2.503722667694091797e+00 -2.578185796737670898e+00 -2.598577499389648438e+00 -2.682970285415649414e+00
-1.009033560752868652e+00 -6.966035962104797363e-01 -7.098149061203002930e-01 -9.213358163833618164e-01 -7.608343362808227539e-01 -4.010562300682067871e-01 -3.674373924732208252e-01 3.023374378681182861e-01 2.586151659488677979e-01 4.525901377201080322e-01 1.973779499530792236e-01 2.347068041563034058e-01 2.211650758981704712e-01 -1.849820315837860107e-01 -5.964003503322601318e-02 5.572206377983093262e-01 1.110996842384338379e+00 1.488862633705139160e+00 1.328639149665832520e+00 1.066387057304382324e+00 8.944546580314636230e-01 9.957058429718017578e-01 6.612112522125244141e-01 1.047464132308959961e+00 7.377743124961853027e-01 9.950870275497436523e-01 6.371888518333435059e-01 1.401054382324218750e+00 1.207594871520996094e+00 7.748576998710632324e-01 7.903506159782409668e-01 7.365298271179199219e-01 8.990854769945144653e-02 -1.319147944450378418e+00 -1.534483194351196289e+00 -1.342927217483520508e+00 -1.234900355339050293e+00 -1.554509401321411133e+00 -1.415285229682922363e+00 -1.364025115966796875e+00 -1.107714295387268066e+00 -1.183316826820373535e+00 -1.427339911460876465e+00 -1.464237689971923828e+00 -1.699128031730651855e+00 -1.711868047714233398e+00 -1.881007432937622070e+00 -2.077483415603637695e+00 -2.269217729568481445e+00 -2.765828847885131836e+00 -2.595178127288818359e+00 -2.898381710052490234e+00 -3.089157819747924805e+00 -3.249896764755249023e+00 -3.168873071670532227e+00 -3.220851421356201172e+00 -3.379938840866088867e+00 -2.926992177963256836e+00 -2.883998870849609375e+00 -2.648939371109008789e+00 -2.896395921707153320e+00 -2.328193426132202148e+00 -2.185903072357177734e+00 -2.404891014099121094e+00
-9.464204311370849609e-01 -5.717993974685668945e-01 -6.071720719337463379e-01 -9.277333617210388184e-01 -1.050838351249694824e+00 -5.969500541687011719e-01 -5.464650988578796387e-01 1.162303984165191650e-01 3.640519380569458008e-01 7.430064678192138672e-01 5.209172964096069336e-01 4.721043705940246582e-01 1.619732379913330078e-01 2.131751477718353271e-01 9.147373586893081665e-02 6.364764571189880371e-01 1.244523525238037109e+00 1.512531399726867676e+00 1.847176074981689453e+00 1.378270149230957031e+00 1.013530492782592773e+00 1.084582924842834473e+00 9.482317566871643066e-01 1.057700395584106445e+00 9.884370565414428711e-01 9.366163611412048340e-01 6.364068984985351562e-01 1.244679689407348633e+00 1.505954265594482422e+00 1.007689356803894043e+00 7.530136108398437500e-01 5.723467469215393066e-01 1.848160624504089355e-01 -5.637570619583129883e-01 -1.806725621223449707e+00 -1.381896257400512695e+00 -1.378355026245117188e+00 -1.377872705459594727e+00 -1.296373724937438965e+00 -1.108277559280395508e+00 -1.191249728202819824e+00 -1.249431610107421875e+00 -1.159637212753295898e+00 -1.377484560012817383e+00 -1.582554936408996582e+00 -2.071961402893066406e+00 -2.073718309402465820e+00 -2.047960519790649414e+00 -2.319298744201660156e+00 -2.709685325622558594e+00 -2.667474985122680664e+00 -2.627158164978027344e+00 -2.783819675445556641e+00 -3.236819982528686523e+00 -2.939529180526733398e+00 -2.870568037033081055e+00 -2.718213319778442383e+00 -2.842940092086791992e+00 -2.980541467666625977e+00 -2.811639785766601562e+00 -2.529352188110351562e+00 -2.750645160675048828e+00 -2.641387939453125000e+00 -2.526289701461791992e+00
-8.511850833892822266e-01 -1.290392518043518066e+00 -5.343120694160461426e-01 -5.291990041732788086e-01 -5.478879213333129883e-01 -7.969604134559631348e-01 -3.272902667522430420e-01 2.592433393001556396e-01 3.280331790447235107e-01 4.016263782978057861e-01 3.796247541904449463e-01 9.368469119071960449e-01 7.081606388092041016e-01 -8.300552517175674438e-02 8.884357810020446777e-01 7.807365059852600098e-01 1.387681126594543457e+00 2.080541372299194336e+00 1.900579214096069336e+00 2.128384828567504883e+00 1.210533380508422852e+00 1.116402626037597656e+00 1.513483881950378418e+00 1.636731982231140137e+00 1.687320709228515625e+00 1.558589220046997070e+00 1.478243947029113770e+00 1.546874880790710449e+00 1.676893234252929688e+00 1.761093735694885254e+00 2.332666158676147461e+00 1.694014906883239746e+00 1.064629435539245605e+00 -3.112294375896453857e-01 -1.515543699264526367e+00 -1.287368893623352051e+00 -1.500791430473327637e+00 -1.257071256637573242e+00 -1.149042725563049316e+00 -1.348998308181762695e+00 -1.366838097572326660e+00 -1.237381458282470703e+00 -1.146189093589782715e+00 -1.194581627845764160e+00 -1.199092745780944824e+00 -1.582983136177062988e+00 -1.983950018882751465e+00 -2.131011247634887695e+00 -2.164384365081787109e+00 -2.189657688140869141e+00 -2.837846994400024414e+00 -2.659483671188354492e+00 -2.915683031082153320e+00 -3.030573844909667969e+00 -2.705455064773559570e+00 -2.932225704193115234e+00 -2.646580934524536133e+00 -3.100432634353637695e+00 -2.917949199676513672e+00 -2.777150154113769531e+00 -2.538815259933471680e+00 -2.322033166885375977e+00 -2.419518947601318359e+00 -2.119285106658935547e+00
-7.402562499046325684e-01 -5.260882377624511719e-01 -6.202962398529052734e-01 -4.420826137065887451e-01 -2.895590364933013916e-01 -4.246530830860137939e-01 1.665477454662322998e-01 3.850985169410705566e-01 2.379749715328216553e-01 3.439085185527801514e-01 8.341140747070312500e-01 6.413866877555847168e-01 6.918252706527709961e-01 9.551788568496704102e-01 1.256632924079895020e+00 1.619609594345092773e+00 1.815994620323181152e+00 2.087559461593627930e+00 1.868301868438720703e+00 1.498756527900695801e+00 1.531316876411437988e+00 1.575694441795349121e+00 1.685500383377075195e+00 2.116490364074707031e+00 1.919222712516784668e+00 1.590561151504516602e+00 1.914782881736755371e+00 1.719147086143493652e+00 1.838562607765197754e+00 1.664446473121643066e+00 1.945312261581420898e+00 2.428729534149169922e+00 1.679977655410766602e+00 9.102821946144104004e-01 -1.683034002780914307e-02 -9.211425781250000000e-01 -9.721474051475524902e-01 -1.131107449531555176e+00 -1.241449236869812012e+00 -1.175809144973754883e+00 -1.104356765747070312e+00 -8.621009588241577148e-01 -1.138392686843872070e+00 -1.284903764724731445e+00 -1.139966130256652832e+00 -1.682556390762329102e+00 -1.608875155448913574e+00 -2.052839279174804688e+00 -1.928682565689086914e+00 -2.350937366485595703e+00 -2.669645309448242188e+00 -2.395100831985473633e+00 -2.571843624114990234e+00 -2.725259304046630859e+00 -2.811862230300903320e+00 -2.917253017425537109e+00 -2.821887731552124023e+00 -2.867706060409545898e+00 -3.122325181961059570e+00 -2.805783748626708984e+00 -2.711946010589599609e+00 -2.290748834609985352e+00 -2.501584291458129883e+00 -2.633951425552368164e+00
-5.760787725448608398e-01 -4.643925428390502930e-01 -1.879200190305709839e-01 -5.686959624290466309e-01 -3.742455318570137024e-02 -4.907817542552947998e-01 -6.034680828452110291e-02 2.010663896799087524e-01 2.732084393501281738e-01 3.782740235328674316e-01 7.212955951690673828e-01 1.247671842575073242e+00 1.085261702537536621e+00 1.613718628883361816e+00 1.711488485336303711e+00 1.825876355171203613e+00 1.883956909179687500e+00 2.221721887588500977e+00 1.906040549278259277e+00 1.790209054946899414e+00 1.606032371520996094e+00 2.164329290390014648e+00 2.394560098648071289e+00 2.268921375274658203e+00 1.796355485916137695e+00 1.664883732795715332e+00 2.624645948410034180e+00 2.172450065612792969e+00 1.887406110763549805e+00 2.032729148864746094e+00 1.979323863983154297e+00 2.200134515762329102e+00 2.281855821609497070e+00 1.599449634552001953e+00 4.057626724243164062e-01 -6.211421489715576172e-01 -8.407493829727172852e-01 -8.901338577270507812e-01 -1.092335462570190430e+00 -1.220973968505859375e+00 -1.168573260307312012e+00 -1.055181741714477539e+00 -1.212014436721801758e+00 -1.243170022964477539e+00 -1.338999629020690918e+00 -1.540053606033325195e+00 -1.399486422538757324e+00 -1.867935180664062500e+00 -1.945120453834533691e+00 -2.222204446792602539e+00 -2.639228820800781250e+00 -2.454837083816528320e+00 -2.814967155456542969e+00 -2.481673479080200195e+00 -2.847172021865844727e+00 -2.946023225784301758e+00 -2.598086118698120117e+00 -3.039696693420410156e+00 -2.883195877075195312e+00 -2.618228912353515625e+00 -2.828592538833618164e+00 -2.514806985855102539e+00 -2.051914215087890625e+00 -1.845860242843627930e+00
-7.764987349510192871e-01 -5.481953024864196777e-01 -4.462725520133972168e-01 -5.933814644813537598e-01 -2.824470400810241699e-01 1.028229966759681702e-01 1.006850674748420715e-01 2.072369456291198730e-01 4.129588603973388672e-01 2.245994806289672852e-01 8.184505701065063477e-01 8.423092365264892578e-01 8.136408329010009766e-01 1.790495753288269043e+00 2.042056322097778320e+00 1.882593274116516113e+00 2.198440074920654297e+00 2.132329463958740234e+00 1.852647185325622559e+00 1.653642654418945312e+00 1.941096544265747070e+00 2.149022579193115234e+00 2.204019069671630859e+00 2.160749673843383789e+00 2.159289598464965820e+00 1.636344790458679199e+00 1.977829813957214355e+00 2.240139484405517578e+00 2.148069620132446289e+00 2.016365528106689453e+00 1.878010630607604980e+00 1.997657775878906250e+00 1.860855817794799805e+00 1.407890915870666504e+00 5.635913610458374023e-01 -1.871630847454071045e-01 -7.115551829338073730e-01 -1.015312552452087402e+00 -9.175734519958496094e-01 -1.311105728149414062e+00 -1.279316067695617676e+00 -9.393435120582580566e-01 -1.122259974479675293e+00 -1.029560923576354980e+00 -1.262642979621887207e+00 -1.392240762710571289e+00 -1.802592158317565918e+00 -1.628716230392456055e+00 -1.948951840400695801e+00 -2.425807714462280273e+00 -2.452408075332641602e+00 -2.854612588882446289e+00 -2.601491451263427734e+00 -2.791995763778686523e+00 -2.606999397277832031e+00 -2.717899799346923828e+00 -3.285188436508178711e+00 -3.400982141494750977e+00 -2.751980066299438477e+00 -2.580813884735107422e+00 -2.575708866119384766e+00 -2.445359706878662109e+00 -2.131539344787597656e+00 -2.640707492828369141e+00
-6.482839584350585938e-01 -2.801338434219360352e-01 -3.365200757980346680e-01 -4.281319379806518555e-01 -1.587384343147277832e-01 -1.968967467546463013e-01 1.073263809084892273e-01 4.703368842601776123e-01 4.829967319965362549e-01 3.643301725387573242e-01 6.343767642974853516e-01 1.411995768547058105e+00 1.958524823188781738e+00 2.390081882476806641e+00 1.894814014434814453e+00 1.835614204406738281e+00 2.089487314224243164e+00 1.986178040504455566e+00 2.181207895278930664e+00 1.993393659591674805e+00 1.987572431564331055e+00 2.006942987442016602e+00 2.574496030807495117e+00 2.600745677947998047e+00 2.006104946136474609e+00 1.985173225402832031e+00 1.869469404220581055e+00 2.090673685073852539e+00 1.921807408332824707e+00 1.846252322196960449e+00 2.369170665740966797e+00 2.142435789108276367e+00 2.289626359939575195e+00 1.457345604896545410e+00 8.102580308914184570e-01 -6.917495280504226685e-02 -2.397986799478530884e-01 -6.371635198593139648e-01 -1.233567118644714355e+00 -1.417062282562255859e+00 -1.353354930877685547e+00 -1.095745563507080078e+00 -1.176491737365722656e+00 -1.357350468635559082e+00 -1.475413560867309570e+00 -1.489827394485473633e+00 -1.753120183944702148e+00 -1.973505139350891113e+00 -2.285910844802856445e+00 -2.782344341278076172e+00 -2.705424785614013672e+00 -2.981424093246459961e+00 -3.124526500701904297e+00 -2.828577756881713867e+00 -2.784906864166259766e+00 -2.673661470413208008e+00 -3.097735166549682617e+00 -3.504508733749389648e+00 -3.497790575027465820e+00 -2.815502405166625977e+00 -2.620516538619995117e+00 -2.146317958831787109e+00 -2.201454401016235352e+00 -2.367269754409790039e+00
-4.534600377082824707e-01 -4.758610427379608154e-01 -4.942329823970794678e-01 -3.036121428012847900e-01 -7.703077048063278198e-02 1.824603378772735596e-01 3.739771842956542969e-01 3.706233501434326172e-01 2.465363144874572754e-01 5.232940316200256348e-01 8.090499639511108398e-01 1.444604158401489258e+00 2.117183923721313477e+00 2.207072496414184570e+00 2.062592983245849609e+00 1.840526580810546875e+00 2.079305648803710938e+00 2.118730306625366211e+00 2.050642490386962891e+00 1.985962271690368652e+00 2.050856113433837891e+00 2.153319597244262695e+00 2.131369113922119141e+00 2.174615383148193359e+00 2.145737886428833008e+00 2.187138319015502930e+00 2.588529825210571289e+00 2.275108575820922852e+00 2.117284059524536133e+00 2.070225477218627930e+00 2.448341608047485352e+00 2.242460250854492188e+00 2.299801588058471680e+00 1.295914411544799805e+00 7.379619479179382324e-01 -1.842957586050033569e-01 -6.372401118278503418e-01 -8.596065640449523926e-01 -1.204499840736389160e+00 -1.214965462684631348e+00 -1.182472348213195801e+00 -9.229896664619445801e-01 -1.321740508079528809e+00 -1.276666402816772461e+00 -1.492725491523742676e+00 -1.653285384178161621e+00 -1.563871264457702637e+00 -2.031243562698364258e+00 -2.128155708312988281e+00 -2.728183031082153320e+00 -2.711251020431518555e+00 -3.199217557907104492e+00 -3.195440769195556641e+00 -3.037938594818115234e+00 -2.919099569320678711e+00 -3.331328868865966797e+00 -3.439749956130981445e+00 -3.460569620132446289e+00 -3.559656381607055664e+00 -2.981144666671752930e+00 -2.423643827438354492e+00 -2.554558277130126953e+00 -2.209573507308959961e+00 -2.912185907363891602e+00
-4.686495065689086914e-01 -2.599154710769653320e-01 -4.401456117630004883e-01 -2.176760286092758179e-01 3.358950838446617126e-02 1.241926401853561401e-01 6.698055863380432129e-01 6.546142101287841797e-01 4.463646709918975830e-01 1.131706118583679199e+00 1.301882028579711914e+00 1.784476399421691895e+00 2.319053173065185547e+00 2.386681079864501953e+00 2.066403865814208984e+00 2.061136960983276367e+00 2.325525522232055664e+00 2.235578775405883789e+00 2.646886587142944336e+00 2.188500404357910156e+00 1.983400940895080566e+00 2.035497188568115234e+00 1.882813930511474609e+00 2.282421112060546875e+00 2.382347822189331055e+00 2.255656242370605469e+00 2.506579160690307617e+00 2.521035671234130859e+00 1.904620528221130371e+00 2.111766815185546875e+00 2.474372148513793945e+00 2.123944282531738281e+00 2.223637342453002930e+00 1.573504328727722168e+00 6.316817998886108398e-01 -2.304059714078903198e-01 -5.279563069343566895e-01 -8.073866963386535645e-01 -1.162209868431091309e+00 -1.220102190971374512e+00 -1.187659025192260742e+00 -1.232562661170959473e+00 -1.710694432258605957e+00 -1.473630428314208984e+00 -1.543028235435485840e+00 -1.541913390159606934e+00 -1.628685474395751953e+00 -1.709548830986022949e+00 -2.308661222457885742e+00 -2.932329177856445312e+00 -2.957787275314331055e+00 -3.250709295272827148e+00 -3.341936826705932617e+00 -2.884271621704101562e+00 -3.133760690689086914e+00 -3.392312765121459961e+00 -3.698979616165161133e+00 -3.512725114822387695e+00 -3.774185657501220703e+00 -3.335461378097534180e+00 -2.579391717910766602e+00 -2.703432798385620117e+00 -2.791625499725341797e+00 -2.818842887878417969e+00
-5.407776832580566406e-01 -2.161243110895156860e-01 -4.563838988542556763e-02 1.560443937778472900e-01 1.551787257194519043e-01 2.079978287220001221e-01 7.542731165885925293e-01 1.031560420989990234e+00 6.971482634544372559e-01 1.226540327072143555e+00 1.713370203971862793e+00 2.228967666625976562e+00 2.688579559326171875e+00 2.322174787521362305e+00 2.455904245376586914e+00 2.427783727645874023e+00 2.556155204772949219e+00 2.515854835510253906e+00 2.717453479766845703e+00 2.667002201080322266e+00 2.279728174209594727e+00 2.114407777786254883e+00 2.270256519317626953e+00 2.675944566726684570e+00 2.610901594161987305e+00 2.720895767211914062e+00 3.005630731582641602e+00 2.474523305892944336e+00 2.430468320846557617e+00 2.382000207901000977e+00 2.634744882583618164e+00 2.596726655960083008e+00 1.892404198646545410e+00 1.568988680839538574e+00 5.745291709899902344e-01 -2.092334330081939697e-01 -4.279264509677886963e-01 -6.979108452796936035e-01 -1.048463702201843262e+00 -1.154394507408142090e+00 -1.184005498886108398e+00 -1.425616621971130371e+00 -1.302573680877685547e+00 -1.514404892921447754e+00 -1.690559029579162598e+00 -1.628757238388061523e+00 -1.797167301177978516e+00 -1.979450821876525879e+00 -2.413955688476562500e+00 -2.720993280410766602e+00 -3.211373805999755859e+00 -3.156033754348754883e+00 -2.840970039367675781e+00 -2.788371086120605469e+00 -3.185150623321533203e+00 -3.422122240066528320e+00 -3.432905912399291992e+00 -2.892965793609619141e+00 -3.291030645370483398e+00 -3.261933565139770508e+00 -2.808206558227539062e+00 -2.878912687301635742e+00 -3.054381608963012695e+00 -2.936807394027709961e+00
-5.372169613838195801e-01 -4.470273256301879883e-01 -1.793073713779449463e-01 4.938222467899322510e-01 5.525785684585571289e-01 1.357772797346115112e-01 5.948900580406188965e-01 9.131190776824951172e-01 1.132006406784057617e+00 9.331230521202087402e-01 1.964040637016296387e+00 2.698062896728515625e+00 2.693081140518188477e+00 2.504995822906494141e+00 2.759281635284423828e+00 2.363895654678344727e+00 2.661344289779663086e+00 2.483249425888061523e+00 2.464221954345703125e+00 2.395213365554809570e+00 2.504815578460693359e+00 2.272100210189819336e+00 2.444723367691040039e+00 2.122011184692382812e+00 2.202108144760131836e+00 2.511581420898437500e+00 2.908155202865600586e+00 2.819062471389770508e+00 2.938276529312133789e+00 3.005156278610229492e+00 2.871217250823974609e+00 2.587244272232055664e+00 2.626708269119262695e+00 1.589858055114746094e+00 6.186809539794921875e-01 -3.714074492454528809e-01 -4.257082343101501465e-01 -2.681826055049896240e-01 -8.832117915153503418e-01 -9.596029520034790039e-01 -1.150899410247802734e+00 -1.364128828048706055e+00 -1.454451441764831543e+00 -1.745250105857849121e+00 -1.816977977752685547e+00 -1.599078893661499023e+00 -1.973004341125488281e+00 -2.182893276214599609e+00 -2.469279050827026367e+00 -3.077826261520385742e+00 -2.943768024444580078e+00 -3.044078111648559570e+00 -3.104768037796020508e+00 -2.658347368240356445e+00 -2.971385240554809570e+00 -3.043191432952880859e+00 -3.306649923324584961e+00 -2.928319692611694336e+00 -3.051204681396484375e+00 -2.885275840759277344e+00 -2.698585510253906250e+00 -3.121434926986694336e+00 -3.160292625427246094e+00 -3.374466896057128906e+00
-2.220315784215927124e-01 -2.597264647483825684e-01 1.149660944938659668e-01 1.665623784065246582e-01 8.259859085083007812e-01 4.927466809749603271e-01 7.122969031333923340e-01 1.133434891700744629e+00 1.063735961914062500e+00 1.022691249847412109e+00 1.861571669578552246e+00 2.650062322616577148e+00 2.736748218536376953e+00 2.425826549530029297e+00 2.960362672805786133e+00 2.490440130233764648e+00 2.837778329849243164e+00 2.752318620681762695e+00 2.865755081176757812e+00 2.901099920272827148e+00 2.577906370162963867e+00 2.430658817291259766e+00 2.288429498672485352e+00 2.477339029312133789e+00 2.475855827331542969e+00 2.672324895858764648e+00 2.924258708953857422e+00 3.143146276473999023e+00 3.442483901977539062e+00 2.823220968246459961e+00 3.105969429016113281e+00 2.771068811416625977e+00 2.542018413543701172e+00 1.646590352058410645e+00 7.496927976608276367e-01 -2.669402360916137695e-01 -4.819738864898681641e-01 -2.135040909051895142e-01 -9.319898486137390137e-01 -1.372101187705993652e+00 -1.098900556564331055e+00 -1.505592226982116699e+00 -1.717200040817260742e+00 -1.763464331626892090e+00 -2.112478494644165039e+00 -2.080920457839965820e+00 -1.943356394767761230e+00 -1.856494545936584473e+00 -2.480080127716064453e+00 -2.768505573272705078e+00 -2.595877170562744141e+00 -2.912423133850097656e+00 -2.754603147506713867e+00 -2.673272132873535156e+00 -2.886368036270141602e+00 -2.760575771331787109e+00 -2.658027172088623047e+00 -2.580346822738647461e+00 -2.548054218292236328e+00 -2.910999059677124023e+00 -2.736361026763916016e+00 -2.467653512954711914e+00 -2.711351633071899414e+00 -2.722356557846069336e+00
-2.224467098712921143e-01 -1.185896620154380798e-01 1.551440656185150146e-01 4.504095613956451416e-01 5.957264304161071777e-01 8.476871252059936523e-01 1.013881921768188477e+00 9.520374536514282227e-01 9.886071681976318359e-01 1.523799777030944824e+00 2.328175067901611328e+00 2.676920652389526367e+00 2.254352569580078125e+00 2.245774984359741211e+00 2.900098562240600586e+00 2.890618562698364258e+00 2.947219371795654297e+00 2.950337171554565430e+00 3.143681764602661133e+00 3.100890874862670898e+00 2.970491409301757812e+00 2.585652351379394531e+00 2.595557212829589844e+00 2.252528667449951172e+00 2.302254438400268555e+00 2.902166843414306641e+00 2.677760362625122070e+00 2.800020456314086914e+00 2.925104856491088867e+00 2.703255176544189453e+00 2.938671588897705078e+00 2.751502752304077148e+00 2.498949289321899414e+00 1.778569936752319336e+00 1.131372094154357910e+00 -2.345383018255233765e-01 -3.716396987438201904e-01 -3.325473964214324951e-01 -1.186890244483947754e+00 -1.462424993515014648e+00 -1.344656229019165039e+00 -1.322153210639953613e+00 -1.686139225959777832e+00 -1.682873606681823730e+00 -2.181600570678710938e+00 -2.139427423477172852e+00 -2.047214269638061523e+00 -2.097868919372558594e+00 -2.101697921752929688e+00 -2.873335123062133789e+00 -3.004606962203979492e+00 -2.713142156600952148e+00 -2.958558797836303711e+00 -2.712391138076782227e+00 -2.514463901519775391e+00 -2.467888355255126953e+00 -2.697188854217529297e+00 -2.453801870346069336e+00 -2.499683618545532227e+00 -2.889775753021240234e+00 -2.795386075973510742e+00 -2.548428773880004883e+00 -2.564214468002319336e+00 -2.715698480606079102e+00
-4.097327291965484619e-01 -1.562297642230987549e-01 8.804751187562942505e-02 3.535775542259216309e-01 8.250569105148315430e-01 8.518629074096679688e-01 1.375276684761047363e+00 1.220005989074707031e+00 1.499170422554016113e+00 1.888772964477539062e+00 2.207583665847778320e+00 2.576487064361572266e+00 2.259576797485351562e+00 2.484323024749755859e+00 2.476735353469848633e+00 2.967660665512084961e+00 2.922263622283935547e+00 3.024011373519897461e+00 2.944879055023193359e+00 3.068508386611938477e+00 3.217568874359130859e+00 2.973666667938232422e+00 2.990701436996459961e+00 2.922382593154907227e+00 2.319705009460449219e+00 2.722094058990478516e+00 2.372023582458496094e+00 2.433875322341918945e+00 2.855455160140991211e+00 2.963501214981079102e+00 3.342854022979736328e+00 2.843292474746704102e+00 2.549833297729492188e+00 1.737806200981140137e+00 8.497689366340637207e-01 -1.212312430143356323e-01 -3.837259709835052490e-01 -4.956594705581665039e-01 -1.109958767890930176e+00 -1.280406832695007324e+00 -1.582990527153015137e+00 -1.385480880737304688e+00 -1.611453056335449219e+00 -1.634674310684204102e+00 -1.939459443092346191e+00 -2.577381134033203125e+00 -2.487648725509643555e+00 -2.269348144531250000e+00 -2.395973443984985352e+00 -2.793969392776489258e+00 -2.693700790405273438e+00 -2.863290548324584961e+00 -2.921763658523559570e+00 -3.059245109558105469e+00 -3.031280755996704102e+00 -2.794933319091796875e+00 -2.809726953506469727e+00 -2.328290462493896484e+00 -2.803777217864990234e+00 -2.843158721923828125e+00 -2.650021791458129883e+00 -2.846162796020507812e+00 -3.008712530136108398e+00 -2.861011743545532227e+00
-3.894030749797821045e-01 -4.749594032764434814e-01 3.905509784817695618e-02 2.871550023555755615e-01 9.580606222152709961e-01 1.125973582267761230e+00 1.604935407638549805e+00 1.759845972061157227e+00 2.008658885955810547e+00 2.293119907379150391e+00 2.111830949783325195e+00 2.489088535308837891e+00 2.312755584716796875e+00 2.615927219390869141e+00 2.873399972915649414e+00 2.986724615097045898e+00 3.234801769256591797e+00 3.055120468139648438e+00 3.012343406677246094e+00 3.426572561264038086e+00 3.674539327621459961e+00 3.868898868560791016e+00 3.593950986862182617e+00 3.390817165374755859e+00 2.750420093536376953e+00 2.456695318222045898e+00 2.702129840850830078e+00 2.727563142776489258e+00 2.783411741256713867e+00 3.254860401153564453e+00 3.024393320083618164e+00 2.706701278686523438e+00 2.561644792556762695e+00 1.561160206794738770e+00 1.013163566589355469e+00 1.652901917695999146e-01 -7.506635189056396484e-01 -8.265660405158996582e-01 -1.044246435165405273e+00 -1.174725651741027832e+00 -1.535104036331176758e+00 -1.577772259712219238e+00 -1.201294898986816406e+00 -1.953542828559875488e+00 -2.344530105590820312e+00 -2.185035228729248047e+00 -2.217208147048950195e+00 -1.966605305671691895e+00 -2.249716043472290039e+00 -2.576896667480468750e+00 -2.965058803558349609e+00 -3.111208915710449219e+00 -2.570512771606445312e+00 -2.436060190200805664e+00 -2.418273925781250000e+00 -2.906782388687133789e+00 -2.402690887451171875e+00 -2.680198669433593750e+00 -2.642951250076293945e+00 -2.744658470153808594e+00 -2.637335062026977539e+00 -2.765184879302978516e+00 -2.529476165771484375e+00 -2.859020948410034180e+00
-5.332682132720947266e-01 -2.059073001146316528e-01 6.272597610950469971e-02 2.803248167037963867e-01 6.393499970436096191e-01 1.129060864448547363e+00 1.662040948867797852e+00 1.654515981674194336e+00 1.406759142875671387e+00 2.150521278381347656e+00 2.675619363784790039e+00 2.599107980728149414e+00 2.757370710372924805e+00 3.008858442306518555e+00 3.285703897476196289e+00 3.193729639053344727e+00 3.269314289093017578e+00 3.129440069198608398e+00 3.103703260421752930e+00 3.462023735046386719e+00 3.401061296463012695e+00 3.526021480560302734e+00 3.826855182647705078e+00 3.143432617187500000e+00 3.280264377593994141e+00 3.092106103897094727e+00 3.085300683975219727e+00 2.665970325469970703e+00 2.860078811645507812e+00 3.029195785522460938e+00 2.777385711669921875e+00 2.691776514053344727e+00 2.743226051330566406e+00 1.837221026420593262e+00 8.086826801300048828e-01 -1.362311840057373047e-01 -9.028701782226562500e-01 -9.476329684257507324e-01 -9.450792074203491211e-01 -1.153371572494506836e+00 -1.067230582237243652e+00 -1.520781874656677246e+00 -1.458464741706848145e+00 -1.840034246444702148e+00 -1.772238612174987793e+00 -2.146847009658813477e+00 -2.271961688995361328e+00 -2.166402339935302734e+00 -2.026890993118286133e+00 -2.709433555603027344e+00 -2.456526994705200195e+00 -2.730503797531127930e+00 -2.984953403472900391e+00 -2.900772333145141602e+00 -3.039342641830444336e+00 -2.987037181854248047e+00 -2.578282833099365234e+00 -2.944720506668090820e+00 -2.723166227340698242e+00 -2.973983526229858398e+00 -2.976777315139770508e+00 -2.986601829528808594e+00 -2.590784549713134766e+00 -2.548777341842651367e+00
-3.465092480182647705e-01 -1.623855978250503540e-01 4.242459237575531006e-01 3.626193106174468994e-01 6.662135124206542969e-01 1.175009489059448242e+00 1.412292361259460449e+00 1.721756339073181152e+00 1.721496462821960449e+00 2.245986223220825195e+00 2.403261661529541016e+00 2.380361795425415039e+00 2.561283111572265625e+00 2.972593307495117188e+00 3.547934770584106445e+00 3.456073760986328125e+00 3.414296627044677734e+00 3.547151565551757812e+00 3.398180246353149414e+00 3.891342401504516602e+00 3.281374216079711914e+00 4.009571552276611328e+00 4.231617450714111328e+00 3.465530633926391602e+00 2.773552417755126953e+00 3.167467355728149414e+00 2.996808767318725586e+00 3.168431997299194336e+00 3.041798114776611328e+00 3.463539361953735352e+00 3.555005311965942383e+00 3.169430494308471680e+00 3.501664638519287109e+00 2.015103816986083984e+00 1.230453848838806152e+00 9.158577769994735718e-02 -8.469451665878295898e-01 -8.517810106277465820e-01 -1.077691793441772461e+00 -9.177435040473937988e-01 -1.228458046913146973e+00 -1.209044456481933594e+00 -1.439239978790283203e+00 -1.648938417434692383e+00 -2.242893695831298828e+00 -1.885759949684143066e+00 -2.159999370574951172e+00 -2.467658519744873047e+00 -2.401730060577392578e+00 -2.346649408340454102e+00 -2.297165632247924805e+00 -2.855259418487548828e+00 -2.811907529830932617e+00 -2.918695688247680664e+00 -2.507568120956420898e+00 -2.851616382598876953e+00 -2.935911178588867188e+00 -3.221580028533935547e+00 -3.368336439132690430e+00 -2.959669351577758789e+00 -2.962143421173095703e+00 -2.693733692169189453e+00 -3.019636869430541992e+00 -2.836910009384155273e+00
-2.081182301044464111e-01 -1.261011958122253418e-01 5.440007448196411133e-01 8.081787228584289551e-01 1.278054952621459961e+00 1.205262541770935059e+00 1.631837606430053711e+00 1.562372446060180664e+00 1.578821539878845215e+00 2.140781879425048828e+00 2.612188100814819336e+00 2.481421232223510742e+00 2.597480535507202148e+00 2.928070306777954102e+00 3.485443592071533203e+00 3.238280534744262695e+00 2.931446552276611328e+00 3.523527860641479492e+00 3.090749263763427734e+00 3.422886371612548828e+00 3.255186319351196289e+00 3.604673624038696289e+00 3.749894857406616211e+00 3.270295619964599609e+00 3.018394470214843750e+00 3.198546409606933594e+00 3.285724878311157227e+00 3.213867425918579102e+00 3.482856988906860352e+00 3.326332569122314453e+00 3.548109531402587891e+00 3.280869483947753906e+00 3.576998233795166016e+00 2.175845623016357422e+00 1.313872098922729492e+00 1.968964338302612305e-01 -9.280242919921875000e-01 -1.032910704612731934e+00 -1.172539472579956055e+00 -1.244715571403503418e+00 -1.127002477645874023e+00 -1.360748052597045898e+00 -1.310484170913696289e+00 -1.601383566856384277e+00 -1.943368077278137207e+00 -2.108043909072875977e+00 -2.167045831680297852e+00 -2.409884929656982422e+00 -2.150685071945190430e+00 -2.368068695068359375e+00 -2.153593778610229492e+00 -2.732485055923461914e+00 -2.714009761810302734e+00 -2.567706584930419922e+00 -2.888427734375000000e+00 -2.619086742401123047e+00 -2.845139026641845703e+00 -2.765730857849121094e+00 -2.729372978210449219e+00 -2.543342590332031250e+00 -3.020404815673828125e+00 -2.885100603103637695e+00 -2.773648500442504883e+00 -2.957905292510986328e+00
-2.646799385547637939e-02 -3.622806966304779053e-01 5.178025364875793457e-01 7.556898593902587891e-01 1.123842597007751465e+00 1.694678425788879395e+00 1.689726591110229492e+00 1.847536802291870117e+00 1.913906931877136230e+00 2.062208414077758789e+00 2.390063762664794922e+00 2.647617101669311523e+00 2.609335422515869141e+00 2.532249689102172852e+00 2.775646686553955078e+00 2.908681392669677734e+00 3.076081991195678711e+00 3.073669672012329102e+00 2.582633256912231445e+00 2.594136476516723633e+00 3.009565830230712891e+00 3.195205688476562500e+00 3.292617559432983398e+00 3.136648893356323242e+00 3.350768804550170898e+00 3.216490983963012695e+00 2.662690401077270508e+00 3.244946956634521484e+00 3.200676441192626953e+00 2.739979982376098633e+00 2.990591049194335938e+00 2.340362787246704102e+00 3.126704216003417969e+00 2.145093679428100586e+00 1.153292059898376465e+00 1.080664917826652527e-01 -9.099131226539611816e-01 -9.001770615577697754e-01 -1.137573361396789551e+00 -1.477705359458923340e+00 -1.302782297134399414e+00 -1.428160786628723145e+00 -1.598658919334411621e+00 -1.838932871818542480e+00 -1.941737294197082520e+00 -2.248054742813110352e+00 -2.314329624176025391e+00 -2.339069128036499023e+00 -2.527455806732177734e+00 -2.566236257553100586e+00 -2.532178640365600586e+00 -2.883350372314453125e+00 -2.858060836791992188e+00 -2.704097986221313477e+00 -2.686660289764404297e+00 -2.862715721130371094e+00 -2.730875253677368164e+00 -2.620969533920288086e+00 -3.022121429443359375e+00 -3.154518127441406250e+00 -3.027467012405395508e+00 -2.906413078308105469e+00 -3.085415363311767578e+00 -2.965941429138183594e+00
-1.671694219112396240e-01 1.417146343737840652e-02 8.779966235160827637e-01 1.096590876579284668e+00 1.317374348640441895e+00 1.539350867271423340e+00 1.799409270286560059e+00 1.636348962783813477e+00 1.740958213806152344e+00 1.824464201927185059e+00 2.162203550338745117e+00 2.454567909240722656e+00 2.351536750793457031e+00 2.254251718521118164e+00 2.756157636642456055e+00 2.647116422653198242e+00 3.055534601211547852e+00 2.936663627624511719e+00 2.562118053436279297e+00 2.800952434539794922e+00 2.654427528381347656e+00 2.515578508377075195e+00 2.690807819366455078e+00 3.007702350616455078e+00 3.011293649673461914e+00 3.585951566696166992e+00 3.105120420455932617e+00 4.033878326416015625e+00 3.956313848495483398e+00 3.613082170486450195e+00 3.157214879989624023e+00 3.367645740509033203e+00 3.109668970108032227e+00 2.624865770339965820e+00 1.347457289695739746e+00 9.116109460592269897e-02 -1.214029908180236816e+00 -1.178158640861511230e+00 -9.684147834777832031e-01 -1.128291726112365723e+00 -1.187464952468872070e+00 -1.518259048461914062e+00 -1.801795125007629395e+00 -1.977080702781677246e+00 -2.182021141052246094e+00 -2.444188833236694336e+00 -2.331181526184082031e+00 -1.897514343261718750e+00 -2.030777692794799805e+00 -2.267536878585815430e+00 -2.375804185867309570e+00 -2.726484298706054688e+00 -2.656384229660034180e+00 -2.707851648330688477e+00 -2.532841444015502930e+00 -3.092770099639892578e+00 -2.746838569641113281e+00 -2.648260354995727539e+00 -3.119388818740844727e+00 -3.024830341339111328e+00 -2.913512945175170898e+00 -2.626401901245117188e+00 -2.690701246261596680e+00 -2.487219810485839844e+00
2.400359809398651123e-01 1.098431274294853210e-01 6.273493766784667969e-01 9.850585460662841797e-01 1.370022892951965332e+00 1.559831261634826660e+00 1.440124273300170898e+00 1.737538933753967285e+00 1.743969559669494629e+00 1.701106190681457520e+00 1.920783162117004395e+00 2.382813453674316406e+00 2.281455755233764648e+00 2.194529771804809570e+00 3.015649318695068359e+00 2.734661817550659180e+00 2.957628965377807617e+00 3.128250360488891602e+00 2.894968032836914062e+00 2.932982444763183594e+00 3.139903783798217773e+00 2.726963281631469727e+00 2.911168098449707031e+00 3.099645853042602539e+00 3.150427818298339844e+00 3.108283519744873047e+00 3.078851938247680664e+00 3.042700767517089844e+00 3.671716213226318359e+00 3.166655540466308594e+00 3.731896877288818359e+00 2.848839044570922852e+00 2.835097789764404297e+00 2.460855960845947266e+00 1.441521406173706055e+00 4.479628801345825195e-01 -6.677400469779968262e-01 -6.894239187240600586e-01 -6.790316700935363770e-01 -1.290825009346008301e+00 -1.302171468734741211e+00 -1.619811654090881348e+00 -1.519506096839904785e+00 -2.162533998489379883e+00 -2.100813150405883789e+00 -2.644162654876708984e+00 -2.342645168304443359e+00 -2.019868373870849609e+00 -1.735814094543457031e+00 -2.205463171005249023e+00 -2.429969310760498047e+00 -2.662192106246948242e+00 -2.595973014831542969e+00 -2.677819252014160156e+00 -2.678595542907714844e+00 -2.726353406906127930e+00 -2.572945117950439453e+00 -2.750016450881958008e+00 -2.994687080383300781e+00 -2.804750442504882812e+00 -2.720961332321166992e+00 -2.704495191574096680e+00 -2.700573682785034180e+00 -2.851183414459228516e+00
1.718790978193283081e-01 1.688082702457904816e-03 -8.964868262410163879e-03 9.274253249168395996e-01 1.317309498786926270e+00 1.588549971580505371e+00 1.653310060501098633e+00 1.717439413070678711e+00 1.637145042419433594e+00 1.890638470649719238e+00 1.813210844993591309e+00 2.308130264282226562e+00 2.175940513610839844e+00 2.495090484619140625e+00 2.607265710830688477e+00 2.835156202316284180e+00 3.148750543594360352e+00 2.641197204589843750e+00 2.733300209045410156e+00 2.891734123229980469e+00 3.180654525756835938e+00 3.016890525817871094e+00 3.292265415191650391e+00 2.911524772644042969e+00 3.420236349105834961e+00 3.196817159652709961e+00 2.599383831024169922e+00 2.637453317642211914e+00 2.981625318527221680e+00 3.063039541244506836e+00 3.436779022216796875e+00 3.181381940841674805e+00 2.935754776000976562e+00 2.038501024246215820e+00 1.656884312629699707e+00 3.898144662380218506e-01 -7.714878320693969727e-01 -6.847485899925231934e-01 -1.011618494987487793e+00 -9.364500045776367188e-01 -1.300909876823425293e+00 -1.338704943656921387e+00 -1.633712768554687500e+00 -1.911549329757690430e+00 -2.159150838851928711e+00 -2.419172525405883789e+00 -2.093034029006958008e+00 -2.092746973037719727e+00 -1.845915794372558594e+00 -1.921034216880798340e+00 -2.167066097259521484e+00 -2.330403089523315430e+00 -2.339856863021850586e+00 -2.492443323135375977e+00 -2.805255651473999023e+00 -2.432257890701293945e+00 -2.614396333694458008e+00 -2.605239391326904297e+00 -2.584781169891357422e+00 -2.552373647689819336e+00 -2.516503810882568359e+00 -2.411106824874877930e+00 -2.843169450759887695e+00 -2.566769838333129883e+00
-1.080314666032791138e-01 -8.557420223951339722e-02 2.032208442687988281e-01 7.458178400993347168e-01 1.401236891746520996e+00 1.907860994338989258e+00 1.731576561927795410e+00 1.547921299934387207e+00 1.443848729133605957e+00 1.994271755218505859e+00 1.538645744323730469e+00 2.070034503936767578e+00 2.072843790054321289e+00 2.014252662658691406e+00 2.238571882247924805e+00 2.594532489776611328e+00 2.820609807968139648e+00 2.909044742584228516e+00 2.891036748886108398e+00 3.314881563186645508e+00 3.099930524826049805e+00 2.635086059570312500e+00 2.917958974838256836e+00 2.943158864974975586e+00 2.683303833007812500e+00 2.833557605743408203e+00 2.777023315429687500e+00 2.606379032135009766e+00 2.867105722427368164e+00 3.395440340042114258e+00 3.453908681869506836e+00 3.314642190933227539e+00 2.503266572952270508e+00 2.342112064361572266e+00 1.747650742530822754e+00 5.480542778968811035e-01 -7.407788634300231934e-01 -1.204966664314270020e+00 -1.404005527496337891e+00 -1.351891160011291504e+00 -1.224376678466796875e+00 -1.086808204650878906e+00 -1.687542915344238281e+00 -1.977929949760437012e+00 -2.255294084548950195e+00 -2.370217084884643555e+00 -2.016237497329711914e+00 -2.414094924926757812e+00 -1.933670043945312500e+00 -2.027953147888183594e+00 -2.058144092559814453e+00 -2.421164989471435547e+00 -2.836763381958007812e+00 -2.679617166519165039e+00 -3.016606092453002930e+00 -3.143719911575317383e+00 -2.722551822662353516e+00 -2.687860965728759766e+00 -2.555684328079223633e+00 -2.428363323211669922e+00 -2.652628421783447266e+00 -2.489747524261474609e+00 -2.641019821166992188e+00 -2.663470745086669922e+00
3.906661868095397949e-01 -5.158597975969314575e-02 3.313567489385604858e-02 7.449659705162048340e-01 1.658382892608642578e+00 1.726364612579345703e+00 1.437171816825866699e+00 1.460169315338134766e+00 1.815286040306091309e+00 2.055289268493652344e+00 1.836317896842956543e+00 1.930718898773193359e+00 2.460975646972656250e+00 2.348301649093627930e+00 2.716855049133300781e+00 2.197331666946411133e+00 2.452599287033081055e+00 2.328251600265502930e+00 2.886846065521240234e+00 2.855103731155395508e+00 2.630404472351074219e+00 2.753045082092285156e+00 2.741520643234252930e+00 2.932357072830200195e+00 2.987901687622070312e+00 2.945823192596435547e+00 2.758566856384277344e+00 2.688820362091064453e+00 3.164881706237792969e+00 2.969510555267333984e+00 3.535095691680908203e+00 3.465478658676147461e+00 3.080626487731933594e+00 2.602771282196044922e+00 2.075769186019897461e+00 5.402235984802246094e-01 -1.412493586540222168e-01 -3.864791691303253174e-01 -8.787140846252441406e-01 -7.664886116981506348e-01 -1.482594966888427734e+00 -1.491198062896728516e+00 -1.714120507240295410e+00 -1.966170787811279297e+00 -1.997127771377563477e+00 -2.409962415695190430e+00 -2.108945369720458984e+00 -1.777996540069580078e+00 -1.817130565643310547e+00 -2.026272296905517578e+00 -1.856997251510620117e+00 -2.497549533843994141e+00 -2.584437131881713867e+00 -2.636655092239379883e+00 -2.788481950759887695e+00 -3.186698198318481445e+00 -2.714824914932250977e+00 -2.726960897445678711e+00 -2.836745023727416992e+00 -2.969337224960327148e+00 -2.435906648635864258e+00 -2.563104629516601562e+00 -2.529619932174682617e+00 -2.903253078460693359e+00
2.758210599422454834e-01 1.868948042392730713e-01 4.967179000377655029e-01 9.261721372604370117e-01 1.693064928054809570e+00 2.056582450866699219e+00 1.640505433082580566e+00 1.524217128753662109e+00 1.642215371131896973e+00 2.284425497055053711e+00 1.686841487884521484e+00 1.757588505744934082e+00 2.171037673950195312e+00 2.341251611709594727e+00 2.717931985855102539e+00 2.521629810333251953e+00 2.307331800460815430e+00 2.409329652786254883e+00 2.899107456207275391e+00 3.264270782470703125e+00 3.415990591049194336e+00 2.843538522720336914e+00 3.102821350097656250e+00 2.920236587524414062e+00 2.716891288757324219e+00 2.344147443771362305e+00 2.652452468872070312e+00 3.090994834899902344e+00 2.722217559814453125e+00 3.531846284866333008e+00 3.004034996032714844e+00 3.019131898880004883e+00 2.993396282196044922e+00 2.385200262069702148e+00 2.240682601928710938e+00 6.311756968498229980e-01 -6.862242221832275391e-01 -7.539398670196533203e-01 -8.066271543502807617e-01 -7.750385403633117676e-01 -8.232017755508422852e-01 -1.346505045890808105e+00 -1.657899975776672363e+00 -1.909894943237304688e+00 -2.199718713760375977e+00 -2.395518779754638672e+00 -2.577909469604492188e+00 -1.830512046813964844e+00 -2.023791551589965820e+00 -2.140391826629638672e+00 -2.637201547622680664e+00 -2.690494060516357422e+00 -2.659298658370971680e+00 -2.994250774383544922e+00 -2.768690109252929688e+00 -2.880897045135498047e+00 -2.725115537643432617e+00 -2.781430482864379883e+00 -2.808227539062500000e+00 -2.969443321228027344e+00 -3.098280668258666992e+00 -3.053665399551391602e+00 -2.865703821182250977e+00 -2.802930116653442383e+00
3.710094988346099854e-01 3.743992149829864502e-01 4.860432446002960205e-01 9.533889889717102051e-01 1.380177855491638184e+00 1.812042713165283203e+00 1.821792006492614746e+00 1.836261510848999023e+00 1.969281435012817383e+00 2.014605045318603516e+00 1.444911241531372070e+00 1.574252486228942871e+00 2.143483161926269531e+00 2.148573398590087891e+00 2.696143865585327148e+00 2.664366722106933594e+00 2.630120038986206055e+00 2.699520587921142578e+00 2.973015308380126953e+00 3.008054256439208984e+00 3.092920064926147461e+00 3.141794919967651367e+00 3.221073865890502930e+00 2.756831645965576172e+00 2.477799177169799805e+00 2.188251256942749023e+00 2.352232217788696289e+00 3.013268709182739258e+00 2.921231746673583984e+00 2.900837659835815430e+00 2.740031719207763672e+00 3.043314933776855469e+00 2.710669994354248047e+00 2.606392621994018555e+00 2.003438472747802734e+00 5.095978975296020508e-01 -2.411679327487945557e-01 -4.091876745223999023e-01 -3.224410414695739746e-01 -1.033152461051940918e+00 -1.146313905715942383e+00 -1.287324190139770508e+00 -1.588847994804382324e+00 -2.096140623092651367e+00 -2.201071977615356445e+00 -2.177767515182495117e+00 -2.325931310653686523e+00 -1.779661536216735840e+00 -1.932734489440917969e+00 -2.019915580749511719e+00 -2.440934658050537109e+00 -2.997524976730346680e+00 -2.546337604522705078e+00 -2.816341161727905273e+00 -2.744697332382202148e+00 -2.897167682647705078e+00 -2.728818178176879883e+00 -3.000087022781372070e+00 -2.682328462600708008e+00 -2.856546401977539062e+00 -2.976864337921142578e+00 -2.871600151062011719e+00 -2.815207481384277344e+00 -2.235310316085815430e+00
5.461946129798889160e-01 6.593351960182189941e-01 5.542379617691040039e-01 8.493761420249938965e-01 1.465075135231018066e+00 1.802597641944885254e+00 1.975855708122253418e+00 1.979190468788146973e+00 1.698539137840270996e+00 2.521755695343017578e+00 1.843505978584289551e+00 2.019844770431518555e+00 2.159548759460449219e+00 2.384092807769775391e+00 2.770824670791625977e+00 2.798645019531250000e+00 2.822157859802246094e+00 2.792718648910522461e+00 3.178168058395385742e+00 3.148153066635131836e+00 3.234615802764892578e+00 3.077748537063598633e+00 2.666922569274902344e+00 2.781857013702392578e+00 2.354986906051635742e+00 2.649587154388427734e+00 2.711220979690551758e+00 2.816501379013061523e+00 2.952502250671386719e+00 3.205355644226074219e+00 2.853036642074584961e+00 3.050808429718017578e+00 2.543181419372558594e+00 2.557513952255249023e+00 1.661171793937683105e+00 4.443871676921844482e-01 -2.791737392544746399e-02 2.242337539792060852e-02 -5.835582017898559570e-01 -8.072644472122192383e-01 -1.030082464218139648e+00 -8.137601613998413086e-01 -1.264998316764831543e+00 -1.429267644882202148e+00 -2.167622089385986328e+00 -2.044350385665893555e+00 -2.218297243118286133e+00 -1.915447711944580078e+00 -1.624180555343627930e+00 -2.258361339569091797e+00 -2.389372348785400391e+00 -2.825493574142456055e+00 -2.929007530212402344e+00 -2.915114164352416992e+00 -2.891291856765747070e+00 -2.665903806686401367e+00 -2.690780639648437500e+00 -2.467571258544921875e+00 -3.593377351760864258e+00 -2.761291503906250000e+00 -2.766383647918701172e+00 -2.746796607971191406e+00 -2.853170394897460938e+00 -3.642154693603515625e+00
8.499851822853088379e-01 5.319089889526367188e-01 5.934464931488037109e-01 9.345249533653259277e-01 1.662374377250671387e+00 2.242600440979003906e+00 2.074974060058593750e+00 1.850306510925292969e+00 1.905990600585937500e+00 2.411025762557983398e+00 2.405172824859619141e+00 2.345590353012084961e+00 2.551838636398315430e+00 2.414313793182373047e+00 2.930781602859497070e+00 2.473583459854125977e+00 3.071481227874755859e+00 3.155131101608276367e+00 3.179279088973999023e+00 3.671995639801025391e+00 3.468487501144409180e+00 3.022487878799438477e+00 2.991745948791503906e+00 2.717750072479248047e+00 3.040836095809936523e+00 2.867679119110107422e+00 2.732254505157470703e+00 2.685750007629394531e+00 3.013747692108154297e+00 2.943832874298095703e+00 2.780668020248413086e+00 2.967972040176391602e+00 2.655128240585327148e+00 2.524326324462890625e+00 1.917153596878051758e+00 4.370731115341186523e-01 8.689652197062969208e-03 -1.818232536315917969e-01 -5.755954384803771973e-01 -7.291677594184875488e-01 -1.009940385818481445e+00 -9.796069264411926270e-01 -1.439112901687622070e+00 -1.150672435760498047e+00 -1.920760393142700195e+00 -1.954123854637145996e+00 -1.868432521820068359e+00 -1.637068033218383789e+00 -2.126962900161743164e+00 -2.316526174545288086e+00 -2.634927034378051758e+00 -3.080931663513183594e+00 -3.073194980621337891e+00 -2.872233152389526367e+00 -2.626458644866943359e+00 -2.842321157455444336e+00 -2.719524145126342773e+00 -2.754820823669433594e+00 -2.854700565338134766e+00 -3.081975936889648438e+00 -2.471051692962646484e+00 -2.611279010772705078e+00 -3.012661218643188477e+00 -2.944331645965576172e+00
8.333469033241271973e-01 8.291248083114624023e-01 7.316078543663024902e-01 1.063960313796997070e+00 1.456769704818725586e+00 2.074771881103515625e+00 1.899477481842041016e+00 1.985581398010253906e+00 1.891710519790649414e+00 2.097973585128784180e+00 2.563917160034179688e+00 2.165166378021240234e+00 2.404777526855468750e+00 2.328236103057861328e+00 2.684799909591674805e+00 2.837992668151855469e+00 3.161150455474853516e+00 3.241137742996215820e+00 2.805481672286987305e+00 3.358721733093261719e+00 3.199981927871704102e+00 3.225323438644409180e+00 3.160879611968994141e+00 2.834201097488403320e+00 2.837640047073364258e+00 3.126241922378540039e+00 2.998886346817016602e+00 3.088008642196655273e+00 2.743335723876953125e+00 3.241446018218994141e+00 2.814359903335571289e+00 3.366134881973266602e+00 2.821451902389526367e+00 3.020632743835449219e+00 2.004214048385620117e+00 5.340015888214111328e-01 5.136588960886001587e-02 -1.523100137710571289e-01 -5.351143479347229004e-01 -6.979182362556457520e-01 -1.028209567070007324e+00 -1.479935169219970703e+00 -9.440433979034423828e-01 -1.486266016960144043e+00 -1.782059669494628906e+00 -1.672867655754089355e+00 -1.680062532424926758e+00 -1.578005433082580566e+00 -1.959828853607177734e+00 -1.992798566818237305e+00 -1.898519039154052734e+00 -2.780716657638549805e+00 -2.877085447311401367e+00 -2.769894123077392578e+00 -2.508323907852172852e+00 -2.715628385543823242e+00 -2.684610605239868164e+00 -2.486035823822021484e+00 -2.730317831039428711e+00 -2.845571517944335938e+00 -2.308258771896362305e+00 -2.663577556610107422e+00 -2.311208486557006836e+00 -2.445644140243530273e+00
7.643591761589050293e-01 7.399713397026062012e-01 9.511544704437255859e-01 9.022933840751647949e-01 1.729560017585754395e+00 2.142208576202392578e+00 2.036414861679077148e+00 1.931520223617553711e+00 2.035686492919921875e+00 2.351168870925903320e+00 2.495707035064697266e+00 2.269780158996582031e+00 2.544126987457275391e+00 2.305526256561279297e+00 2.610872983932495117e+00 2.810669183731079102e+00 2.914109468460083008e+00 3.322999954223632812e+00 3.021862983703613281e+00 3.163302183151245117e+00 3.493228435516357422e+00 3.420477867126464844e+00 3.159174442291259766e+00 3.161249637603759766e+00 3.062934637069702148e+00 3.110454559326171875e+00 2.908543348312377930e+00 2.653764247894287109e+00 3.231220483779907227e+00 3.298427581787109375e+00 3.195096015930175781e+00 3.604923009872436523e+00 2.954875469207763672e+00 3.110164403915405273e+00 2.392807483673095703e+00 8.930874466896057129e-01 4.343880712985992432e-01 1.941577345132827759e-01 -5.136126875877380371e-01 -6.572399735450744629e-01 -8.352454900741577148e-01 -1.223093748092651367e+00 -1.402896404266357422e+00 -1.665252923965454102e+00 -1.774238348007202148e+00 -1.812297701835632324e+00 -2.054544687271118164e+00 -1.518543124198913574e+00 -1.946208834648132324e+00 -1.500086307525634766e+00 -2.075284957885742188e+00 -2.316029310226440430e+00 -2.422466516494750977e+00 -2.616621494293212891e+00 -2.474387884140014648e+00 -2.467864274978637695e+00 -2.823896646499633789e+00 -2.719872474670410156e+00 -2.930874109268188477e+00 -2.607751131057739258e+00 -2.044356346130371094e+00 -2.437580585479736328e+00 -2.606878757476806641e+00 -2.672712564468383789e+00
7.787286639213562012e-01 8.668270111083984375e-01 8.077653646469116211e-01 9.531220793724060059e-01 1.434432506561279297e+00 1.851145744323730469e+00 1.861486673355102539e+00 2.352312564849853516e+00 2.144835472106933594e+00 2.555937051773071289e+00 2.656602144241333008e+00 2.566497087478637695e+00 2.624080181121826172e+00 2.324468612670898438e+00 2.995538473129272461e+00 2.915685415267944336e+00 3.306346178054809570e+00 3.540852069854736328e+00 3.219691276550292969e+00 3.454344272613525391e+00 3.353811979293823242e+00 3.515138149261474609e+00 3.652631759643554688e+00 3.384330987930297852e+00 3.575873613357543945e+00 3.462109088897705078e+00 3.059600591659545898e+00 3.554880380630493164e+00 3.578793287277221680e+00 3.480596303939819336e+00 3.372033119201660156e+00 3.105464220046997070e+00 3.098258495330810547e+00 3.364827156066894531e+00 2.287847995758056641e+00 1.655967116355895996e+00 6.548706889152526855e-01 1.567094475030899048e-01 -6.835334897041320801e-01 -1.120312690734863281e+00 -9.775876998901367188e-01 -1.170278191566467285e+00 -1.063975691795349121e+00 -1.497583746910095215e+00 -1.894543766975402832e+00 -1.753503441810607910e+00 -1.788628101348876953e+00 -2.002772092819213867e+00 -1.600818037986755371e+00 -1.767782449722290039e+00 -2.085091352462768555e+00 -2.652472734451293945e+00 -2.806358098983764648e+00 -2.120562791824340820e+00 -2.463121175765991211e+00 -2.731437444686889648e+00 -2.390459775924682617e+00 -2.718441963195800781e+00 -2.389285087585449219e+00 -2.711560964584350586e+00 -2.413532495498657227e+00 -2.422125577926635742e+00 -2.503376960754394531e+00 -1.753041148185729980e+00
6.787039041519165039e-01 7.458480596542358398e-01 9.708192944526672363e-01 1.292484998703002930e+00 1.633260488510131836e+00 1.691062927246093750e+00 2.090228319168090820e+00 2.371125221252441406e+00 2.122830390930175781e+00 2.521203517913818359e+00 2.346956968307495117e+00 2.652915716171264648e+00 2.383272171020507812e+00 2.364590406417846680e+00 2.560935735702514648e+00 2.756340265274047852e+00 2.963151693344116211e+00 2.882042169570922852e+00 3.511370420455932617e+00 3.465538263320922852e+00 3.485390901565551758e+00 3.479876518249511719e+00 2.941626071929931641e+00 3.024637937545776367e+00 3.411585569381713867e+00 3.180191993713378906e+00 2.978143692016601562e+00 2.958634138107299805e+00 3.375856637954711914e+00 3.150382280349731445e+00 3.331331729888916016e+00 2.703193664550781250e+00 2.310325860977172852e+00 2.600572347640991211e+00 1.660916924476623535e+00 1.498713254928588867e+00 6.516156196594238281e-01 1.806350946426391602e-01 -4.685291647911071777e-01 -7.161613702774047852e-01 -8.129192590713500977e-01 -1.221443533897399902e+00 -1.290377259254455566e+00 -1.440845966339111328e+00 -1.832428932189941406e+00 -1.658259987831115723e+00 -1.912913441658020020e+00 -1.930884480476379395e+00 -1.504789113998413086e+00 -1.501357316970825195e+00 -2.061155796051025391e+00 -2.504120111465454102e+00 -3.085662841796875000e+00 -2.596174240112304688e+00 -2.873024463653564453e+00 -2.477291107177734375e+00 -2.697987318038940430e+00 -2.794972419738769531e+00 -2.737946510314941406e+00 -2.947291851043701172e+00 -2.660176992416381836e+00 -2.341824769973754883e+00 -2.325160026550292969e+00 -2.565292835235595703e+00
4.091679453849792480e-01 4.125263690948486328e-01 7.878700494766235352e-01 1.434393644332885742e+00 1.334273099899291992e+00 1.869384884834289551e+00 2.189160346984863281e+00 2.189009428024291992e+00 1.916500449180603027e+00 2.173555135726928711e+00 2.207197427749633789e+00 2.221966028213500977e+00 2.182659149169921875e+00 1.923488140106201172e+00 2.495693683624267578e+00 2.619370698928833008e+00 2.894215106964111328e+00 2.968412876129150391e+00 3.223260164260864258e+00 3.381492376327514648e+00 3.059057474136352539e+00 2.908346176147460938e+00 3.032587051391601562e+00 2.994839906692504883e+00 2.489106655120849609e+00 2.967566490173339844e+00 2.953621149063110352e+00 3.146692276000976562e+00 2.824893951416015625e+00 2.866010427474975586e+00 2.871410131454467773e+00 2.749920129776000977e+00 2.327068328857421875e+00 2.167702436447143555e+00 1.720064401626586914e+00 1.768324613571166992e+00 9.765946269035339355e-01 1.802145093679428101e-01 -6.588427424430847168e-01 -8.456616997718811035e-01 -6.635045409202575684e-01 -1.300674319267272949e+00 -1.378378987312316895e+00 -1.341267466545104980e+00 -1.870599508285522461e+00 -1.896585583686828613e+00 -1.926233887672424316e+00 -1.834096312522888184e+00 -1.717875480651855469e+00 -1.178161740303039551e+00 -1.540880560874938965e+00 -2.063215732574462891e+00 -2.657632112503051758e+00 -2.306627273559570312e+00 -2.576032161712646484e+00 -2.395095825195312500e+00 -2.426021099090576172e+00 -2.708629846572875977e+00 -2.529485464096069336e+00 -2.357311010360717773e+00 -2.260468482971191406e+00 -2.381419420242309570e+00 -2.398974180221557617e+00 -2.782878398895263672e+00
2.946273684501647949e-01 2.368479073047637939e-01 4.878859221935272217e-01 1.067602276802062988e+00 1.584549546241760254e+00 2.040534734725952148e+00 2.204637050628662109e+00 2.030981302261352539e+00 1.765226960182189941e+00 2.311303853988647461e+00 2.111932516098022461e+00 2.000916004180908203e+00 2.085680246353149414e+00 2.175114393234252930e+00 2.355902910232543945e+00 2.725022077560424805e+00 2.426558971405029297e+00 2.593465566635131836e+00 2.947971582412719727e+00 2.862766504287719727e+00 3.175095558166503906e+00 2.697952270507812500e+00 2.886732816696166992e+00 2.781029701232910156e+00 2.629992008209228516e+00 2.548341035842895508e+00 2.640773296356201172e+00 3.136050701141357422e+00 3.232266187667846680e+00 3.046847105026245117e+00 2.941740036010742188e+00 2.492321968078613281e+00 2.136106491088867188e+00 2.219526767730712891e+00 1.720358967781066895e+00 1.477565169334411621e+00 1.055925250053405762e+00 2.060253322124481201e-01 -8.396338224411010742e-01 -8.846760988235473633e-01 -9.073985815048217773e-01 -1.134690523147583008e+00 -1.066627621650695801e+00 -1.720318794250488281e+00 -1.816333055496215820e+00 -1.935130953788757324e+00 -1.960763454437255859e+00 -1.907894492149353027e+00 -1.924663782119750977e+00 -2.221754312515258789e+00 -2.154440641403198242e+00 -2.320483207702636719e+00 -2.005525588989257812e+00 -2.090659618377685547e+00 -2.270421266555786133e+00 -2.674012660980224609e+00 -2.577368736267089844e+00 -2.761959075927734375e+00 -2.820266246795654297e+00 -2.926347255706787109e+00 -2.807434082031250000e+00 -2.509871006011962891e+00 -2.381289482116699219e+00 -2.966585397720336914e+00
2.937372326850891113e-01 3.654394447803497314e-01 7.347012758255004883e-01 1.042963743209838867e+00 1.849669218063354492e+00 1.869080662727355957e+00 2.161072254180908203e+00 2.198824167251586914e+00 2.206835031509399414e+00 2.402065038681030273e+00 2.207421064376831055e+00 2.276448011398315430e+00 2.258382797241210938e+00 2.231491088867187500e+00 2.591332197189331055e+00 2.554531574249267578e+00 2.701819658279418945e+00 2.741332769393920898e+00 3.075723886489868164e+00 2.885979890823364258e+00 3.032228469848632812e+00 2.802900791168212891e+00 2.969035387039184570e+00 2.814833879470825195e+00 3.022788047790527344e+00 3.051441431045532227e+00 3.161456823348999023e+00 2.991710424423217773e+00 2.973556756973266602e+00 3.332965612411499023e+00 3.337446928024291992e+00 2.770437717437744141e+00 2.176565885543823242e+00 2.112098932266235352e+00 2.031327486038208008e+00 2.157203197479248047e+00 1.094578385353088379e+00 3.756230175495147705e-01 -1.082075476646423340e+00 -1.118896007537841797e+00 -1.052305817604064941e+00 -1.152109146118164062e+00 -1.278984665870666504e+00 -1.689957857131958008e+00 -1.628778100013732910e+00 -1.604136466979980469e+00 -1.980885386466979980e+00 -2.314969539642333984e+00 -2.028953790664672852e+00 -2.294294357299804688e+00 -2.261060237884521484e+00 -2.208124399185180664e+00 -2.421766042709350586e+00 -2.277905225753784180e+00 -2.503613233566284180e+00 -2.704376459121704102e+00 -2.816603899002075195e+00 -2.622715234756469727e+00 -2.995551347732543945e+00 -2.959484100341796875e+00 -2.772547483444213867e+00 -2.857915401458740234e+00 -2.363565683364868164e+00 -2.130817174911499023e+00
2.335442602634429932e-01 3.825354278087615967e-01 5.856394767761230469e-01 1.112259745597839355e+00 1.653099656105041504e+00 2.081889629364013672e+00 2.132333755493164062e+00 2.281308174133300781e+00 2.127395153045654297e+00 2.184259414672851562e+00 2.217187404632568359e+00 2.507660388946533203e+00 2.272693634033203125e+00 2.423688173294067383e+00 2.357832908630371094e+00 2.468266487121582031e+00 2.709652185440063477e+00 2.903970003128051758e+00 2.829387664794921875e+00 2.978829383850097656e+00 2.549752950668334961e+00 2.729108333587646484e+00 2.898830652236938477e+00 2.648392677307128906e+00 2.407005310058593750e+00 2.623187065124511719e+00 2.845975875854492188e+00 3.051840543746948242e+00 2.998354673385620117e+00 2.632074117660522461e+00 2.603079319000244141e+00 2.747698545455932617e+00 2.289758682250976562e+00 1.971262693405151367e+00 2.000794410705566406e+00 1.725556969642639160e+00 1.394291162490844727e+00 9.302563667297363281e-01 -1.082829236984252930e+00 -1.077302098274230957e+00 -8.897244334220886230e-01 -1.529510736465454102e+00 -1.513503193855285645e+00 -1.566288709640502930e+00 -1.962120175361633301e+00 -1.908094048500061035e+00 -2.124005794525146484e+00 -2.382872819900512695e+00 -2.463899612426757812e+00 -2.286105394363403320e+00 -2.029744863510131836e+00 -2.165383577346801758e+00 -2.387164592742919922e+00 -2.413830280303955078e+00 -2.098119497299194336e+00 -2.452595949172973633e+00 -2.499935865402221680e+00 -2.783387184143066406e+00 -2.553620338439941406e+00 -2.442816734313964844e+00 -2.241231203079223633e+00 -2.041351556777954102e+00 -2.433149814605712891e+00 -2.862589359283447266e+00
1.318722814321517944e-01 7.202790975570678711e-01 7.642299532890319824e-01 8.867336511611938477e-01 1.233300209045410156e+00 1.384397149085998535e+00 1.511014461517333984e+00 1.632703542709350586e+00 1.727834463119506836e+00 1.721512317657470703e+00 1.564191102981567383e+00 1.643741607666015625e+00 1.657643556594848633e+00 1.843855381011962891e+00 1.307796001434326172e+00 1.209677934646606445e+00 1.388784170150756836e+00 1.565837264060974121e+00 1.691262841224670410e+00 1.393115878105163574e+00 1.491774320602416992e+00 1.659741282463073730e+00 1.654862403869628906e+00 1.696698069572448730e+00 1.538674473762512207e+00 1.651975035667419434e+00 1.637665271759033203e+00 1.291524529457092285e+00 8.480141758918762207e-01 1.346604347229003906e+00 1.556910395622253418e+00 1.236734271049499512e+00 1.322349667549133301e+00 6.572024822235107422e-01 4.538061320781707764e-01 1.144343495368957520e+00 6.602370142936706543e-01 -3.696905672550201416e-01 -1.095784783363342285e+00 -1.088832139968872070e+00 -1.499617338180541992e+00 -1.696851253509521484e+00 -1.715059518814086914e+00 -1.841277480125427246e+00 -1.855864167213439941e+00 -1.947600841522216797e+00 -2.164265394210815430e+00 -2.193542957305908203e+00 -2.453931808471679688e+00 -2.174832105636596680e+00 -2.219444274902343750e+00 -2.124109029769897461e+00 -2.151540994644165039e+00 -2.004951000213623047e+00 -2.468790054321289062e+00 -2.483626365661621094e+00 -2.377527475357055664e+00 -2.453915834426879883e+00 -2.455746173858642578e+00 -2.315360069274902344e+00 -2.329456090927124023e+00 -2.419229269027709961e+00 -2.408821821212768555e+00 -2.315430164337158203e+00
-2.240910753607749939e-02 8.084630966186523438e-02 3.816771209239959717e-01 5.683759599924087524e-02 2.422477900981903076e-01 3.226337730884552002e-01 5.972700119018554688e-01 8.012471199035644531e-01 6.234829425811767578e-01 7.016596198081970215e-01 4.874982535839080811e-01 6.212329864501953125e-01 6.973971128463745117e-01 5.757449269294738770e-01 6.215289831161499023e-01 6.818519830703735352e-01 8.400532603263854980e-01 1.028191804885864258e+00 1.047493338584899902e+00 1.067783355712890625e+00 7.726466059684753418e-01 1.127052783966064453e+00 8.157109022140502930e-01 7.593020200729370117e-01 9.355728626251220703e-01 7.965242266654968262e-01 8.156044483184814453e-01 8.629459738731384277e-01 3.963322937488555908e-01 3.047736585140228271e-01 6.789618134498596191e-01 6.752378940582275391e-01 4.795926809310913086e-01 5.018667578697204590e-01 -8.891789615154266357e-02 5.146623849868774414e-01 3.985336422920227051e-01 -6.024470329284667969e-01 -1.404761314392089844e+00 -1.783650040626525879e+00 -1.811957240104675293e+00 -1.933304071426391602e+00 -1.817832231521606445e+00 -1.785406112670898438e+00 -1.957024216651916504e+00 -2.301374197006225586e+00 -2.230287075042724609e+00 -2.201638698577880859e+00 -2.256780147552490234e+00 -2.546442985534667969e+00 -2.449091196060180664e+00 -2.519518136978149414e+00 -2.109921693801879883e+00 -2.503048181533813477e+00 -2.761785268783569336e+00 -2.836067914962768555e+00 -2.817723989486694336e+00 -3.156536579132080078e+00 -2.921409368515014648e+00 -3.115455150604248047e+00 -2.826733112335205078e+00 -2.673734664916992188e+00 -2.937007188796997070e+00 -2.744378566741943359e+00
-5.235474109649658203e-01 -2.660346627235412598e-01 -3.403500020503997803e-01 -1.029620885848999023e+00 -7.476698756217956543e-01 -4.537745714187622070e-01 -5.733815431594848633e-01 -3.109695911407470703e-01 -5.426278114318847656e-01 -2.859785854816436768e-01 -8.315358161926269531e-01 -4.638531804084777832e-01 -5.448602437973022461e-01 -6.466116905212402344e-01 -3.974574804306030273e-01 -4.952976107597351074e-01 -5.973252058029174805e-01 -3.916290402412414551e-01 -3.810635507106781006e-01 -2.022726237773895264e-01 5.575369112193584442e-03 -2.486906945705413818e-01 -1.173551753163337708e-01 -4.811549782752990723e-01 -3.089508414268493652e-01 -4.619352221488952637e-01 -1.305861175060272217e-01 -7.430320233106613159e-02 1.229150146245956421e-01 -1.488761752843856812e-01 -7.136171311140060425e-02 2.506372928619384766e-01 -5.405461192131042480e-01 -5.862051844596862793e-01 -8.550164103507995605e-01 -6.633758544921875000e-01 -9.006165266036987305e-01 -1.302882432937622070e+00 -1.494133472442626953e+00 -1.888306498527526855e+00 -2.068378210067749023e+00 -1.873586893081665039e+00 -1.831212282180786133e+00 -1.882975339889526367e+00 -1.834596872329711914e+00 -2.086785793304443359e+00 -2.080316781997680664e+00 -2.257765293121337891e+00 -2.639027833938598633e+00 -2.248915433883666992e+00 -2.237604379653930664e+00 -2.873028278350830078e+00 -2.542860031127929688e+00 -2.622952938079833984e+00 -2.471411466598510742e+00 -3.017725229263305664e+00 -2.890312671661376953e+00 -3.317036867141723633e+00 -3.156380653381347656e+00 -3.166310787200927734e+00 -3.031938552856445312e+00 -2.913478612899780273e+00 -3.058621406555175781e+00 -2.721271514892578125e+00
-9.617834091186523438e-01 -6.296083331108093262e-01 -2.911987006664276123e-01 -8.067566752433776855e-01 -9.420111179351806641e-01 -6.650682687759399414e-01 -9.340164661407470703e-01 -6.880976557731628418e-01 -6.618900299072265625e-01 -5.509657263755798340e-01 -4.938291013240814209e-01 -5.330042839050292969e-01 -7.757599353790283203e-01 -4.993830323219299316e-01 -7.146888375282287598e-01 -8.852734565734863281e-01 -1.086472272872924805e+00 -8.512744307518005371e-01 -6.151676177978515625e-01 -6.690309047698974609e-01 -2.505846321582794189e-01 -3.218410536646842957e-02 -1.288175284862518311e-01 -1.618993580341339111e-01 -2.684760987758636475e-01 -6.170516014099121094e-01 -6.881925463676452637e-01 -3.343234062194824219e-01 -5.776094794273376465e-01 -6.772436499595642090e-01 -5.950249433517456055e-01 -5.509862303733825684e-01 -4.222669005393981934e-01 -5.269488692283630371e-01 -1.025586724281311035e+00 -8.578861355781555176e-01 -1.100332498550415039e+00 -1.411318182945251465e+00 -1.996181368827819824e+00 -2.226636886596679688e+00 -2.330142021179199219e+00 -1.839811086654663086e+00 -1.779665231704711914e+00 -1.958676576614379883e+00 -2.105020046234130859e+00 -1.814736723899841309e+00 -2.045531034469604492e+00 -2.252051591873168945e+00 -2.433951616287231445e+00 -2.384107351303100586e+00 -2.584269285202026367e+00 -2.455757617950439453e+00 -2.210296869277954102e+00 -2.463030099868774414e+00 -2.795776844024658203e+00 -2.796865701675415039e+00 -2.911348342895507812e+00 -3.116553544998168945e+00 -2.900456428527832031e+00 -2.789535284042358398e+00 -2.868612289428710938e+00 -3.023110866546630859e+00 -2.811217784881591797e+00 -2.820759296417236328e+00
-1.261492013931274414e+00 -1.359062075614929199e+00 -3.707858547568321228e-02 -2.697516679763793945e-01 -7.754943966865539551e-01 -4.131673276424407959e-01 -1.066154241561889648e+00 -4.752584397792816162e-01 -3.270220756530761719e-01 -7.788854241371154785e-01 -3.650881350040435791e-01 -1.476757824420928955e-01 -3.264117836952209473e-01 -5.134319663047790527e-01 -6.963832378387451172e-01 -8.062455058097839355e-01 -5.153365135192871094e-01 -5.665265321731567383e-01 -5.303999781608581543e-01 -4.225823283195495605e-01 -5.235050320625305176e-01 -2.087136358022689819e-01 -1.756870299577713013e-01 -3.289757668972015381e-01 -6.674917340278625488e-01 -6.368655562400817871e-01 -7.063273787498474121e-01 -7.555360198020935059e-01 -3.508864641189575195e-01 -7.523004412651062012e-01 -3.670927584171295166e-01 -6.676645874977111816e-01 -4.621339738368988037e-01 -1.149846315383911133e+00 -1.151446223258972168e+00 -9.131501913070678711e-01 -1.477335691452026367e+00 -1.526137113571166992e+00 -2.188227891921997070e+00 -2.213152170181274414e+00 -1.910995841026306152e+00 -1.918250679969787598e+00 -1.894084572792053223e+00 -1.911542415618896484e+00 -1.992607951164245605e+00 -2.149102687835693359e+00 -2.348310708999633789e+00 -2.224181890487670898e+00 -2.387699127197265625e+00 -2.747667789459228516e+00 -2.871868371963500977e+00 -3.123351812362670898e+00 -2.975534439086914062e+00 -2.993998289108276367e+00 -3.066202878952026367e+00 -2.494114875793457031e+00 -3.204546689987182617e+00 -2.775120496749877930e+00 -2.727504968643188477e+00 -3.103421926498413086e+00 -3.077698469161987305e+00 -2.934278011322021484e+00 -2.997701883316040039e+00 -3.099596738815307617e+00
-4.444933831691741943e-01 -6.499165296554565430e-01 -3.665748834609985352e-01 -2.465963363647460938e-01 -1.058554351329803467e-01 -4.074170291423797607e-01 1.276583522558212280e-01 -9.800722450017929077e-02 -9.355770051479339600e-02 -2.806854248046875000e-01 -4.075942635536193848e-01 -4.397451579570770264e-01 -1.497290730476379395e-01 -1.368370801210403442e-01 -6.915562152862548828e-01 -6.563866734504699707e-01 -3.044513761997222900e-01 -3.572319447994232178e-01 -1.178711354732513428e-01 -9.444658458232879639e-02 -6.146950125694274902e-01 -2.948772609233856201e-01 2.145697548985481262e-02 -8.231138586997985840e-01 -8.056815266609191895e-01 -9.976149797439575195e-01 -8.889158964157104492e-01 -5.999711155891418457e-01 -4.373790621757507324e-01 -3.499639332294464111e-01 -3.418573737144470215e-01 -6.654328107833862305e-01 -6.061241030693054199e-01 -8.804000616073608398e-01 -1.026419043540954590e+00 -1.451178908348083496e+00 -1.406695127487182617e+00 -1.448024153709411621e+00 -2.474092245101928711e+00 -2.765265941619873047e+00 -2.547171592712402344e+00 -1.991887569427490234e+00 -2.125203132629394531e+00 -2.475488901138305664e+00 -2.511376142501831055e+00 -2.099986076354980469e+00 -2.063940048217773438e+00 -2.387615680694580078e+00 -2.234585285186767578e+00 -2.614797353744506836e+00 -3.346357107162475586e+00 -3.560335159301757812e+00 -3.367282390594482422e+00 -3.186210393905639648e+00 -3.044320583343505859e+00 -3.379803419113159180e+00 -2.827743291854858398e+00 -3.353351593017578125e+00 -3.451968669891357422e+00 -3.482572793960571289e+00 -3.938611268997192383e+00 -3.966170549392700195e+00 -2.594564676284790039e+00 -2.644836664199829102e+00
-4.264515340328216553e-01 -4.137902557849884033e-01 -9.805741906166076660e-01 -1.922350078821182251e-01 -6.089258193969726562e-01 -6.981907039880752563e-02 5.846047401428222656e-02 -2.074279487133026123e-01 -4.215845167636871338e-01 -2.088536173105239868e-01 -2.405535727739334106e-01 -1.301407217979431152e-01 7.063993811607360840e-02 -5.574788451194763184e-01 -2.991098463535308838e-01 1.419670879840850830e-04 -4.270092546939849854e-01 -5.885570645332336426e-01 -1.616690754890441895e-01 -1.993856132030487061e-01 2.360121160745620728e-01 -1.319355219602584839e-01 -1.648784875869750977e-01 -5.178161263465881348e-01 -7.292893528938293457e-01 -6.099365949630737305e-01 -7.228606939315795898e-01 -4.026888012886047363e-01 -3.841139078140258789e-01 -2.577028274536132812e-01 -5.727991461753845215e-01 -5.534431934356689453e-01 -6.678022742271423340e-01 -4.960223138332366943e-01 -9.598962664604187012e-01 -1.260486364364624023e+00 -1.281995296478271484e+00 -1.221497178077697754e+00 -2.422142744064331055e+00 -2.339527368545532227e+00 -2.248770475387573242e+00 -2.147064447402954102e+00 -2.204614877700805664e+00 -2.282997608184814453e+00 -2.590964317321777344e+00 -2.039379358291625977e+00 -1.892995595932006836e+00 -2.537670612335205078e+00 -2.877028226852416992e+00 -3.017979145050048828e+00 -3.181611776351928711e+00 -3.626506328582763672e+00 -2.883367061614990234e+00 -3.533783435821533203e+00 -3.439409971237182617e+00 -3.462317466735839844e+00 -3.431766033172607422e+00 -3.035099744796752930e+00 -3.416548967361450195e+00 -2.918062686920166016e+00 -3.561235427856445312e+00 -3.230175733566284180e+00 -3.129846334457397461e+00 -2.835773944854736328e+00
-9.956936836242675781e-01 -5.542950630187988281e-01 -4.415509998798370361e-01 -2.317111492156982422e-01 -3.731380105018615723e-01 3.856558501720428467e-01 2.724556922912597656e-01 1.475175023078918457e-01 3.109704256057739258e-01 2.491725683212280273e-01 4.819082841277122498e-02 -2.584801912307739258e-01 1.092077195644378662e-01 -4.756386876106262207e-01 -1.378542482852935791e-01 5.210578441619873047e-02 -1.276470720767974854e-01 -1.372312456369400024e-01 -7.633327692747116089e-02 1.062693744897842407e-01 -1.278515905141830444e-01 -7.992711067199707031e-01 -5.776098370552062988e-01 -8.782050013542175293e-01 -8.646077513694763184e-01 -1.013684868812561035e+00 -2.863108217716217041e-01 -2.424094676971435547e-01 -5.431888103485107422e-01 -2.509058117866516113e-01 -2.612446546554565430e-01 -2.116334885358810425e-01 -6.744416356086730957e-01 -8.758125901222229004e-01 -8.085832595825195312e-01 -1.171249747276306152e+00 -1.563520312309265137e+00 -1.672582149505615234e+00 -2.470235824584960938e+00 -3.058144807815551758e+00 -3.286941528320312500e+00 -2.514897584915161133e+00 -2.481563806533813477e+00 -2.895912408828735352e+00 -2.420974016189575195e+00 -2.090194702148437500e+00 -2.504956960678100586e+00 -3.300673961639404297e+00 -3.518768310546875000e+00 -3.179987668991088867e+00 -3.268326759338378906e+00 -3.565186738967895508e+00 -3.607530117034912109e+00 -4.015605926513671875e+00 -4.435274124145507812e+00 -3.439951658248901367e+00 -2.728093385696411133e+00 -2.921779155731201172e+00 -3.365006923675537109e+00 -3.974673032760620117e+00 -3.823008298873901367e+00 -3.886863231658935547e+00 -2.820570468902587891e+00 -3.011133193969726562e+00
