7.354405708611011505e-03 3.981244750320911407e-03 6.240578833967447281e-03 8.117599412798881531e-03 3.213397460058331490e-03 6.982658524066209793e-03 3.111143130809068680e-03 4.496742505580186844e-03 4.571205470710992813e-03 9.653235320001840591e-04 1.338561763986945152e-03 1.587246893905103207e-03 5.756735336035490036e-04 2.376756165176630020e-04 8.309404802275821567e-05 1.367525692330673337e-04 1.753470423864200711e-04 9.202670480590313673e-05 8.422992686973884702e-05 1.446474489057436585e-04 1.876536989584565163e-04 6.828019104432314634e-05 1.105933479266241193e-04 5.208311995374970138e-05 1.416654704371467233e-04 9.428470366401597857e-05 1.535691408207640052e-04 2.050995681202039123e-04 1.680788263911381364e-04 6.033476529410108924e-05 1.206915185321122408e-04 5.712164056603796780e-05 8.053794590523466468e-05 4.269768396625295281e-05 2.889076858991757035e-05 3.846758409054018557e-05 5.667190634994767606e-05 4.417988020577467978e-05 3.593679139157757163e-05 8.445383718935772777e-05 4.273239392205141485e-05 7.233052019728347659e-05 9.205795504385605454e-05 7.477453618776053190e-05 4.854050348512828350e-05 3.010711589013226330e-05 1.549025364511180669e-05 6.144947747088735923e-06 5.418745331553509459e-06 2.525627860450185835e-05 2.886167976612341590e-06 4.580288077704608440e-06 6.262584975047502667e-06 1.616232839296571910e-05 7.909603482403326780e-06 3.976690550189232454e-06 3.629418279160745442e-05 8.439483281108550727e-06 4.832421382161555812e-06 1.286552651436068118e-05 2.868653609766624868e-05 1.151141350419493392e-05 2.189060433011036366e-05 1.534466537123080343e-05
1.582325436174869537e-02 9.055246599018573761e-03 1.170406863093376160e-02 2.225238457322120667e-02 1.041505951434373856e-02 4.116264171898365021e-03 6.319896318018436432e-03 1.230997685343027115e-02 1.423519384115934372e-02 4.220907576382160187e-03 3.449498442932963371e-03 1.740992069244384766e-03 9.512061369605362415e-04 5.407831631600856781e-04 1.940858201123774052e-04 2.205386554123833776e-04 1.871572894742712379e-04 2.324225206393748522e-04 8.472825720673426986e-05 2.198871079599484801e-04 1.987482974072918296e-04 1.897157926578074694e-04 1.405602379236370325e-04 7.380491297226399183e-05 1.671102654654532671e-04 3.003634337801486254e-04 1.974938058992847800e-04 1.687838666839525104e-04 2.368438290432095528e-04 1.431339624105021358e-04 9.561356273479759693e-05 1.027283142320811749e-04 1.544381666462868452e-04 4.864328002440743148e-05 4.916279067401774228e-05 4.287991760065779090e-05 4.193212589598260820e-05 7.038604962872341275e-05 5.691665137419477105e-05 9.941374446498230100e-05 1.266161125386133790e-04 8.286757656605914235e-05 2.052631170954555273e-04 1.747983187669888139e-04 1.195640215883031487e-04 4.245508898748084903e-05 2.408602085779421031e-05 1.634258478588890284e-05 2.860973836504854262e-05 3.488777656457386911e-05 4.787839134223759174e-05 6.473740086221368983e-06 1.369464462186442688e-05 1.520476598670938984e-05 5.676011642208322883e-05 3.406104588066227734e-05 1.792208968254271895e-05 5.180970219953451306e-06 1.752136199684173334e-06 4.851593530474929139e-06 2.698473690543323755e-05 1.565917773405089974e-05 4.106860797037370503e-05 2.408404543530195951e-05
1.573300361633300781e-02 2.363901399075984955e-02 9.207717142999172211e-03 8.655606769025325775e-03 1.127698924392461777e-02 1.090819016098976135e-02 2.140486054122447968e-02 1.345063094049692154e-02 2.192013897001743317e-02 1.121939066797494888e-02 1.960399094969034195e-03 1.116495928727090359e-03 1.518875360488891602e-03 4.476214817259460688e-04 2.825775009114295244e-04 1.413539284840226173e-04 1.742141030263155699e-04 1.424004731234163046e-04 2.743110526353120804e-04 1.940099464263767004e-04 1.936247863341122866e-04 1.575823989696800709e-04 8.378133497899398208e-05 6.116252188803628087e-05 6.850265344837680459e-05 2.128199412254616618e-04 1.475292228860780597e-04 1.082555172615684569e-04 6.986497464822605252e-05 1.041676223394460976e-04 1.660858251852914691e-04 5.426581628853455186e-05 8.744243677938356996e-05 9.944570047082379460e-05 5.068752943770959973e-05 7.699412526562809944e-05 4.859941327595151961e-05 9.658860653871670365e-05 8.643903856864199042e-05 8.750909910304471850e-05 1.020716445054858923e-04 1.957626227522268891e-04 3.413086815271526575e-04 1.901993819046765566e-04 1.519183861091732979e-04 1.081099471775814891e-04 3.002362427650950849e-05 4.108455323148518801e-05 1.267220359295606613e-04 4.086541594006121159e-05 2.635266537254210562e-05 6.310420758381951600e-06 1.411120047123404220e-05 3.759408355108462274e-05 3.269949229434132576e-05 3.078860390814952552e-05 1.233228158525889739e-05 2.118727024935651571e-05 1.327715835941489786e-05 4.338783401180990040e-05 1.244216673512710258e-05 1.519104171165963635e-05 1.729028917907271534e-05 8.277517918031662703e-05
6.055656820535659790e-02 2.407911047339439392e-02 4.577739909291267395e-02 9.835198521614074707e-03 9.070293977856636047e-03 1.979762874543666840e-02 1.234770193696022034e-02 1.220399886369705200e-02 1.533613167703151703e-02 2.262793108820915222e-02 6.779348012059926987e-03 1.089177792891860008e-03 3.040225710719823837e-04 1.628348254598677158e-04 1.079092180589213967e-04 1.600600371602922678e-04 2.402810932835564017e-04 1.336549466941505671e-04 5.313422298058867455e-04 2.257077430840581656e-04 2.217848668806254864e-04 1.399950997438281775e-04 9.770356700755655766e-05 6.298342486843466759e-05 2.661328471731394529e-04 2.348396374145522714e-04 8.106430177576839924e-04 3.117634041700512171e-04 1.913225423777475953e-04 9.009350469568744302e-05 9.760244574863463640e-05 5.082121060695499182e-05 1.197004676214419305e-04 8.481896657031029463e-05 4.662333230953663588e-05 6.605585804209113121e-05 1.016416572383604944e-04 9.843149018706753850e-05 6.499457231257110834e-05 7.918560731923207641e-05 1.008856779662892222e-04 3.183820517733693123e-04 3.009467036463320255e-04 2.458563540130853653e-04 2.034979843301698565e-04 1.319740113103762269e-04 5.481734842760488391e-05 2.669435889401938766e-05 4.281903238734230399e-05 3.951810867874883115e-05 9.574530849931761622e-06 2.470857725711539388e-05 2.748411316133569926e-05 4.572834950522519648e-05 5.903450073674321175e-05 2.340816899959463626e-05 1.245718613063218072e-05 1.909101229102816433e-05 1.724814501358196139e-05 2.492978455848060548e-05 2.856644459825474769e-05 2.150741602235939354e-05 1.421918932464905083e-05 2.789549034787341952e-05
1.826179772615432739e-02 2.904399856925010681e-02 5.397991742938756943e-03 5.617628339678049088e-03 7.868777029216289520e-03 9.587888605892658234e-03 8.218170143663883209e-03 1.351979933679103851e-02 1.490646228194236755e-02 9.964067488908767700e-03 7.611929439008235931e-03 1.603247830644249916e-03 7.620382239110767841e-04 2.373350434936583042e-04 1.356000284431502223e-04 2.311176212970167398e-04 2.667519147507846355e-04 3.424220485612750053e-04 3.783044812735170126e-04 4.181950644124299288e-04 4.205505538266152143e-04 1.057539921021088958e-04 3.224429674446582794e-04 2.463575510773807764e-04 7.049771375022828579e-04 1.568823587149381638e-03 3.545050974935293198e-03 5.781650543212890625e-04 1.642429269850254059e-04 1.144283669418655336e-04 8.168320346157997847e-05 9.261504601454362273e-05 1.242183789145201445e-04 7.281328726094216108e-05 2.849961674655787647e-05 1.076929402188397944e-04 8.872757462086156011e-05 1.459605118725448847e-04 1.729573559714481235e-04 1.320776209468021989e-04 1.453329314244911075e-04 4.701371362898498774e-04 7.884375518187880516e-04 4.898749175481498241e-04 3.755445650313049555e-04 1.409853575751185417e-04 1.104588591260835528e-04 6.687684799544513226e-05 6.702804239466786385e-05 4.580425229505635798e-05 2.619551196403335780e-05 3.300428579677827656e-05 3.827960244962014258e-05 4.736943083116784692e-05 3.296192153356969357e-05 3.070447564823552966e-05 1.453155527997296304e-05 3.486818604869768023e-05 1.123148922488326207e-05 4.031437856610864401e-05 2.371980372117832303e-05 5.111589780426584184e-05 5.008394145988859236e-05 5.599374708253890276e-05
9.692865423858165741e-03 1.902106031775474548e-02 1.075867377221584320e-02 5.527817644178867340e-03 3.978081047534942627e-03 3.955211490392684937e-03 3.778192447498440742e-03 5.718470551073551178e-03 5.662721116095781326e-03 6.927240174263715744e-03 2.878539729863405228e-03 8.083890425041317940e-04 4.576068313326686621e-04 2.834633341990411282e-04 2.740778727456927299e-04 2.524043957237154245e-04 2.363302046433091164e-04 3.225690161343663931e-04 3.071688115596771240e-04 4.030462296213954687e-04 1.425469235982745886e-04 2.254019491374492645e-04 1.637262903386726975e-04 1.589556923136115074e-04 4.372100229375064373e-04 5.866990424692630768e-03 5.502710118889808655e-03 2.729950356297194958e-04 2.097704564221203327e-04 1.093154714908450842e-04 1.286200858885422349e-04 7.576548523502424359e-05 9.670021245256066322e-05 9.478799620410427451e-05 8.826058183331042528e-05 7.574338087579235435e-05 1.056768669513985515e-04 1.124578993767499924e-04 1.505355176050215960e-04 2.456574293319135904e-04 1.739918225212022662e-04 5.770655116066336632e-04 5.559278069995343685e-04 6.184702506288886070e-04 1.693876547506079078e-04 1.793320698197931051e-04 1.473621960030868649e-04 8.384430839214473963e-05 6.394587398972362280e-05 7.928450213512405753e-05 5.529949339688755572e-05 2.869058516807854176e-05 1.608949787623714656e-05 2.326564754184801131e-05 2.550782119215000421e-05 2.176842463086359203e-05 2.539367596909869462e-05 2.480984585417900234e-05 1.428172981832176447e-05 2.672711889317724854e-05 2.487029632902704179e-05 1.741016421874519438e-05 6.726668652845546603e-05 1.049040874931961298e-04
6.954647600650787354e-02 4.124230705201625824e-03 2.467047655954957008e-03 3.430650569498538971e-03 1.372477272525429726e-03 1.933991210535168648e-03 4.326860886067152023e-03 8.558075875043869019e-03 5.145763978362083435e-03 2.240537898615002632e-03 1.079708687029778957e-03 8.293504943139851093e-04 7.563146646134555340e-04 4.298992280382663012e-04 1.823984348447993398e-04 2.323615626664832234e-04 2.097962715197354555e-04 3.398582921363413334e-04 4.717406409326940775e-04 5.278461030684411526e-04 2.281789929838851094e-04 2.911976189352571964e-04 2.069435140583664179e-04 2.436875802231952548e-04 7.155201165005564690e-04 2.369377994909882545e-03 5.201518069952726364e-03 5.436103092506527901e-04 1.589019084349274635e-04 1.238881086464971304e-04 2.021662658080458641e-04 1.986227289307862520e-04 1.100097069866023958e-04 1.157016740762628615e-04 8.739892655285075307e-05 8.487301238346844912e-05 9.581563790561631322e-05 1.770448725437745452e-04 1.952276215888559818e-04 2.162683667847886682e-04 2.395513874944299459e-04 8.911339682526886463e-04 1.702978741377592087e-03 1.929742866195738316e-03 5.453592748381197453e-04 1.350520033156499267e-04 6.987643428146839142e-05 4.794354754267260432e-05 9.460251749260351062e-05 4.992257527192123234e-05 5.846629937877878547e-05 3.385305535630322993e-05 3.604569064918905497e-05 3.858835407299920917e-05 1.476852867199340835e-05 1.681287176324985921e-05 1.188132955576293170e-05 1.541202618682291359e-05 1.194748165289638564e-05 2.925367880379781127e-05 4.031103890156373382e-05 1.393382626702077687e-05 3.852099689538590610e-05 2.974983908643480390e-05
1.027097273617982864e-02 3.399900160729885101e-03 3.437677165493369102e-03 2.934941789135336876e-03 1.262033008970320225e-03 1.344529213383793831e-03 1.330439816229045391e-03 5.986537784337997437e-03 5.669996608048677444e-03 2.195138018578290939e-03 9.065951453521847725e-04 7.698473636992275715e-04 5.214873235672712326e-04 3.381879650987684727e-04 2.102819125866517425e-04 2.294638252351433039e-04 1.673353981459513307e-04 2.243246126454323530e-04 2.113180235028266907e-04 3.900727315340191126e-04 3.530489339027553797e-04 3.745788126252591610e-04 1.429428957635536790e-04 2.119295968441292644e-04 5.376319168135523796e-04 3.907495178282260895e-03 9.474072605371475220e-03 8.927946328185498714e-04 1.783581828931346536e-04 1.083093011402525008e-04 9.114950080402195454e-05 1.811707188608124852e-04 1.161588879767805338e-04 9.700304508442059159e-05 8.785893442109227180e-05 6.535193097079172730e-05 1.159664316219277680e-04 1.096308333217166364e-04 2.286849485244601965e-04 2.752300642896443605e-04 3.489061491563916206e-04 1.258463831618428230e-03 2.855296712368726730e-03 7.132988888770341873e-03 1.007091603241860867e-03 2.852928882930427790e-04 8.325140515808016062e-05 2.620703162392601371e-05 8.441069076070562005e-05 2.567933370301034302e-05 2.298276012879796326e-05 3.625353565439581871e-05 3.455069236224517226e-05 2.046412191702984273e-05 1.488496764068258926e-05 8.987713044916745275e-06 7.596255272801499814e-06 7.807946531102061272e-06 1.736867307045031339e-05 2.290560951223596931e-05 4.640407496481202543e-05 4.224576696287840605e-05 5.543333827517926693e-05 4.392166010802611709e-05
4.087805747985839844e-03 2.497984794899821281e-03 5.013135727494955063e-03 1.191111397929489613e-03 2.714499831199645996e-03 1.751096802763640881e-03 1.329535269178450108e-03 6.531422492116689682e-03 2.069664420560002327e-03 1.484530046582221985e-03 1.707816147245466709e-03 1.244043814949691296e-03 5.052051274105906487e-04 1.746472116792574525e-04 2.270741097163408995e-04 2.724781224969774485e-04 1.136055652750656009e-04 2.101389982271939516e-04 6.823510047979652882e-04 2.551365469116717577e-04 3.944385389331728220e-04 2.568464842624962330e-04 2.092067734338343143e-04 2.505044394638389349e-04 3.042023454327136278e-04 2.364650135859847069e-03 7.258233614265918732e-03 4.774620756506919861e-04 1.967645075637847185e-04 8.836668712319806218e-05 1.069337449735030532e-04 1.233934017363935709e-04 9.197415056405588984e-05 6.249700527405366302e-05 4.598588202497921884e-05 4.179961615591309965e-05 7.611285400344058871e-05 1.194204596686176956e-04 1.529481960460543633e-04 1.973112375708296895e-04 5.568136693909764290e-04 1.990729710087180138e-03 2.464216435328125954e-03 5.634482018649578094e-03 3.899679984897375107e-03 1.051931409165263176e-03 2.540816058171913028e-05 5.953137224423699081e-05 9.723113907966762781e-05 4.287096453481353819e-05 4.951652954332530499e-05 1.731342126731760800e-05 2.698731077543925494e-05 1.887579855974763632e-05 1.701590190350543708e-05 5.740224423789186403e-06 1.342505584034370258e-05 3.222562554583419114e-06 1.525192146800691262e-05 2.098233562719542533e-05 2.749963459791615605e-05 2.331846553715877235e-05 1.798461744328960776e-05 3.762284541153348982e-05
5.080716684460639954e-03 2.581224543973803520e-03 2.816033316776156425e-03 2.551438985392451286e-03 2.932710107415914536e-03 8.912868797779083252e-04 2.976400777697563171e-03 4.944252315908670425e-03 3.042681142687797546e-03 1.516678719781339169e-03 1.102458336390554905e-03 1.132476259954273701e-03 5.369679420255124569e-04 2.056655066553503275e-04 1.892960426630452275e-04 1.883756049210205674e-04 1.814940624171867967e-04 2.530067577026784420e-04 3.983662754762917757e-04 5.410277517512440681e-04 2.918677055276930332e-04 2.033480413956567645e-04 1.556839852128177881e-04 2.621251042000949383e-04 4.060101346112787724e-04 1.726548653095960617e-03 5.167534574866294861e-03 6.492651882581412792e-04 3.831016365438699722e-04 1.357705477857962251e-04 4.185414582025259733e-05 6.237186607904732227e-05 1.037680776789784431e-04 8.522808639099821448e-05 8.085869922069832683e-05 1.330877275904640555e-04 6.395074888132512569e-05 5.546036481973715127e-05 1.446287351427599788e-04 1.312883250648155808e-04 6.935383426025509834e-04 1.611139625310897827e-03 4.193527158349752426e-03 4.141922574490308762e-03 2.638787496834993362e-03 9.153278078883886337e-04 1.212654387927614152e-04 5.019630771130323410e-05 7.722515874775126576e-05 3.372914943611249328e-05 2.559690983616746962e-05 2.232409497082699090e-05 1.345286727882921696e-05 3.195129465893842280e-05 8.175886614480987191e-05 3.708888834808021784e-05 3.837455733446404338e-05 1.790498936315998435e-05 2.803644019877538085e-05 1.541354140499606729e-05 1.337673711532261223e-05 3.844480943371308967e-06 1.815606628952082247e-05 8.159319986589252949e-05
8.323527872562408447e-03 1.565731479786336422e-03 1.757001271471381187e-03 1.280797878280282021e-03 1.713830628432333469e-03 2.209923230111598969e-03 1.273725181818008423e-03 4.410110879689455032e-03 3.800426609814167023e-03 1.686570816673338413e-03 2.029943512752652168e-03 1.147820730693638325e-03 6.780556868761777878e-04 3.918596776202321053e-04 3.267066203989088535e-04 2.048552705673500896e-04 2.169693907490000129e-04 1.874816371127963066e-04 8.758878102526068687e-04 1.111930818296968937e-03 5.123487208038568497e-04 3.206407709512859583e-04 4.580720560625195503e-04 3.092141414526849985e-04 7.295103278011083603e-04 2.935610478743910789e-03 7.621881086379289627e-03 1.260776305571198463e-03 4.190784238744527102e-04 9.487572242505848408e-05 1.207572640851140022e-04 8.064822759479284286e-05 7.929615094326436520e-05 9.789971227291971445e-05 6.844721065135672688e-05 6.782165291951969266e-05 8.031139441300183535e-05 1.050825812853872776e-04 1.081956506823189557e-04 1.522316160844638944e-04 3.620890202000737190e-04 1.409574411809444427e-03 6.347794551402330399e-03 9.634166955947875977e-03 5.251214373856782913e-03 1.162542845122516155e-03 7.202882989076897502e-05 3.391205609659664333e-05 5.439980668597854674e-05 4.184728095424361527e-05 1.245517796633066610e-05 2.598650826257653534e-05 2.191748899349477142e-05 9.080977179110050201e-06 1.576556496729608625e-05 2.027718255703803152e-05 2.987277002830523998e-05 1.819636781874578446e-05 3.268873479100875556e-05 3.577487950678914785e-05 1.392915055475896224e-05 5.081381004856666550e-06 1.722286651784088463e-05 3.269908484071493149e-05
5.828512832522392273e-03 4.176599904894828796e-03 2.577273175120353699e-03 1.633880892768502235e-03 9.831556817516684532e-04 5.300912889651954174e-04 1.786250621080398560e-03 5.882688332349061966e-03 4.581066779792308807e-03 2.281960565596818924e-03 1.102836569771170616e-03 1.415346283465623856e-03 4.923576489090919495e-04 2.325504319742321968e-04 2.432179899187758565e-04 1.996955979848280549e-04 1.690496283117681742e-04 2.801824011839926243e-04 1.302281976677477360e-03 1.514522591605782509e-03 5.181063897907733917e-04 6.258835783228278160e-04 2.030926698353141546e-04 1.805746869649738073e-04 6.407128530554473400e-04 1.730487216264009476e-03 3.271935740485787392e-03 2.876495709642767906e-03 3.378476831130683422e-04 7.461861241608858109e-05 9.456518455408513546e-05 5.302459248923696578e-05 6.062023385311476886e-05 1.112509344238787889e-04 5.666001743520610034e-05 8.250810788013041019e-05 1.163295019068755209e-04 1.368180382996797562e-04 1.766113709891214967e-04 5.194783443585038185e-04 2.967855834867805243e-04 1.947222393937408924e-03 1.135522965341806412e-02 7.934409193694591522e-03 3.318692324683070183e-03 3.822729457169771194e-03 2.254019491374492645e-04 5.188250725041143596e-05 7.541184459114447236e-05 4.868946052738465369e-05 1.406514365953626111e-05 2.052263698715250939e-05 1.602886550244875252e-05 2.032312477240338922e-05 7.665477824048139155e-06 1.726413938740734011e-05 2.565199247328564525e-05 1.662394060986116529e-05 8.659142622491344810e-06 5.347347541828639805e-05 2.767162732197903097e-05 3.863099482259713113e-05 2.636981116665992886e-05 2.191788735217414796e-05
2.297522732987999916e-03 3.642600262537598610e-03 1.614991575479507446e-03 1.625365577638149261e-03 1.152207609266042709e-03 1.443478860892355442e-03 1.690519158728420734e-03 1.481304760091006756e-03 1.929990947246551514e-03 3.388488665223121643e-03 2.906783251091837883e-03 1.542422454804182053e-03 4.132757312618196011e-04 2.955550444312393665e-04 2.479178947396576405e-04 3.316926304250955582e-04 1.415168517269194126e-04 3.869457286782562733e-04 8.544441079720854759e-04 1.207937486469745636e-03 6.269881268963217735e-04 5.518299876712262630e-04 2.740109921433031559e-04 3.122190828435122967e-04 7.464052177965641022e-04 2.921465551480650902e-03 8.347295224666595459e-03 5.018804688006639481e-03 4.679917765315622091e-04 6.083827975089661777e-05 8.323425572598353028e-05 6.854440289316698909e-05 6.579233013326302171e-05 1.205776425194926560e-04 8.443444676231592894e-05 4.763351898873224854e-05 3.785530134337022901e-05 7.150494639063253999e-05 6.421333091566339135e-05 3.455210826359689236e-04 1.207915716804563999e-03 3.007157938554883003e-03 1.552670728415250778e-02 1.095164660364389420e-02 7.709156256169080734e-03 5.692467559128999710e-03 1.123881316743791103e-03 1.182549822260625660e-04 5.643019903800450265e-05 4.478887785808183253e-05 4.749957588501274586e-05 4.133784022997133434e-05 2.824950934154912829e-05 1.951482590811792761e-05 1.015020188788184896e-05 2.005881106015294790e-05 1.008647723210742697e-05 3.075788754358654842e-06 3.528015668052830733e-06 2.931084281954099424e-06 4.252277449268149212e-06 1.312242693529697135e-05 5.225180757406633347e-06 4.157139846938662231e-05
2.689063316211104393e-03 4.038587678223848343e-03 1.712640747427940369e-03 1.435237587429583073e-03 1.447467249818146229e-03 1.284878351725637913e-03 7.076305919326841831e-04 5.721848574467003345e-04 1.371277845464646816e-03 2.999234246090054512e-03 1.792540657334029675e-03 1.612614491023123264e-03 6.435408140532672405e-04 2.661944890860468149e-04 1.757697027642279863e-04 5.412764148786664009e-04 2.145845210179686546e-04 5.657519213855266571e-04 3.252044785767793655e-03 1.289051957428455353e-03 2.822234528139233589e-04 6.076399586163461208e-04 4.228503385093063116e-04 5.227688816376030445e-04 9.385693119838833809e-04 2.455624938011169434e-02 9.599691256880760193e-03 6.881293840706348419e-03 8.956194506026804447e-04 6.743116682628169656e-05 1.150518000940792263e-04 1.142496694228611887e-04 7.670625927858054638e-05 5.875649003428407013e-05 1.994417834794148803e-04 5.711897392757236958e-05 3.471685704425908625e-05 4.512318628258071840e-05 1.028623155434615910e-04 7.016034214757382870e-05 3.670412115752696991e-04 3.043812699615955353e-03 1.264849212020635605e-02 6.801322102546691895e-03 6.206163205206394196e-03 7.219289429485797882e-03 2.296993625350296497e-04 6.865142495371401310e-05 9.901544399326667190e-05 2.167468846892006695e-05 5.277870513964444399e-05 3.642514275270514190e-05 5.171688098926097155e-05 1.106632771552540362e-05 1.125390735978726298e-05 3.105416226389934309e-06 2.333861175429774448e-06 2.360171720283688046e-06 6.079229706301703118e-07 6.601599125133361667e-06 1.487561712565366179e-05 1.121360401157289743e-05 9.529510862194001675e-06 1.772236828401219100e-05
2.711540088057518005e-03 9.034683462232351303e-04 9.390054037794470787e-04 2.096184063702821732e-03 1.583608216606080532e-03 2.018067752942442894e-03 2.200839575380086899e-03 6.039339117705821991e-03 4.181048832833766937e-03 1.846713013947010040e-03 1.218979130499064922e-03 8.945444133132696152e-04 9.824815206229686737e-04 2.831589081324636936e-04 1.196946395793929696e-04 1.887547987280413508e-04 2.116927207680419087e-04 1.254174509085714817e-03 6.154617294669151306e-03 1.915942761115729809e-03 3.615348832681775093e-04 3.173184522893279791e-04 3.306044091004878283e-04 4.182328993920236826e-04 2.739827847108244896e-03 1.835060305893421173e-02 1.432086713612079620e-02 3.459416795521974564e-03 6.400390993803739548e-04 1.039336639223620296e-04 8.036817598622292280e-05 1.290717191295698285e-04 6.640126230195164680e-05 1.069352729246020317e-04 1.016041642287746072e-04 3.439230931689962745e-05 3.610676139942370355e-05 4.598372834152542055e-05 7.679614645894616842e-05 1.430062839062884450e-04 2.591644297353923321e-04 1.581146847456693649e-03 1.359317917376756668e-03 3.580989781767129898e-03 5.231498274952173233e-03 1.201400882564485073e-03 1.853232533903792500e-04 4.501337389228865504e-05 7.539085345342755318e-05 8.066684677032753825e-05 2.526056596252601594e-05 1.248295484401751310e-05 2.509271689632441849e-05 1.502569375588791445e-05 5.176308150112163275e-06 2.635280225149472244e-06 1.788947997738432605e-06 5.103098374092951417e-06 9.502018656348809600e-07 3.513417368594673462e-06 5.064178367319982499e-06 2.038340426224749535e-06 3.491838469926733524e-06 1.059174155670916662e-05
1.593103632330894470e-03 1.396861858665943146e-03 2.348052104935050011e-03 3.016904927790164948e-03 1.732247765175998211e-03 1.257398747839033604e-03 2.431264147162437439e-03 1.679765759035944939e-03 1.672748592682182789e-03 1.624360098503530025e-03 1.377567881718277931e-03 7.852697162888944149e-04 6.414169911295175552e-04 3.668055869638919830e-04 1.665349118411540985e-04 2.595029363874346018e-04 2.890629984904080629e-04 1.203359803184866905e-03 9.382396005094051361e-03 5.004392471164464951e-03 7.217588135972619057e-04 4.558242799248546362e-04 3.316414076834917068e-04 9.643055382184684277e-04 3.277154173702001572e-03 2.547864429652690887e-02 3.516718046739697456e-03 1.360254362225532532e-03 7.083069067448377609e-04 2.663379127625375986e-04 7.410888065351173282e-05 7.375608402071520686e-05 8.961753337644040585e-05 6.399388075806200504e-05 1.140386229963041842e-04 2.404459519311785698e-05 4.948872083332389593e-05 4.286433977540582418e-05 3.589123662095516920e-05 1.380989997414872050e-04 3.289205778855830431e-04 1.691141398623585701e-03 4.961652215570211411e-03 3.621582407504320145e-03 4.878907464444637299e-03 2.203340409323573112e-03 1.367653603665530682e-04 5.287058593239635229e-05 7.735878170933574438e-05 5.026087092119269073e-05 1.342925588687648997e-05 8.926490409066900611e-06 1.462372529204003513e-05 3.901016498275566846e-06 4.503694981394801289e-06 4.432755758898565546e-06 2.844309392457944341e-06 5.782161679235287011e-06 4.996947154722874984e-06 3.854539954772917554e-06 2.574039854152943008e-06 9.254335395780799445e-07 1.616763256606645882e-05 4.698172051575966179e-05
4.252914804965257645e-03 3.084212774410843849e-03 4.337964113801717758e-03 1.707453629933297634e-03 2.825765870511531830e-03 1.947167562320828438e-03 2.371395472437143326e-03 1.861100899986922741e-03 1.213247422128915787e-03 7.273008232004940510e-04 1.222940278239548206e-03 7.396987057290971279e-04 8.355798199772834778e-04 6.814451189711689949e-04 4.530220176093280315e-04 3.348010068293660879e-04 5.233866395428776741e-04 4.462626762688159943e-03 3.453983366489410400e-02 4.673896357417106628e-03 5.584306083619594574e-03 9.421047288924455643e-04 5.628986982628703117e-04 1.775935059413313866e-03 2.494655316695570946e-03 8.649666793644428253e-03 1.486711949110031128e-02 1.118283136747777462e-03 7.345892954617738724e-04 4.911845317110419273e-04 8.639552834210917354e-05 4.169952808297239244e-05 9.283371036872267723e-05 4.975115007255226374e-05 9.050200605997815728e-05 4.034630183014087379e-05 1.855564005381893367e-05 5.086362943984568119e-05 9.158766624750569463e-05 1.194457436213269830e-04 9.725812560645863414e-05 1.656368112890049815e-04 1.467319554649293423e-03 3.358572721481323242e-03 9.916578419506549835e-04 1.010041451081633568e-03 1.207359528052620590e-04 4.925040047965012491e-05 3.194708915543742478e-05 3.192236181348562241e-05 2.680453508219216019e-05 4.178168182988883927e-06 1.595552203070838004e-05 1.573384179209824651e-05 1.067603443516418338e-05 2.556421350163873285e-06 1.350992874904477503e-06 1.389221210956748109e-06 1.736289164000481833e-06 1.140087260864675045e-05 4.843762326345313340e-06 1.526134724372241180e-06 3.909075530827976763e-06 2.474909160810057074e-05
2.654566662386059761e-03 4.876225255429744720e-03 2.205871511250734329e-03 1.509099616669118404e-03 1.884042168967425823e-03 1.839136239141225815e-03 2.998707816004753113e-03 3.003838704898953438e-03 2.616446232423186302e-03 1.188264228403568268e-03 1.098150387406349182e-03 1.828361535444855690e-03 1.247492618858814240e-03 1.895933644846081734e-03 3.672454040497541428e-04 2.404699189355596900e-04 6.241017254069447517e-04 5.556447431445121765e-03 3.542956337332725525e-02 9.383591823279857635e-03 3.723172936588525772e-03 3.201778745278716087e-03 1.182753010652959347e-03 1.867894898168742657e-03 2.378049073740839958e-03 1.091171056032180786e-02 9.826031513512134552e-03 3.228220855817198753e-03 4.824929637834429741e-04 3.238357312511652708e-04 1.974393817363306880e-04 1.824467763071879745e-04 7.897406612755730748e-05 1.234689552802592516e-04 9.550740651320666075e-05 7.816081051714718342e-05 3.914532135240733624e-05 2.762443364190403372e-05 7.140130765037611127e-05 1.166972433566115797e-04 9.589297405909746885e-05 1.017726826830767095e-04 5.570753128267824650e-04 2.729511586949229240e-03 1.044093398377299309e-03 1.713599631329998374e-04 6.892620876897126436e-05 3.435104372329078615e-05 2.642658000695519149e-05 4.175225330982357264e-05 1.595255707798060030e-05 1.044184500642586499e-05 8.118498044495936483e-06 6.175832822918891907e-06 7.057315542624564841e-06 1.228967562383331824e-06 3.762298774745431729e-06 1.880165655165910721e-06 1.357182441097393166e-06 7.497818387491861358e-06 1.536178160677081905e-06 8.700205285094853025e-07 1.138566290137532633e-06 4.863089634454809129e-05
2.069677226245403290e-03 1.593425869941711426e-03 2.032503020018339157e-03 1.826725318096578121e-03 1.334756263531744480e-03 2.548769582062959671e-03 2.015893347561359406e-03 2.793659223243594170e-03 2.690998837351799011e-03 1.259045326150953770e-03 1.805933890864253044e-03 1.789508620277047157e-03 1.587176928296685219e-03 9.078052244149148464e-04 5.654174019582569599e-04 2.719953481573611498e-04 5.407818825915455818e-04 4.451903514564037323e-03 2.287075854837894440e-02 2.568003721535205841e-03 2.386345295235514641e-03 1.573009532876312733e-03 9.049342479556798935e-04 1.115228864364326000e-03 3.628535429015755653e-03 1.070343330502510071e-02 1.185303740203380585e-02 3.343759803101420403e-03 5.692684208042919636e-04 3.441150474827736616e-04 2.585047914180904627e-04 1.405085204169154167e-04 8.350901771336793900e-05 1.180256222141906619e-04 8.635993435746058822e-05 5.183552275411784649e-05 7.025401282589882612e-05 4.528350473265163600e-05 5.519023397937417030e-05 1.343025214737281203e-04 9.007228800328448415e-05 1.790612732293084264e-04 9.129150421358644962e-04 3.399961628019809723e-03 1.673753722570836544e-03 3.983440692536532879e-04 7.467114483006298542e-05 3.408951670280657709e-05 5.261739352135919034e-05 2.759347080427687615e-05 7.507714144594501704e-06 1.073894782166462392e-05 7.693393854424357414e-06 5.288216016197111458e-06 1.759561087055772077e-06 1.098361281037796289e-06 2.289742042194120586e-06 2.442688128212466836e-06 7.965732606862729881e-07 3.157461833325214684e-06 1.906847614918660838e-06 4.522290737440926023e-07 2.270509895652139676e-07 2.593486351543106139e-05
2.390991663560271263e-03 1.798423123545944691e-03 1.868310035206377506e-03 1.430315896868705750e-03 1.660542911849915981e-03 2.412336179986596107e-03 3.490087576210498810e-03 2.891037613153457642e-03 3.008549334481358528e-03 1.382116111926734447e-03 1.328556099906563759e-03 9.948777733370661736e-04 9.390460327267646790e-04 1.220943406224250793e-03 7.682326831854879856e-04 4.496760084293782711e-04 6.518811569549143314e-04 5.036348011344671249e-03 1.248739566653966904e-02 2.096549142152070999e-03 1.302901189774274826e-03 9.358681854791939259e-04 5.829494330100715160e-04 2.856551669538021088e-03 3.585845232009887695e-03 1.434797048568725586e-02 1.168202143162488937e-02 1.195172499865293503e-02 2.591882599517703056e-03 6.115058204159140587e-04 1.368695957353338599e-04 8.892721962183713913e-05 1.018078255583532155e-04 1.181284169433638453e-04 1.874629560916218907e-05 2.337646765226963907e-05 1.847885869210585952e-05 5.835299816681072116e-05 1.007114115054719150e-04 6.722686521243304014e-05 5.115506064612418413e-05 2.635554992593824863e-04 8.584191091358661652e-04 2.693602582439780235e-03 2.302269451320171356e-03 1.502877130405977368e-04 5.535098898690193892e-05 6.120336911408230662e-05 7.094602187862619758e-05 2.605362715257797390e-05 7.655907211301382631e-06 5.025919563195202500e-06 3.724127282112021931e-06 2.504351641618995927e-06 4.712539976026164368e-06 9.662400088927824982e-07 6.560452675330452621e-06 2.045738710876321420e-06 5.852987214893801138e-07 2.987649168062489480e-06 6.445525741582969204e-06 8.620241942480788566e-07 2.896704472732380964e-06 8.165131475834641606e-06
6.621532374992966652e-04 6.637706537730991840e-04 8.068305905908346176e-04 1.292430213652551174e-03 1.848183339461684227e-03 9.088498773053288460e-04 9.356407099403440952e-04 1.734217978082597256e-03 1.365031348541378975e-03 1.452914671972393990e-03 1.041880575940012932e-03 2.487728139385581017e-03 1.181754632852971554e-03 1.441049855202436447e-03 4.189400060568004847e-04 2.658792072907090187e-04 3.832317015621811152e-04 1.897628768347203732e-03 8.830240927636623383e-03 2.007778268307447433e-03 2.444955287501215935e-03 1.830018474720418453e-03 2.951625036075711250e-03 1.445308327674865723e-03 1.213049609214067459e-02 2.290236577391624451e-02 2.087160944938659668e-02 1.025034300982952118e-02 3.245790954679250717e-03 5.435253260657191277e-04 1.110003286157734692e-04 5.733098441851325333e-05 4.899187479168176651e-05 3.945372372982092202e-05 4.084231113665737212e-05 1.245802832272602245e-05 1.368825905956327915e-05 2.831016536219976842e-05 4.073658419656567276e-05 1.338841539109125733e-04 9.044953912962228060e-05 1.960168010555207729e-04 5.012218025512993336e-04 4.454015288501977921e-03 3.616021946072578430e-03 8.013536717044189572e-05 5.461270848172716796e-05 2.119302916980814189e-05 4.502805677475407720e-05 3.365146403666585684e-05 1.226978838531067595e-05 1.770365088304970413e-05 7.024734713922953233e-06 2.641341325215762481e-06 1.475949602536275052e-06 2.416399865978746675e-06 1.202943053613125812e-06 5.986429414406302385e-07 1.324308982475486118e-06 6.174095233291154727e-06 5.695754680345999077e-06 2.403095322733861394e-07 4.938100914841925260e-07 7.958687092468608171e-06
3.733123594429343939e-04 1.881103235064074397e-04 1.948318822542205453e-04 1.927340490510687232e-04 2.453713677823543549e-04 1.943450333783403039e-04 3.898038994520902634e-04 1.664294162765145302e-03 2.412564354017376900e-03 1.940837362781167030e-03 1.214802265167236328e-03 1.034376095049083233e-03 4.552618484012782574e-04 4.894914454780519009e-04 5.432063480839133263e-04 1.279611897189170122e-04 1.599097886355593801e-04 1.435291022062301636e-03 8.772765286266803741e-03 1.535760238766670227e-03 2.644279738888144493e-03 2.726523904129862785e-03 2.357329241931438446e-03 1.823904342018067837e-03 2.011942304670810699e-02 1.477278582751750946e-02 2.008926682174205780e-02 8.467117324471473694e-03 1.218413934111595154e-03 3.205524408258497715e-04 1.979451189981773496e-04 3.547117376001551747e-05 3.489672963041812181e-05 2.535295061534270644e-05 5.613446410279721022e-05 2.431345455988775939e-05 3.331262632855214179e-05 1.668917684582993388e-05 3.625640601967461407e-05 1.536970230517908931e-04 1.133532132371328771e-04 4.401759942993521690e-04 1.698924461379647255e-03 2.527882112190127373e-03 2.302012871950864792e-03 1.900702947750687599e-03 8.869660814525559545e-05 3.133959398837760091e-05 3.974502760684117675e-05 2.475234941812232137e-05 1.336425339104607701e-05 1.954628532985225320e-05 1.728387724142521620e-05 6.242002200451679528e-06 2.249335921078454703e-06 1.247471232090902049e-06 2.008257808938651579e-07 2.915951711202069419e-07 4.391099537315312773e-07 2.354701791773550212e-06 2.107593672917573713e-06 2.284247784700710326e-06 4.857260478274838533e-07 5.045055513619445264e-05
1.927976409206166863e-04 1.010788473649881780e-04 1.583588891662657261e-04 2.277725288877263665e-04 2.028410963248461485e-04 1.927570265252143145e-04 5.859134253114461899e-04 2.334470394998788834e-03 9.991350583732128143e-03 1.314176153391599655e-02 5.309459287673234940e-03 2.960720798000693321e-03 4.558733198791742325e-04 1.633651263546198606e-04 2.952339709736406803e-04 2.160239673685282469e-04 2.480505208950489759e-04 1.505489810369908810e-03 1.347901951521635056e-02 2.066548680886626244e-03 1.876327558420598507e-03 1.247285981662571430e-03 2.075382508337497711e-03 3.428999101743102074e-03 5.847584456205368042e-03 2.082499675452709198e-02 2.158604748547077179e-02 5.539573729038238525e-03 8.289167308248579502e-04 2.112434885930269957e-04 2.109600900439545512e-04 4.513260864769108593e-05 5.794730532215908170e-05 4.676229946198873222e-05 5.752687866333872080e-05 1.919049464049749076e-05 2.441324431856628507e-05 2.570262950030155480e-05 1.053465530276298523e-04 2.268440875923261046e-04 5.300185875967144966e-04 2.023793989792466164e-03 9.575183503329753876e-04 1.087575568817555904e-03 8.411846938543021679e-04 8.447011350654065609e-04 6.092887488193809986e-04 2.467645572323817760e-05 1.553574838908389211e-05 1.779468402673956007e-05 2.211097353210789151e-06 6.867579941172152758e-06 1.787659857654944062e-05 1.090638579626102000e-05 1.852856598816288169e-06 9.801718761082156561e-07 5.560978593166510109e-07 1.164533387054689229e-06 3.226402043310372392e-07 4.507801065756211756e-07 1.824282520601627766e-07 5.726963649976823945e-07 1.563855448694084771e-06 3.005338658113032579e-05
1.280052529182285070e-04 9.460901492275297642e-05 2.283633657498285174e-04 1.809661480365321040e-04 2.308859402546659112e-04 2.201027382398024201e-04 1.954334788024425507e-03 1.504055969417095184e-02 1.221132557839155197e-02 1.944791525602340698e-02 1.741935382597148418e-03 1.160198706202208996e-03 6.599834305234253407e-04 3.978378081228584051e-04 2.514343068469315767e-04 2.773902087938040495e-04 1.581929391250014305e-03 6.360962986946105957e-03 1.018402911722660065e-02 2.086611464619636536e-03 5.118018016219139099e-04 1.207075431011617184e-03 2.160337287932634354e-03 1.895504072308540344e-03 3.057426214218139648e-02 1.191409900784492493e-01 5.126210451126098633e-01 4.906525835394859314e-02 1.445198198780417442e-03 2.681244513951241970e-04 2.694776048883795738e-04 4.848428943660110235e-05 4.811682083527557552e-05 6.971017864998430014e-05 2.299931475135963410e-05 4.693403388955630362e-05 5.441904249892104417e-06 1.768325091688893735e-05 1.225033192895352840e-04 4.700392310041934252e-04 8.963942527770996094e-04 1.332685118541121483e-03 4.909269046038389206e-04 6.938840961083769798e-04 7.374351844191551208e-04 4.262092697899788618e-04 4.499113711062818766e-04 3.403645823709666729e-04 4.392471964820288122e-05 6.577153271791758016e-06 3.922931227862136438e-06 5.725796199840260670e-06 6.250449132494395599e-06 2.663530267454916611e-06 4.014726982859428972e-06 3.922889845853205770e-06 2.348482894376502372e-06 3.851883150218782248e-07 4.908727078145602718e-07 2.051655627610671218e-07 2.093869255759273074e-07 4.223636551614617929e-07 1.517509645054815337e-06 8.300168701680377126e-06
2.737853501457720995e-04 9.982098708860576153e-05 1.054900058079510927e-04 1.247626496478915215e-04 1.057323097484186292e-04 2.276946033816784620e-04 2.524513052776455879e-03 3.626048192381858826e-02 4.572280496358871460e-02 1.518102642148733139e-02 2.857709070667624474e-03 1.834205817431211472e-03 1.214457442983984947e-03 4.565060662571340799e-04 3.414102538954466581e-04 5.583487800322473049e-04 4.598366562277078629e-03 1.318870671093463898e-02 1.353083737194538116e-02 4.002666566520929337e-03 3.168985422234982252e-04 1.020950498059391975e-03 7.936425390653312206e-04 8.150672540068626404e-03 5.544888973236083984e-02 2.077101320028305054e-01 4.659973680973052979e-01 7.966565340757369995e-02 3.853891277685761452e-03 3.067846118938177824e-04 5.243203486315906048e-04 7.682755676796659827e-05 3.997812382294796407e-05 8.542010618839412928e-05 4.164345955359749496e-05 6.198821938596665859e-05 5.910627805860713124e-06 2.290917109348811209e-06 4.940716899000108242e-04 9.033986134454607964e-04 5.715362494811415672e-04 9.127275552600622177e-04 1.314852386713027954e-03 1.024917117320001125e-03 7.272259099408984184e-04 2.344315726077184081e-04 2.082292485283687711e-04 3.924512711819261312e-04 1.543630787637084723e-04 3.142603191008674912e-06 3.388520781300030649e-06 4.927525424136547372e-06 2.673700873856432736e-05 5.654314463754417375e-06 4.199792783765587956e-06 4.980124685971532017e-06 2.072948973363963887e-06 6.400745746759639587e-07 8.834432492221822031e-07 7.233197152345383074e-07 5.866628498552017845e-07 2.862160215499898186e-07 3.893825351042323746e-07 2.751487409113906324e-05
7.429760444210842252e-05 3.848068809020332992e-05 5.951411367277614772e-05 5.657621659338474274e-05 7.924505189293995500e-05 3.143693029414862394e-04 7.739817956462502480e-04 1.318962126970291138e-02 3.474684432148933411e-02 6.807176861912012100e-03 2.485225442796945572e-03 1.938358065672218800e-03 1.704201684333384037e-03 1.018963055685162544e-03 5.387820419855415821e-04 1.107034040614962578e-03 3.353058127686381340e-03 1.286583114415407181e-02 6.306950002908706665e-02 3.316760761663317680e-03 1.888474100269377232e-03 5.496253143064677715e-04 1.184389460831880569e-03 3.212142502889037132e-03 8.910490572452545166e-02 7.339111566543579102e-01 4.649992585182189941e-01 1.657672040164470673e-02 5.993314553052186966e-03 4.513790772762149572e-04 1.554398797452449799e-03 1.161337640951387584e-04 9.351366315968334675e-05 2.975211100419983268e-05 4.259544220985844731e-05 4.435820301296189427e-05 1.057787358149653301e-05 4.537168570095673203e-05 8.189966902136802673e-04 8.023672853596508503e-04 1.194487675093114376e-03 1.863817917183041573e-03 1.696059131063520908e-03 1.379899331368505955e-03 5.701588233932852745e-04 3.249816363677382469e-04 7.807685324223712087e-05 3.076685534324496984e-04 2.173675457015633583e-04 3.152036151732318103e-05 5.998584583721822128e-06 3.420276016186107881e-06 6.979340923862764612e-06 4.204224296699976549e-06 2.535083240218227729e-06 3.846460913337068632e-06 1.401831241309992038e-06 1.741067990224109963e-06 1.894480448072499712e-07 5.482120286615099758e-07 6.098927087805350311e-07 7.034658722204767400e-08 4.988896193935943302e-07 3.389226912986487150e-05
9.920191951096057892e-05 2.941321145044639707e-05 6.304911221377551556e-05 1.122556059272028506e-04 8.546850585844367743e-05 1.735251134959980845e-04 7.091214647516608238e-04 6.258347537368535995e-03 2.108746021986007690e-02 1.471620611846446991e-02 5.896049551665782928e-03 4.730800166726112366e-03 9.204160422086715698e-03 2.489346312358975410e-03 1.498583471402525902e-03 3.244881983846426010e-03 5.613830871880054474e-03 2.308286726474761963e-02 4.076264426112174988e-02 1.263341028243303299e-02 2.051977440714836121e-03 5.606781924143433571e-04 1.751335104927420616e-03 9.808668866753578186e-03 8.329550921916961670e-02 8.043763637542724609e-01 7.222011685371398926e-01 1.624717563390731812e-02 1.101113948971033096e-02 3.477677004411816597e-03 3.157714381814002991e-03 1.218818215420469642e-04 1.189466565847396851e-04 4.185231227893382311e-05 1.853100911830551922e-05 2.991861401824280620e-05 4.163011544733308256e-05 1.962454989552497864e-04 6.445824983529746532e-04 4.717451520264148712e-04 5.558191332966089249e-04 1.955821411684155464e-03 2.284258836880326271e-03 1.625385601073503494e-03 5.139912827871739864e-04 1.827251544455066323e-04 1.834909198805689812e-04 2.413604815956205130e-04 2.393570903223007917e-04 1.516889751655980945e-04 1.479402908444171771e-05 2.182746356993447989e-05 3.308589612061041407e-06 2.527233164073550142e-06 1.047078626470465679e-06 4.824680672754766420e-06 1.114708197746949736e-06 1.317959117841382977e-06 2.714541267323511420e-07 3.248334792260720860e-07 1.381629175511989160e-07 3.950206064473604783e-07 3.241115109631209634e-07 3.342856143717654049e-05
4.259186607669107616e-05 7.012402056716382504e-05 1.165062349173240364e-04 1.287553168367594481e-04 1.066140393959358335e-04 2.092973591061308980e-04 4.369360685814172029e-04 6.142515223473310471e-03 3.951247408986091614e-02 8.315610885620117188e-02 1.827095076441764832e-02 6.793743465095758438e-03 6.395765114575624466e-03 4.077814519405364990e-03 1.742948195897042751e-03 2.382092410698533058e-03 6.588276475667953491e-03 2.777310647070407867e-02 3.973755985498428345e-02 3.442141041159629822e-02 6.439323071390390396e-03 1.472719595767557621e-03 2.530602272599935532e-03 5.501718726009130478e-03 7.738957554101943970e-02 7.451716661453247070e-01 6.372671723365783691e-01 2.107916399836540222e-02 2.690448425710201263e-03 4.986228886991739273e-03 7.789692375808954239e-03 5.050146719440817833e-04 1.270985376322641969e-04 2.956295793410390615e-05 2.205150121881160885e-05 2.876244434446562082e-05 3.289496817160397768e-05 5.412720493040978909e-04 3.317903610877692699e-04 5.520409904420375824e-04 9.156399173662066460e-04 2.068069530650973320e-03 3.457196522504091263e-03 2.554771024733781815e-03 1.372060971334576607e-03 2.505877928342670202e-04 2.153641980839893222e-04 2.855933562386780977e-04 2.241567417513579130e-04 2.486799203325062990e-04 1.033518401527544484e-05 4.885813723376486450e-06 4.983631242794217542e-06 1.694100774329854175e-06 1.971189476535073482e-06 3.232923972973367199e-06 2.245105406473157927e-06 1.284492554987082258e-06 1.184579616619885201e-07 7.349009365498204716e-07 2.894611839110439178e-07 2.133393309122766368e-06 5.734270871471380815e-07 1.462319596612360328e-05
3.293681584182195365e-05 4.356578938313759863e-05 1.770467351889237761e-04 1.329336519120261073e-04 1.278897252632305026e-04 1.497535558883100748e-04 1.865842496044933796e-03 1.396856363862752914e-02 5.301845446228981018e-02 6.302025169134140015e-02 2.320575714111328125e-02 1.311317924410104752e-02 1.122214645147323608e-02 8.587453514337539673e-03 1.871687010861933231e-03 2.947353525087237358e-03 7.792760152369737625e-03 2.216235175728797913e-02 4.749596863985061646e-02 7.254141569137573242e-02 5.890375375747680664e-02 2.862950786948204041e-03 3.113596467301249504e-03 9.821815416216850281e-03 3.717747330665588379e-02 6.770230531692504883e-01 7.453493475914001465e-01 4.721990227699279785e-02 1.460484415292739868e-02 4.884047433733940125e-03 1.074011065065860748e-02 8.016905630938708782e-04 6.239411595743149519e-05 4.061842992086894810e-05 7.710125828452873975e-06 2.001801112783141434e-05 3.259438381064683199e-05 7.652606000192463398e-04 1.034107524901628494e-03 5.547839100472629070e-04 6.527714431285858154e-04 1.227012253366410732e-03 3.380083711817860603e-03 4.265045747160911560e-03 1.319532166235148907e-03 5.836451891809701920e-04 2.787991543300449848e-04 3.219364734832197428e-04 2.401752717560157180e-04 2.808378776535391808e-04 7.643915159860625863e-05 8.168752174242399633e-06 2.404154656687751412e-05 6.964899966988014057e-06 5.419975423137657344e-06 8.487844525006948970e-07 3.361074050189927220e-06 1.234615638168179430e-06 1.707127353256510105e-06 4.896150471722648945e-07 1.368052721772983205e-06 4.029142814943043049e-07 5.614127189801365603e-07 1.746747511788271368e-05
4.405173240229487419e-05 1.467525144107639790e-04 3.256549243815243244e-04 1.735590485623106360e-04 1.604963617864996195e-04 3.410000645089894533e-04 2.393884351477026939e-03 1.504299696534872055e-02 8.759035915136337280e-02 7.259054481983184814e-02 2.949802950024604797e-02 8.704190142452716827e-03 7.603973150253295898e-03 4.849368240684270859e-03 2.269815420731902122e-03 7.506807334721088409e-03 2.157218568027019501e-02 2.098155207931995392e-02 2.369877323508262634e-02 4.240771010518074036e-02 4.571694880723953247e-02 1.015463098883628845e-02 8.161778561770915985e-03 2.284768223762512207e-02 2.454562671482563019e-02 7.721105217933654785e-01 5.566809773445129395e-01 3.673819452524185181e-02 1.228803582489490509e-02 5.625862162560224533e-03 2.964350627735257149e-03 1.272290130145847797e-03 1.814810675568878651e-04 1.700227585388347507e-05 7.671006642340216786e-06 5.535599029826698825e-06 4.199876275379210711e-04 4.689081688411533833e-04 5.080131231807172298e-04 4.089448193553835154e-04 4.570768796838819981e-04 1.099389744922518730e-03 1.247556763701140881e-03 1.628220197744667530e-03 2.006951719522476196e-03 1.180146005935966969e-03 8.167423657141625881e-04 4.645771405193954706e-04 2.080371341435238719e-04 1.433154830010607839e-04 8.766595419729128480e-05 9.987154044210910797e-05 2.905710243794601411e-05 1.202571638714289293e-05 6.513334938063053414e-06 2.227742243121610954e-06 4.343115506344474852e-06 1.409536707797087729e-06 4.647622233733272878e-07 5.798556230729445815e-07 3.699814499213971430e-07 5.044003614784742240e-07 4.195950680241367081e-07 1.155146583187161013e-05
5.623250763164833188e-05 1.213189898408018053e-04 1.850818516686558723e-04 3.826546890195459127e-04 1.861542114056646824e-04 6.975001306273043156e-04 3.376699052751064301e-03 2.418799139559268951e-02 6.990479677915573120e-02 2.465705014765262604e-02 2.130188420414924622e-02 1.791731081902980804e-02 8.106634020805358887e-03 6.511487532407045364e-03 3.654491389170289040e-03 1.105069555342197418e-02 2.197168953716754913e-02 3.798007220029830933e-02 1.711764372885227203e-02 7.280769199132919312e-02 8.921618014574050903e-02 3.838765621185302734e-02 1.393631380051374435e-02 1.038225740194320679e-02 1.154118031263351440e-01 7.599725127220153809e-01 7.564218044281005859e-01 1.184366717934608459e-01 9.251919575035572052e-03 1.065794937312602997e-02 8.255185559391975403e-03 4.326353315263986588e-03 2.768670674413442612e-04 1.828820677474141121e-05 5.701966529159108177e-06 1.540995435789227486e-04 2.923952124547213316e-04 1.747638307278975844e-04 1.941778027685359120e-04 2.237049775430932641e-04 3.651909646578133106e-04 4.324075707700103521e-04 5.171354860067367554e-04 1.072165323421359062e-03 9.330614120699465275e-04 8.253463893197476864e-04 3.696324129123240709e-04 3.802593855652958155e-04 2.066243032459169626e-04 8.738992619328200817e-05 7.006426312727853656e-05 4.199940303806215525e-05 6.385909364325925708e-05 2.035569013969507068e-05 3.100184812865336426e-06 8.974384400062263012e-07 6.466915692726615816e-06 1.716265501272573601e-06 2.957016818072588649e-07 1.722749516375188250e-06 9.297638143834774382e-07 1.148757519331411459e-06 1.328686153101443779e-06 7.082329375407425687e-06
1.111485107685439289e-04 2.191403327742591500e-04 5.830870359204709530e-04 4.858282627537846565e-04 2.894256322178989649e-04 1.148918527178466320e-03 4.238490946590900421e-03 3.532902523875236511e-02 6.807586550712585449e-02 4.386161267757415771e-02 2.099959179759025574e-02 1.563668809831142426e-02 8.144661784172058105e-03 1.399763580411672592e-02 1.104788761585950851e-02 2.538691647350788116e-02 3.750686347484588623e-02 6.350767612457275391e-02 8.937817811965942383e-02 1.397887617349624634e-01 1.908883005380630493e-01 1.045396849513053894e-01 1.944527029991149902e-02 7.681604009121656418e-03 1.898079216480255127e-01 8.658193945884704590e-01 8.292240500450134277e-01 4.420934319496154785e-01 1.690598763525485992e-02 7.059307768940925598e-03 4.878775682300329208e-03 2.405872335657477379e-03 1.549228676594793797e-03 7.293782255146652460e-05 9.746033174451440573e-05 1.190089460578747094e-04 8.483999408781528473e-05 2.817822678480297327e-04 2.944160078186541796e-04 1.460224739275872707e-04 1.429546100553125143e-04 1.380962348775938153e-04 1.483827654737979174e-04 3.489121154416352510e-04 5.531325004994869232e-04 4.871125274803489447e-04 5.620155134238302708e-04 1.960958761628717184e-04 1.146626673289574683e-04 1.261176221305504441e-04 5.844333645654842257e-05 3.378539258847013116e-05 1.385837003908818588e-05 4.925143002765253186e-05 5.008349489799002185e-06 7.795169949531555176e-07 2.934636540885549039e-06 1.436750721950375009e-06 9.171492934001435060e-07 1.617060434000450186e-06 1.291740318265510723e-06 2.066303295578109100e-06 1.893414378173474688e-06 1.252005858987104148e-05
1.323875476373359561e-04 2.633211552165448666e-04 7.521315710619091988e-04 4.861891502514481544e-04 3.696715575642883778e-04 1.587360282428562641e-03 9.079342707991600037e-03 3.710995987057685852e-02 7.644921541213989258e-02 6.301150470972061157e-02 1.790922507643699646e-02 1.594934612512588501e-02 9.435683488845825195e-03 1.349472813308238983e-02 1.656438782811164856e-02 2.659321948885917664e-02 5.488079786300659180e-02 3.800830617547035217e-02 1.150466874241828918e-01 2.482046037912368774e-01 1.973016113042831421e-01 9.457512944936752319e-02 7.554485648870468140e-02 2.939924784004688263e-02 7.586447596549987793e-01 8.309870362281799316e-01 7.806096673011779785e-01 6.459786891937255859e-01 4.053863137960433960e-02 2.534767985343933105e-02 1.137698534876108170e-02 9.751447476446628571e-03 5.587224150076508522e-04 4.990565939806401730e-04 9.574781288392841816e-04 3.332590567879378796e-04 1.864318619482219219e-04 5.166986375115811825e-04 2.931799390353262424e-04 8.815929322736337781e-05 1.341673487331718206e-04 7.070086576277390122e-05 8.101590356091037393e-05 1.135934217018075287e-04 1.629738544579595327e-04 3.777917008846998215e-04 7.147262658691033721e-05 4.296874976716935635e-05 1.025238816509954631e-04 1.488043053541332483e-04 4.207356323604471982e-05 2.192210922657977790e-05 5.394462641561403871e-05 3.680693771457299590e-05 5.948897523921914399e-05 3.416393383304239251e-06 3.799553269345778972e-06 6.336015871966083068e-07 1.958127313628210686e-07 4.243136686454818118e-07 5.187025180930504575e-06 9.597297321306541562e-07 2.010290245380019769e-06 5.478715138451661915e-06
1.673089136602357030e-04 1.259596436284482479e-03 5.844343686476349831e-04 1.639214344322681427e-03 5.240541649982333183e-04 4.088100977241992950e-03 1.104208454489707947e-02 7.118059694766998291e-02 1.107394397258758545e-01 7.134751230478286743e-02 1.714766584336757660e-02 2.152746543288230896e-02 4.388185963034629822e-02 3.470627591013908386e-02 2.160354331135749817e-02 2.876599505543708801e-02 5.040927603840827942e-02 8.862132579088211060e-02 1.788661777973175049e-01 2.932712733745574951e-01 2.202481776475906372e-01 1.419127285480499268e-01 7.191757112741470337e-02 8.305346220731735229e-02 6.668186783790588379e-01 7.864043116569519043e-01 8.814530372619628906e-01 5.917550921440124512e-01 2.208432368934154510e-02 3.251608833670616150e-02 2.821296080946922302e-02 1.693632826209068298e-02 3.161097702104598284e-04 6.414215895347297192e-04 3.206532855983823538e-04 5.485469591803848743e-04 3.523188352119177580e-04 1.498755736974999309e-04 1.621725386939942837e-04 8.532973879482597113e-05 1.254015805898234248e-04 7.509287388529628515e-05 5.191858144826255739e-05 8.420375525020062923e-05 5.854200571775436401e-05 4.086795161128975451e-05 3.873738387483172119e-05 2.950853559013921767e-05 5.826819688081741333e-05 7.112126331776380539e-05 1.578921546752098948e-05 2.150708860426675528e-05 1.671461541263852268e-05 3.624316377681680024e-05 1.454644552723038942e-05 2.694806607905775309e-05 1.107271486944227945e-06 7.256107323883043136e-07 3.177917164975951891e-07 3.762905294024676550e-07 3.378097801487456309e-07 1.318476961387204938e-06 2.305098632859881036e-06 4.464374796953052282e-06
1.647971512284129858e-04 1.799874473363161087e-03 1.459562685340642929e-03 8.019067463465034962e-04 1.166250673122704029e-03 3.748808056116104126e-03 1.062484551221132278e-02 8.126514405012130737e-02 1.161351650953292847e-01 7.721333205699920654e-02 1.682425104081630707e-02 2.049587666988372803e-02 2.707941457629203796e-02 2.460749074816703796e-02 2.709153853356838226e-02 3.791969269514083862e-02 5.186895653605461121e-02 6.134374737739562988e-01 3.936782181262969971e-01 4.585494697093963623e-01 2.193707525730133057e-01 1.347971856594085693e-01 1.730682402849197388e-01 1.258778721094131470e-01 5.306136608123779297e-01 8.905779123306274414e-01 8.179281949996948242e-01 5.708588361740112305e-01 4.035452380776405334e-02 1.214091759175062180e-02 4.316856153309345245e-03 1.347830984741449356e-02 4.793044179677963257e-03 7.432048441842198372e-04 4.134059417992830276e-04 3.338502719998359680e-04 1.336762070422992110e-04 1.247068576049059629e-04 7.715736865065991879e-05 5.681925176759250462e-05 4.993638140149414539e-05 4.001996421720832586e-05 7.047793042147532105e-05 1.236096140928566456e-04 5.036772199673578143e-05 3.915312481694854796e-05 1.607429840078111738e-05 2.865042188204824924e-05 2.680435682123061270e-05 3.444804679020307958e-05 1.082109793060226366e-05 1.862702265498228371e-05 2.494814361853059381e-05 1.214113399328198284e-05 6.566999672941165045e-06 1.114008864533388987e-05 2.452084572723833844e-06 1.162452917924383655e-06 8.573871923545084428e-08 1.908585431920073461e-07 4.206499966130650137e-07 4.109014071218552999e-07 4.525299118540715426e-06 3.441133685555541888e-06
2.235495194327086210e-04 1.431603799574077129e-03 1.316083245910704136e-03 1.239817240275442600e-03 1.808016211725771427e-03 5.835535936057567596e-03 2.210038900375366211e-02 5.208347365260124207e-02 1.269647330045700073e-01 5.583278834819793701e-02 1.919533498585224152e-02 1.919348537921905518e-02 2.877267822623252869e-02 3.049736656248569489e-02 2.499840594828128815e-02 1.385772973299026489e-02 9.080944210290908813e-02 6.593398451805114746e-01 3.757655322551727295e-01 5.589189529418945312e-01 3.249742090702056885e-01 1.612603664398193359e-01 2.877279520034790039e-01 1.169945821166038513e-01 6.104412674903869629e-01 8.533731102943420410e-01 8.707925677299499512e-01 3.929664790630340576e-01 2.571045421063899994e-02 1.552424393594264984e-02 7.047286257147789001e-03 4.647244233638048172e-03 6.399041507393121719e-03 5.075022927485406399e-04 3.398380358703434467e-04 3.037722490262240171e-04 1.442811917513608932e-04 6.001696601742878556e-05 1.027747712214477360e-04 3.369150363141670823e-05 3.940194801543839276e-05 8.522361895302310586e-05 5.266939842840656638e-05 1.879261981230229139e-04 9.723790572024881840e-05 4.608000017469748855e-05 1.514817631687037647e-05 2.182119715143926442e-05 3.645349715952761471e-05 1.942060771398246288e-05 2.109605884470511228e-05 1.219225850945804268e-05 1.128490112023428082e-05 1.097453696274897084e-05 9.665408470027614385e-06 7.761738743283785880e-06 8.206740858440753073e-06 8.744416959416412283e-07 2.651545116805209545e-07 2.860948598026880063e-07 9.802280374060501345e-07 8.989537718662177213e-07 1.901374503177066799e-06 4.423039626999525353e-06
8.661932952236384153e-05 7.160740788094699383e-04 1.609233790077269077e-03 1.661014161072671413e-03 2.447013743221759796e-03 7.018206175416707993e-03 5.402795597910881042e-02 9.817604720592498779e-02 9.194309264421463013e-02 1.166458204388618469e-01 6.597065180540084839e-02 2.137072756886482239e-02 3.448238223791122437e-02 3.145819529891014099e-02 3.947268426418304443e-02 2.117088623344898224e-02 2.882759571075439453e-01 5.876414775848388672e-01 6.038597226142883301e-01 4.141955673694610596e-01 2.145709991455078125e-01 2.147921323776245117e-01 3.639921247959136963e-01 4.459043145179748535e-01 7.227434515953063965e-01 9.062030315399169922e-01 9.297135472297668457e-01 6.515472531318664551e-01 5.186553671956062317e-02 1.731117255985736847e-02 9.910493157804012299e-03 4.475719295442104340e-03 1.756609999574720860e-03 7.822337211109697819e-04 1.186412628157995641e-04 8.624595648143440485e-05 1.774624834069982171e-04 1.377888402203097939e-04 6.533715350087732077e-05 5.191937452764250338e-05 1.290318323299288750e-04 6.194353773025795817e-05 5.516960663953796029e-05 7.800481398589909077e-05 6.974316056584939361e-05 2.132741246896330267e-05 3.949185702367685735e-05 7.204831490525975823e-06 2.126281287928577513e-05 2.656803553691133857e-05 4.224383155815303326e-05 1.321200852544279769e-05 1.515346411906648427e-05 2.260320434288587421e-05 2.412816320429556072e-05 8.592044650868047029e-06 9.560405487718526274e-06 1.265048695131554268e-06 9.520994694867113139e-07 7.964517294567485806e-07 9.071853810382890515e-07 3.780667725550301839e-07 4.894483822681650054e-07 1.822997091949218884e-06
3.302194527350366116e-04 1.525145024061203003e-03 4.443980753421783447e-03 2.937225624918937683e-03 5.702207796275615692e-03 7.626949809491634369e-03 2.931733615696430206e-02 9.428337961435317993e-02 8.017023652791976929e-02 8.708719909191131592e-02 3.296268731355667114e-02 5.600606277585029602e-02 4.268015548586845398e-02 2.881053835153579712e-02 4.989225417375564575e-02 4.602753743529319763e-02 3.470134735107421875e-01 4.392680227756500244e-01 5.792057514190673828e-01 2.375130504369735718e-01 1.676467359066009521e-01 1.467212140560150146e-01 2.518707811832427979e-01 5.287770032882690430e-01 6.438817977905273438e-01 9.081504940986633301e-01 9.242162108421325684e-01 8.182559609413146973e-01 8.716043084859848022e-02 2.281459234654903412e-02 3.189657256007194519e-02 5.028497427701950073e-03 5.165491602383553982e-04 1.726549468003213406e-03 2.722555946093052626e-04 1.420002226950600743e-04 1.489299029344692826e-04 8.862178947310894728e-05 3.588216350181028247e-05 3.688431388582102954e-05 6.337044760584831238e-05 5.448443334898911417e-05 2.224775198556017131e-05 6.745219434378668666e-05 4.921537765767425299e-05 9.702609531814232469e-06 1.174250701296841726e-05 6.008724540151888505e-06 2.386726919212378561e-05 2.699189099075738341e-05 2.373874485783744603e-05 2.673295603017322719e-05 2.314258927071932703e-05 1.985872768273111433e-05 3.713467958732508123e-05 1.512317521701334044e-05 1.088358931156108156e-05 1.224220682161103468e-06 5.333110948413377628e-07 1.964576313184807077e-06 1.141830168194246653e-07 1.479910110901982989e-06 3.495656756058451720e-06 4.113336672162404284e-06
3.551945264916867018e-04 1.490524155087769032e-03 2.422375371679663658e-03 4.685979802161455154e-03 5.561413709074258804e-03 7.750336080789566040e-03 2.279818430542945862e-02 5.869878455996513367e-02 8.180115371942520142e-02 4.656547680497169495e-02 2.481307648122310638e-02 1.886442489922046661e-02 1.227700524032115936e-02 2.312770485877990723e-02 2.242929115891456604e-02 2.306284196674823761e-02 2.057325989007949829e-01 6.767316460609436035e-01 7.996239066123962402e-01 2.674109935760498047e-01 1.672730743885040283e-01 1.222113668918609619e-01 5.072641968727111816e-01 5.236335396766662598e-01 8.176290988922119141e-01 9.053930640220642090e-01 9.309793710708618164e-01 8.297417759895324707e-01 4.127532988786697388e-02 1.432755962014198303e-02 2.154500782489776611e-02 3.102631680667400360e-02 6.123500061221420765e-04 2.668376255314797163e-04 3.328456659801304340e-04 1.589397870702669024e-04 7.068819832056760788e-05 2.810014302667696029e-05 2.372263224970083684e-05 8.409637666773051023e-05 5.247062654234468937e-05 3.767350790440104902e-05 2.281524393765721470e-05 7.654828368686139584e-05 3.354454747750423849e-05 1.600622636033222079e-05 1.021818752633407712e-05 3.105026189587078989e-05 2.061286431853659451e-05 1.910310493258293718e-05 1.496788445365382358e-05 1.447393697162624449e-05 7.093601016094908118e-05 3.860584183712489903e-05 4.710037683253176510e-05 2.292206409038044512e-05 1.718919520499184728e-05 5.472835255204699934e-06 5.852540994055743795e-07 2.114689579002515529e-07 4.737787833164475160e-07 8.577975449952646159e-07 5.611019332718569785e-06 2.585509491837001406e-06
2.797947672661393881e-04 1.260876655578613281e-03 3.481898456811904907e-03 6.942443083971738815e-03 8.950352668762207031e-03 7.373283151537179947e-03 3.655033558607101440e-02 7.236722856760025024e-02 1.192303970456123352e-01 5.783225595951080322e-02 1.699128001928329468e-02 1.205255836248397827e-02 1.478413119912147522e-02 1.329253707081079483e-02 2.173802442848682404e-02 3.312835842370986938e-02 2.468119561672210693e-01 6.698462367057800293e-01 7.324716448783874512e-01 4.071233570575714111e-01 2.936441600322723389e-01 1.529399007558822632e-01 4.851480424404144287e-01 5.995763540267944336e-01 6.106704473495483398e-01 9.042015671730041504e-01 9.055513143539428711e-01 8.490497469902038574e-01 6.075666844844818115e-02 1.400799211114645004e-02 1.700434088706970215e-02 3.146982938051223755e-02 7.397840381599962711e-04 7.665999582968652248e-04 5.879533127881586552e-04 3.980855108238756657e-04 5.347980186343193054e-05 4.771740350406616926e-05 3.190842107869684696e-05 5.910096660954877734e-05 8.591089863330125809e-05 1.049598067766055465e-04 6.298096559476107359e-05 7.663387805223464966e-05 6.141917401691898704e-05 2.109791057591792196e-05 2.745749952737241983e-05 5.543381485040299594e-05 5.093270374345593154e-05 2.771924846456386149e-05 3.208604175597429276e-05 9.599782060831785202e-06 2.642340405145660043e-05 3.421943983994424343e-05 3.201250365236774087e-05 2.148689418390858918e-05 1.880224226624704897e-05 1.256395444215741009e-05 1.720821728667942807e-06 7.004226176832162309e-07 2.375857377501233714e-07 2.963634244679269614e-07 1.652932837714615744e-06 5.584305654338095337e-06
1.390880439430475235e-03 4.849191289395093918e-03 1.304760389029979706e-02 5.783247295767068863e-03 1.297728624194860458e-02 2.233986184000968933e-02 6.976573914289474487e-02 2.279595583677291870e-01 2.802931964397430420e-01 2.222386747598648071e-01 7.861030846834182739e-02 2.620837092399597168e-02 1.188838575035333633e-02 2.236784808337688446e-02 2.372700907289981842e-02 4.372321814298629761e-02 1.491625458002090454e-01 6.777996420860290527e-01 7.028893828392028809e-01 3.434041142463684082e-01 2.723811566829681396e-01 2.257098853588104248e-01 5.558005571365356445e-01 4.683665931224822998e-01 6.152063608169555664e-01 8.874471783638000488e-01 9.290163516998291016e-01 8.440554738044738770e-01 6.301047205924987793e-01 3.540156036615371704e-02 2.612714283168315887e-02 1.753286831080913544e-02 9.261010563932359219e-04 2.858352381736040115e-04 5.282185156829655170e-04 1.885594392661005259e-04 4.019882908323779702e-05 5.239697202341631055e-05 1.188965470646508038e-04 1.072041050065308809e-04 7.818071026122197509e-05 7.348279177676886320e-05 4.239435656927525997e-05 7.747107156319543719e-05 4.073572927154600620e-05 4.050281495437957346e-05 2.672156188054941595e-05 4.202091440674848855e-05 2.370716356381308287e-05 3.084937998210079968e-05 1.659623558225575835e-05 4.981248275726102293e-05 1.128029762185178697e-04 6.340623076539486647e-05 5.406911077443510294e-05 4.434809306985698640e-05 2.153230889234691858e-05 8.454805538349319249e-06 1.989588554351939820e-06 7.787888307575485669e-07 1.666594613425331772e-07 9.559881846143980511e-07 3.671649210446048528e-06 1.837178024288732558e-05
2.049906412139534950e-03 2.747070742771029472e-03 1.165793929249048233e-02 6.412610877305269241e-03 1.324079092592000961e-02 3.449586778879165649e-02 6.725350022315979004e-02 3.135696649551391602e-01 1.627636104822158813e-01 2.113321274518966675e-01 9.748084843158721924e-02 5.842996761202812195e-02 3.116610459983348846e-02 6.041504070162773132e-02 4.757428169250488281e-02 4.399605467915534973e-02 9.146308898925781250e-02 7.373928427696228027e-01 7.195801734924316406e-01 4.794116020202636719e-01 2.042076140642166138e-01 2.068749219179153442e-01 2.735235095024108887e-01 6.673951148986816406e-01 8.210340738296508789e-01 9.426223039627075195e-01 8.561574220657348633e-01 8.990078568458557129e-01 6.981771588325500488e-01 3.790619596838951111e-02 5.334135144948959351e-02 1.925145275890827179e-02 2.276799874380230904e-03 1.241852529346942902e-03 1.696699531748890877e-03 9.769704774953424931e-05 2.990070061059668660e-05 1.237926626345142722e-04 8.854550833348184824e-05 5.031636101193726063e-04 1.007827813737094402e-04 1.601528783794492483e-04 4.729499414679594338e-05 5.464720015879720449e-05 2.407217289146501571e-05 4.504240496316924691e-05 3.126496812910772860e-05 2.974339986394625157e-05 1.431721375411143526e-05 2.810379010043106973e-05 3.817093602265231311e-05 4.377597360871732235e-05 9.632392902858555317e-06 4.570358942146413028e-05 7.801716128597036004e-05 5.127055919729173183e-05 2.186354686273261905e-05 7.507600003009429201e-06 1.467540982957871165e-06 2.752871978373150341e-06 1.114688984671374783e-06 1.203473175337421708e-06 2.315772007932537235e-06 1.471912219130899757e-05
1.735326135531067848e-03 7.620816584676504135e-03 1.712768897414207458e-02 1.371237821877002716e-02 2.115212380886077881e-02 2.638227492570877075e-02 2.624237239360809326e-01 6.299886107444763184e-01 5.131461024284362793e-01 1.080375090241432190e-01 4.945766925811767578e-02 9.243909269571304321e-02 9.014093130826950073e-02 7.460196316242218018e-02 5.100669711828231812e-02 3.779874369502067566e-02 2.723390161991119385e-01 5.914401412010192871e-01 8.003212213516235352e-01 4.636829495429992676e-01 2.937060296535491943e-01 2.231642752885818481e-01 2.534728050231933594e-01 4.391973316669464111e-01 7.787240147590637207e-01 9.414633512496948242e-01 8.267406821250915527e-01 8.975468873977661133e-01 6.584056615829467773e-01 3.476894795894622803e-01 2.296913266181945801e-01 4.353884980082511902e-02 3.348288824781775475e-03 1.600626041181385517e-03 1.247390988282859325e-03 7.437670137733221054e-04 1.987758005270734429e-04 5.604781472356989980e-05 9.259967191610485315e-05 2.802587987389415503e-04 1.142012042691931129e-04 9.103786578634753823e-05 7.204985740827396512e-05 5.989347118884325027e-05 4.644834189093671739e-05 4.905503010377287865e-05 2.435011629131622612e-05 2.932501411123666912e-05 3.225960608688183129e-05 1.283001893170876428e-05 1.227656593982828781e-05 2.702831261558458209e-05 1.659071313042659312e-05 4.231567800161428750e-05 3.678935172501951456e-05 6.206356920301914215e-05 4.763860488310456276e-05 6.239782123884651810e-06 1.018437956190609839e-06 4.057831120007904246e-06 6.048722298146458343e-06 1.668065465310064610e-06 5.270837277748796623e-07 1.319397779298014939e-05
3.536522854119539261e-03 2.035804092884063721e-02 9.862123057246208191e-03 1.635679230093955994e-02 2.583755366504192352e-02 4.030993580818176270e-02 1.503302603960037231e-01 6.734371781349182129e-01 5.521110892295837402e-01 2.024534642696380615e-01 9.167709201574325562e-02 1.353433728218078613e-01 2.743173837661743164e-01 6.522751599550247192e-02 6.093136221170425415e-02 6.472200155258178711e-02 2.575410008430480957e-01 7.283067107200622559e-01 7.104863524436950684e-01 3.255665302276611328e-01 2.832567989826202393e-01 2.490823268890380859e-01 3.588730096817016602e-01 3.750528991222381592e-01 8.046935200691223145e-01 9.515239000320434570e-01 8.349569439888000488e-01 8.541123270988464355e-01 7.707791328430175781e-01 6.123843789100646973e-01 2.490705102682113647e-01 4.751856997609138489e-02 5.939376540482044220e-03 1.293079229071736336e-03 9.424121817573904991e-04 8.345461101271212101e-04 4.089906578883528709e-04 3.157612518407404423e-04 3.561205230653285980e-04 4.026133974548429251e-04 1.958701614057645202e-04 1.615937071619555354e-04 1.432829449186101556e-04 1.556498609716072679e-04 4.332573735155165195e-05 7.946608820930123329e-05 9.667633275967091322e-05 4.840252586291171610e-05 2.766363286355044693e-05 3.618683695094659925e-05 1.798832272470463067e-05 1.879794035630766302e-05 2.685429899429436773e-05 6.183452933328226209e-05 2.375790609221439809e-05 3.043694050575140864e-05 4.697249823948368430e-05 1.777944999048486352e-05 6.344363555399468169e-06 1.565419006510637701e-05 3.767928774323081598e-06 6.797008609282784164e-06 8.590274774178396910e-06 1.119952776207355782e-05
2.418976509943604469e-03 5.284441169351339340e-03 7.724627852439880371e-03 1.818130724132061005e-02 2.128426358103752136e-02 2.042983286082744598e-02 9.398122876882553101e-02 6.083812117576599121e-01 5.059634447097778320e-01 1.783558726310729980e-01 8.970075100660324097e-02 1.232159212231636047e-01 1.716610938310623169e-01 1.166271269321441650e-01 4.976260289549827576e-02 7.068102806806564331e-02 3.767373859882354736e-01 6.369370818138122559e-01 7.065492868423461914e-01 4.653001129627227783e-01 1.793332695960998535e-01 3.458086848258972168e-01 4.282892048358917236e-01 5.579352378845214844e-01 8.801289200782775879e-01 8.479456305503845215e-01 8.025737404823303223e-01 8.551381826400756836e-01 8.347307443618774414e-01 7.874178290367126465e-01 4.781795144081115723e-01 1.527402698993682861e-01 1.174551900476217270e-02 4.336868412792682648e-03 1.256147632375359535e-03 4.283970920369029045e-04 4.196514782961457968e-04 3.508760419208556414e-04 5.303055513650178909e-04 5.513143260031938553e-04 1.947811979334801435e-04 1.552183966850861907e-04 9.628990665078163147e-05 7.438175089191645384e-05 1.641875496716238558e-05 4.100232035852968693e-05 3.915025081369094551e-05 2.617665813886560500e-05 1.144399902841541916e-05 1.023310869641136378e-05 1.807114495022688061e-05 1.344527481705881655e-05 1.941434857144486159e-05 1.553508081997279078e-05 2.813084574881941080e-05 1.933122985064983368e-05 2.444210804242175072e-05 3.700431261677294970e-05 4.025571615784429014e-05 4.321852247812785208e-05 1.075463501365447883e-06 8.521727977495174855e-06 2.066665911115705967e-05 1.594318746356293559e-05
1.066644117236137390e-02 1.268326770514249802e-02 8.623749949038028717e-03 1.008743885904550552e-02 1.955227926373481750e-02 3.881581872701644897e-02 1.231774315237998962e-01 4.384524524211883545e-01 4.456036984920501709e-01 2.871511876583099365e-01 8.422615379095077515e-02 1.105539277195930481e-01 1.027055680751800537e-01 8.159948140382766724e-02 4.020915180444717407e-02 6.407377868890762329e-02 3.425415754318237305e-01 5.835591554641723633e-01 7.236914634704589844e-01 4.007698297500610352e-01 2.671841979026794434e-01 3.404965698719024658e-01 5.729166865348815918e-01 5.042558908462524414e-01 9.203026294708251953e-01 8.711335062980651855e-01 7.505944371223449707e-01 8.203590512275695801e-01 7.689469456672668457e-01 7.568090558052062988e-01 6.314556598663330078e-01 3.138896524906158447e-01 1.427766494452953339e-02 5.362558644264936447e-03 1.576558221131563187e-03 6.415744428522884846e-04 1.218087156303226948e-03 8.681844919919967651e-04 1.376869506202638149e-03 1.207977766171097755e-03 7.080572540871798992e-04 6.032550008967518806e-04 3.722270776052027941e-04 3.952932311221957207e-04 3.072766412515193224e-04 5.125017560203559697e-05 1.000414049485698342e-04 8.569766214350238442e-05 3.758185994229279459e-05 4.015610466012731194e-05 4.334589539212174714e-05 9.183324436889961362e-06 2.099332596117164940e-05 3.944115815102122724e-05 7.092289888532832265e-05 4.480455390876159072e-05 7.457542233169078827e-05 5.866702122148126364e-05 1.606786099728196859e-05 2.977572512463666499e-05 1.105028695747023448e-05 3.880493386532180011e-05 3.604758239816874266e-05 6.942723302927333862e-06
1.282078027725219727e-02 5.669940728694200516e-03 9.997629560530185699e-03 2.151693031191825867e-02 1.990779303014278412e-02 3.313029929995536804e-02 1.675978451967239380e-01 4.819429516792297363e-01 4.047512412071228027e-01 2.984118461608886719e-01 9.753683209419250488e-02 7.931252568960189819e-02 6.739686429500579834e-02 1.052881851792335510e-01 1.101266294717788696e-01 6.208088621497154236e-02 3.612612187862396240e-01 5.822611451148986816e-01 6.243144273757934570e-01 4.649867713451385498e-01 3.377224206924438477e-01 2.453899085521697998e-01 3.735018968582153320e-01 7.541701197624206543e-01 8.993498086929321289e-01 7.943657040596008301e-01 7.123802900314331055e-01 8.357267379760742188e-01 7.434477806091308594e-01 8.382140398025512695e-01 7.280899882316589355e-01 5.004007220268249512e-01 3.850905969738960266e-02 1.195827685296535492e-02 7.981407456099987030e-03 3.314743749797344208e-03 1.972435973584651947e-03 2.155790338292717934e-03 6.920999730937182903e-04 1.063696807250380516e-03 1.736724399961531162e-03 2.349785994738340378e-03 1.148300827480852604e-03 8.474522619508206844e-04 5.040572141297161579e-04 2.841078385245054960e-04 1.965233823284506798e-04 1.428784307790920138e-04 2.116632531397044659e-04 1.379850982630159706e-05 3.304617712274193764e-05 4.589747186400927603e-05 3.951487087761051953e-05 8.865314157446846366e-05 7.474009908037260175e-05 9.064243931788951159e-05 1.022185315378010273e-04 9.868411871138960123e-05 9.259181388188153505e-05 8.413055184064432979e-05 5.408726428868249059e-05 2.275696351716760546e-05 6.256838969420641661e-05 6.110561662353575230e-05
7.976094260811805725e-03 5.250473972409963608e-03 1.302004326134920120e-02 1.339793484658002853e-02 2.358018234372138977e-02 4.336858913302421570e-02 1.228682398796081543e-01 4.970431327819824219e-01 4.351437091827392578e-01 3.872530162334442139e-01 4.189670383930206299e-01 2.616581320762634277e-01 3.166560530662536621e-01 2.584851682186126709e-01 1.933120638132095337e-01 2.189676910638809204e-01 2.895859479904174805e-01 4.637197256088256836e-01 7.147296667098999023e-01 4.394325315952301025e-01 3.115404248237609863e-01 2.710607051849365234e-01 3.727106750011444092e-01 6.847778558731079102e-01 8.009645342826843262e-01 8.299302458763122559e-01 8.041518330574035645e-01 8.611969947814941406e-01 8.451986312866210938e-01 7.985509037971496582e-01 8.523259162902832031e-01 6.680727005004882812e-01 1.033505275845527649e-01 1.591178774833679199e-02 5.903494078665971756e-03 3.229998052120208740e-03 1.734009943902492523e-03 2.995237475261092186e-03 1.033611712045967579e-03 1.023361692205071449e-03 1.644186442717909813e-03 2.018729224801063538e-03 8.556221728213131428e-04 1.105724018998444080e-03 6.463627214543521404e-04 3.002832236234098673e-04 3.473191463854163885e-04 1.920166541822254658e-04 1.711741351755335927e-04 2.420799864921718836e-04 6.220275099622085690e-05 2.298348408658057451e-05 3.019420910277403891e-05 7.291278598131611943e-05 6.596389721380546689e-05 3.256449781474657357e-05 1.365564385196194053e-04 1.096860505640506744e-04 1.291951048187911510e-04 1.481093640904873610e-04 7.832047413103282452e-05 5.352297011995688081e-05 4.785329292644746602e-05 1.893991429824382067e-04
2.420998178422451019e-02 3.939200937747955322e-02 1.911452971398830414e-02 1.833719760179519653e-02 1.783222891390323639e-02 3.770782053470611572e-02 1.022886857390403748e-01 6.500274538993835449e-01 4.544915556907653809e-01 5.289831757545471191e-01 2.303987443447113037e-01 3.112131059169769287e-01 3.387120068073272705e-01 3.488301038742065430e-01 2.397217899560928345e-01 2.178230136632919312e-01 4.401322901248931885e-01 7.432992458343505859e-01 8.478092551231384277e-01 6.814614534378051758e-01 5.600586533546447754e-01 6.278251409530639648e-01 6.952103972434997559e-01 7.732065320014953613e-01 8.620965480804443359e-01 8.500421643257141113e-01 8.354361057281494141e-01 7.938799858093261719e-01 8.428339958190917969e-01 8.437696695327758789e-01 7.759368419647216797e-01 6.556864380836486816e-01 2.213607877492904663e-01 2.245798707008361816e-02 4.957848694175481796e-03 3.883594647049903870e-03 3.197061363607645035e-03 2.765638288110494614e-03 2.906410023570060730e-03 1.933675841428339481e-03 1.464589033275842667e-03 1.353947678580880165e-03 1.725611160509288311e-03 8.823738899081945419e-04 1.163538778200745583e-03 5.195579142309725285e-04 5.896560032851994038e-04 3.033132816199213266e-04 2.384757535764947534e-04 1.808319502742961049e-04 1.576575450599193573e-04 1.595842913957312703e-04 9.820984996622428298e-05 7.820978498784825206e-05 6.682597449980676174e-05 5.137166590429842472e-05 7.065220415825024247e-05 8.760160562815144658e-05 1.211235285154543817e-04 9.373330249218270183e-05 1.277712435694411397e-04 1.316524721914902329e-04 1.924745592987164855e-04 1.140503663918934762e-04
4.928544908761978149e-02 4.834892600774765015e-02 1.569594256579875946e-02 2.108158357441425323e-02 1.795525848865509033e-02 4.180488735437393188e-02 4.186878502368927002e-01 6.525129079818725586e-01 6.118954420089721680e-01 5.244430303573608398e-01 4.028297066688537598e-01 2.699824571609497070e-01 2.461777329444885254e-01 3.004687726497650146e-01 1.622262299060821533e-01 2.103315889835357666e-01 5.162243843078613281e-01 7.946971654891967773e-01 9.177351593971252441e-01 7.469415664672851562e-01 7.320277690887451172e-01 8.603098988533020020e-01 8.242429494857788086e-01 8.255352377891540527e-01 9.237519502639770508e-01 8.828386068344116211e-01 8.715454936027526855e-01 7.871992588043212891e-01 7.188533544540405273e-01 7.741746306419372559e-01 8.533801436424255371e-01 6.949307322502136230e-01 2.653629779815673828e-01 4.047046601772308350e-02 1.208047382533550262e-02 3.134257858619093895e-03 2.547636162489652634e-03 3.096186555922031403e-03 3.267287742346525192e-03 2.999810269102454185e-03 2.366478554904460907e-03 1.503364532254636288e-03 2.037497004494071007e-03 1.434294739738106728e-03 1.302023534663021564e-03 1.925263670273125172e-03 9.656409383751451969e-04 3.965292708016932011e-04 2.298816398251801729e-04 2.093510411214083433e-04 1.331885432591661811e-04 6.964194471947848797e-05 1.429129042662680149e-04 1.305897312704473734e-04 1.126479692175053060e-04 5.831000817124731839e-05 8.389452705159783363e-05 8.904262358555570245e-05 6.368699541781097651e-05 7.604160782648250461e-05 1.081667796825058758e-04 1.829839020501822233e-04 1.680586283328011632e-04 7.749264477752149105e-05
3.189980983734130859e-02 2.486027963459491730e-02 9.187493473291397095e-03 2.603189460933208466e-02 2.489751391112804413e-02 3.828268125653266907e-02 3.596001863479614258e-01 5.865952372550964355e-01 5.613590478897094727e-01 4.995377361774444580e-01 4.941030442714691162e-01 3.244064152240753174e-01 2.817779183387756348e-01 2.842706441879272461e-01 3.199706077575683594e-01 2.848649024963378906e-01 7.749146819114685059e-01 8.243079185485839844e-01 9.213954210281372070e-01 8.487162590026855469e-01 8.685075044631958008e-01 8.475869894027709961e-01 9.060957431793212891e-01 9.120016694068908691e-01 9.018464088439941406e-01 8.732612729072570801e-01 8.028600215911865234e-01 8.315588831901550293e-01 8.527224063873291016e-01 8.197627067565917969e-01 8.876199722290039062e-01 8.262266516685485840e-01 2.379211187362670898e-01 2.090253308415412903e-02 1.276392303407192230e-02 5.378610920161008835e-03 5.023390054702758789e-03 2.924290485680103302e-03 4.534875974059104919e-03 3.994288854300975800e-03 3.724721027538180351e-03 2.482394687831401825e-03 2.203609095886349678e-03 1.589502673596143723e-03 1.586080761626362801e-03 1.535164192318916321e-03 1.991654513403773308e-03 5.121646099723875523e-04 3.896077396348118782e-04 3.500442835502326488e-04 1.757448917487636209e-04 7.571153400931507349e-05 1.138537991209886968e-04 1.295233378186821938e-04 1.482191437389701605e-04 1.508398563601076603e-04 1.594882924109697342e-04 1.747515052556991577e-04 1.953566679731011391e-04 1.231105125043541193e-04 1.638846733840182424e-04 3.947744844481348991e-04 1.906565739773213863e-04 2.562965673860162497e-04
9.138312935829162598e-02 3.855243325233459473e-02 2.890185825526714325e-02 2.145751379430294037e-02 2.398219145834445953e-02 3.448510915040969849e-02 1.421995013952255249e-01 5.945029854774475098e-01 6.688788533210754395e-01 5.785077810287475586e-01 4.279108345508575439e-01 3.140509724617004395e-01 1.888287365436553955e-01 1.927485764026641846e-01 2.862303555011749268e-01 2.643649876117706299e-01 7.288429737091064453e-01 9.007006287574768066e-01 9.278095364570617676e-01 8.303691148757934570e-01 8.226779103279113770e-01 8.944298624992370605e-01 9.182236790657043457e-01 9.008513689041137695e-01 8.627076745033264160e-01 8.525532484054565430e-01 7.746911048889160156e-01 9.025965929031372070e-01 8.620858192443847656e-01 8.564031720161437988e-01 8.780782222747802734e-01 7.394738793373107910e-01 2.150835543870925903e-01 1.176929380744695663e-02 1.245789416134357452e-02 6.393031682819128036e-03 5.298616364598274231e-03 4.226970486342906952e-03 4.810359794646501541e-03 4.520685411989688873e-03 5.561271682381629944e-03 4.148222506046295166e-03 2.592818345874547958e-03 1.947097363881766796e-03 1.698934123851358891e-03 1.219143625348806381e-03 9.571210830472409725e-04 7.234835647977888584e-04 3.490794915705919266e-04 3.535290888976305723e-04 2.178302238462492824e-04 1.071640363079495728e-04 8.627236820757389069e-05 5.148638229002244771e-05 9.402029536431655288e-05 1.247251930180937052e-04 7.558421202702447772e-05 1.200873521156609058e-04 3.748788731172680855e-04 3.215334145352244377e-04 2.380298392381519079e-04 2.514693187549710274e-04 1.606511650606989861e-04 1.509424619143828750e-04
4.642472788691520691e-02 4.994287714362144470e-02 4.010075330734252930e-02 3.154131770133972168e-02 3.781338781118392944e-02 1.023818552494049072e-01 1.923944056034088135e-01 5.852488279342651367e-01 5.973694324493408203e-01 4.966802000999450684e-01 3.473044633865356445e-01 3.729406297206878662e-01 3.145617842674255371e-01 1.555652022361755371e-01 2.366400510072708130e-01 5.865759849548339844e-01 8.813074827194213867e-01 9.529827833175659180e-01 9.363318085670471191e-01 8.682278990745544434e-01 7.980208992958068848e-01 8.362214565277099609e-01 7.394652962684631348e-01 8.766894340515136719e-01 7.987042665481567383e-01 8.616960048675537109e-01 7.628730535507202148e-01 9.230703711509704590e-01 9.106872677803039551e-01 8.675191998481750488e-01 8.442721366882324219e-01 8.116264939308166504e-01 4.264057874679565430e-01 2.387432195246219635e-02 5.420287139713764191e-03 4.788922145962715149e-03 4.934085533022880554e-03 2.457163296639919281e-03 3.198884194716811180e-03 4.178466275334358215e-03 6.522499490529298782e-03 5.625024437904357910e-03 3.734809812158346176e-03 2.770464634522795677e-03 1.306855119764804840e-03 1.156591461040079594e-03 9.355561342090368271e-04 7.545581902377307415e-04 6.156250019557774067e-04 2.382968959864228964e-04 2.649308298714458942e-04 1.414616563124582171e-04 8.932531636673957109e-05 6.331922486424446106e-05 7.285038009285926819e-05 6.241582741495221853e-05 4.079144491697661579e-05 8.788684499450027943e-05 7.049304986139759421e-05 1.180891122203320265e-04 1.052496663760393858e-04 2.746996760834008455e-04 3.303740813862532377e-04 1.883366348920390010e-04
5.100787803530693054e-02 7.543347030878067017e-02 4.869076237082481384e-02 3.419252485036849976e-02 2.850039303302764893e-02 7.810935378074645996e-02 1.515704095363616943e-01 5.508565902709960938e-01 6.319843530654907227e-01 6.549229025840759277e-01 4.731037020683288574e-01 5.155746340751647949e-01 3.372425138950347900e-01 3.599694669246673584e-01 4.266346991062164307e-01 6.952880024909973145e-01 9.226498603820800781e-01 9.653847217559814453e-01 9.804567098617553711e-01 9.341665506362915039e-01 8.368703722953796387e-01 8.707545399665832520e-01 8.578231334686279297e-01 8.806453347206115723e-01 8.828852772712707520e-01 8.830788731575012207e-01 7.609108686447143555e-01 8.977817893028259277e-01 9.528200030326843262e-01 9.056957364082336426e-01 8.363325595855712891e-01 7.104622125625610352e-01 5.452918410301208496e-01 1.034042164683341980e-01 4.439536016434431076e-03 5.465375259518623352e-03 3.316402900964021683e-03 3.701276611536741257e-03 4.319018218666315079e-03 6.320108659565448761e-03 5.900990683585405350e-03 5.777717567980289459e-03 5.141913425177335739e-03 2.900011138990521431e-03 1.826441148295998573e-03 6.117080338299274445e-04 6.593421567231416702e-04 1.006992766633629799e-03 5.248261149972677231e-04 2.623058389872312546e-04 1.699412387097254395e-04 1.993767364183440804e-04 1.325984048889949918e-04 5.125325333210639656e-05 8.347837137989699841e-05 1.063599920598790050e-04 1.337799039902165532e-04 9.031766967382282019e-05 5.882926052436232567e-05 1.116735293180681765e-04 2.054295473499223590e-04 1.495592005085200071e-04 1.153151897597126663e-04 1.768827060004696250e-04
7.529604434967041016e-02 2.016808278858661652e-02 1.001782789826393127e-01 6.555306911468505859e-02 7.808583229780197144e-02 5.854501575231552124e-02 2.169588655233383179e-01 5.639619231224060059e-01 5.300666093826293945e-01 4.616264998912811279e-01 4.218516349792480469e-01 7.244686484336853027e-01 5.259416699409484863e-01 3.049015104770660400e-01 8.052294850349426270e-01 8.201650381088256836e-01 9.489871263504028320e-01 9.867551922798156738e-01 9.770901203155517578e-01 9.838179349899291992e-01 8.927603363990783691e-01 8.789939284324645996e-01 9.656355381011962891e-01 9.685519337654113770e-01 9.705327749252319336e-01 9.665643572807312012e-01 9.762064218521118164e-01 9.645606279373168945e-01 9.702476859092712402e-01 9.805778264999389648e-01 9.940922856330871582e-01 9.802788496017456055e-01 8.990805149078369141e-01 2.419358491897583008e-01 7.135927677154541016e-03 6.545282900333404541e-03 3.257414326071739197e-03 4.141914658248424530e-03 3.620886942371726036e-03 4.471707623451948166e-03 5.396391265094280243e-03 5.569267086684703827e-03 5.195127334445714951e-03 3.828995395451784134e-03 2.952700015157461166e-03 1.735265715979039669e-03 9.253729949705302715e-04 7.682003779336810112e-04 6.655589677393436432e-04 5.601029843091964722e-04 1.393247221130877733e-04 1.754582626745104790e-04 1.002204226097092032e-04 7.773682591505348682e-05 1.300449803238734603e-04 8.945667650550603867e-05 1.291963417315855622e-04 6.377980025717988610e-05 6.154358561616390944e-05 1.000662887236103415e-04 1.989358279388397932e-04 3.838737902697175741e-04 1.849028340075165033e-04 2.530629863031208515e-04
7.137620449066162109e-02 8.664648234844207764e-02 5.950005352497100830e-02 8.590548485517501831e-02 1.018706262111663818e-01 1.494818180799484253e-01 4.512877464294433594e-01 6.436884403228759766e-01 5.153630971908569336e-01 4.497146010398864746e-01 6.390012502670288086e-01 5.892664194107055664e-01 5.953470468521118164e-01 7.357278466224670410e-01 9.129386544227600098e-01 9.718628525733947754e-01 9.774596691131591797e-01 9.898598790168762207e-01 9.804447889328002930e-01 9.497957825660705566e-01 9.488497376441955566e-01 9.503775238990783691e-01 9.697544574737548828e-01 9.868196845054626465e-01 9.808047413825988770e-01 9.708527922630310059e-01 9.876914620399475098e-01 9.762907028198242188e-01 9.767025113105773926e-01 9.739282727241516113e-01 9.881060123443603516e-01 9.968696236610412598e-01 9.871510267257690430e-01 8.715777397155761719e-01 2.400697618722915649e-01 1.082519628107547760e-02 8.845817297697067261e-03 5.420353729277849197e-03 3.860034281387925148e-03 5.867577157914638519e-03 7.771970704197883606e-03 8.591856807470321655e-03 5.663258489221334457e-03 3.086612094193696976e-03 3.831085748970508575e-03 1.456970931030809879e-03 1.852533780038356781e-03 9.170434204861521721e-04 9.864385938271880150e-04 4.236728418618440628e-04 1.602375123184174299e-04 2.592924574855715036e-04 1.784667256288230419e-04 1.657739630900323391e-04 1.096772539312951267e-04 9.109327947953715920e-05 1.193244970636442304e-04 8.001685637282207608e-05 4.087028719368390739e-05 8.936654921853914857e-05 1.277317642234265804e-04 2.568543422967195511e-04 1.775691343937069178e-04 1.756530982675030828e-04
9.736265242099761963e-02 1.077294573187828064e-01 1.715727746486663818e-01 1.112616509199142456e-01 2.031064629554748535e-01 1.086770892143249512e-01 3.551465272903442383e-01 5.349881649017333984e-01 5.471789240837097168e-01 4.684340357780456543e-01 5.810157656669616699e-01 7.879294157028198242e-01 8.011049628257751465e-01 9.333889484405517578e-01 9.629502296447753906e-01 9.806200265884399414e-01 9.837761521339416504e-01 9.911642670631408691e-01 9.813770651817321777e-01 9.748523235321044922e-01 9.552840590476989746e-01 9.865584969520568848e-01 9.912614822387695312e-01 9.909756779670715332e-01 9.841904044151306152e-01 9.830284118652343750e-01 9.973639845848083496e-01 9.934871196746826172e-01 9.882722496986389160e-01 9.919601082801818848e-01 9.903827309608459473e-01 9.958834052085876465e-01 9.954574108123779297e-01 9.667896032333374023e-01 5.391159653663635254e-01 2.568689174950122833e-02 1.141247339546680450e-02 7.527775596827268600e-03 5.103550385683774948e-03 5.030380561947822571e-03 6.502439733594655991e-03 7.689299527555704117e-03 5.570627283304929733e-03 4.150770604610443115e-03 2.720738295465707779e-03 1.584528363309800625e-03 2.389826113358139992e-03 1.236191252246499062e-03 9.074758272618055344e-04 4.213254142086952925e-04 1.795548596419394016e-04 1.920541981235146523e-04 1.251214853255078197e-04 1.889314444269984961e-04 9.342917473986744881e-05 6.711707101203501225e-05 1.318566355621442199e-04 6.040326115908101201e-05 7.456098683178424835e-05 1.370926765957847238e-04 1.114158003474585712e-04 1.802110782591626048e-04 3.635786415543407202e-04 4.866792005486786366e-04
7.191531360149383545e-02 9.667274355888366699e-02 9.403911978006362915e-02 8.329956978559494019e-02 1.619254946708679199e-01 2.765819728374481201e-01 3.699651956558227539e-01 5.050720572471618652e-01 5.190405845642089844e-01 4.050134718418121338e-01 6.778455972671508789e-01 7.156513333320617676e-01 7.372704744338989258e-01 9.649196267127990723e-01 9.844122529029846191e-01 9.841006994247436523e-01 9.898613691329956055e-01 9.882891178131103516e-01 9.793950915336608887e-01 9.627293944358825684e-01 9.715518355369567871e-01 9.843435287475585938e-01 9.872826337814331055e-01 9.869964122772216797e-01 9.917159676551818848e-01 9.822911024093627930e-01 9.898624420166015625e-01 9.934898614883422852e-01 9.947169423103332520e-01 9.907968044281005859e-01 9.867933392524719238e-01 9.925859570503234863e-01 9.901670217514038086e-01 9.502608180046081543e-01 6.177465915679931641e-01 8.767847716808319092e-02 1.604059152305126190e-02 6.745283026248216629e-03 4.938952624797821045e-03 3.214477328583598137e-03 3.898570546880364418e-03 6.947728339582681656e-03 5.393009167164564133e-03 5.256826989352703094e-03 3.130289725959300995e-03 2.228779951110482216e-03 1.087489072233438492e-03 1.578005962073802948e-03 9.565654327161610126e-04 2.461234689690172672e-04 2.436806244077160954e-04 1.092732491088099778e-04 1.700264838291332126e-04 1.275935064768418670e-04 1.390967954648658633e-04 1.168165981653146446e-04 3.636374822235666215e-05 3.461335290921851993e-05 1.229998597409576178e-04 1.241536956513300538e-04 1.669710618443787098e-04 2.088554174406453967e-04 2.651175600476562977e-04 9.239734208676964045e-05
9.114125370979309082e-02 1.250035911798477173e-01 1.002015173435211182e-01 8.529422432184219360e-02 2.172337174415588379e-01 2.020736634731292725e-01 3.834092020988464355e-01 5.954434871673583984e-01 5.513942837715148926e-01 4.780004918575286865e-01 6.190786361694335938e-01 9.223118424415588379e-01 9.732177853584289551e-01 9.910181760787963867e-01 9.767884016036987305e-01 9.810369014739990234e-01 9.867895245552062988e-01 9.846066236495971680e-01 9.888750314712524414e-01 9.852409958839416504e-01 9.824710488319396973e-01 9.855404496192932129e-01 9.940198659896850586e-01 9.922422170639038086e-01 9.841984510421752930e-01 9.887444972991943359e-01 9.855397939682006836e-01 9.923658967018127441e-01 9.898487925529479980e-01 9.879180788993835449e-01 9.960244894027709961e-01 9.935461878776550293e-01 9.964268803596496582e-01 9.674152731895446777e-01 7.951691746711730957e-01 1.093009635806083679e-01 4.470796510577201843e-02 1.185557898133993149e-02 2.473879605531692505e-03 2.468265825882554054e-03 3.352226223796606064e-03 5.839334800839424133e-03 5.622826982289552689e-03 3.177758306264877319e-03 1.989243086427450180e-03 1.950710662640631199e-03 1.363048912025988102e-03 9.063066099770367146e-04 5.459245876409113407e-04 1.481386134400963783e-04 1.698273845249786973e-04 9.296996722696349025e-05 7.814970012987032533e-05 1.137921499321237206e-04 9.558129386277869344e-05 1.001858327072113752e-04 5.864263584953732789e-05 2.522450631659012288e-05 2.075727934425231069e-05 8.813937893137335777e-05 2.001160901272669435e-04 4.722762387245893478e-04 2.423864498268812895e-04 2.000527747441083193e-04
1.444618999958038330e-01 1.049335077404975891e-01 7.545525580644607544e-02 1.404446363449096680e-01 2.008236050605773926e-01 3.680599927902221680e-01 5.654692053794860840e-01 5.426571965217590332e-01 4.869593083858489990e-01 5.728664398193359375e-01 7.542777657508850098e-01 9.458072781562805176e-01 9.895414710044860840e-01 9.913552403450012207e-01 9.869294166564941406e-01 9.832072257995605469e-01 9.884187579154968262e-01 9.905080795288085938e-01 9.882183670997619629e-01 9.862303137779235840e-01 9.838479161262512207e-01 9.880643486976623535e-01 9.837807416915893555e-01 9.809551835060119629e-01 9.849513173103332520e-01 9.900239109992980957e-01 9.965742826461791992e-01 9.949870109558105469e-01 9.903327822685241699e-01 9.905506372451782227e-01 9.967725872993469238e-01 9.955293536186218262e-01 9.960797429084777832e-01 9.567377567291259766e-01 7.878762483596801758e-01 1.344382762908935547e-01 2.475179359316825867e-02 7.951872423291206360e-03 2.986520994454622269e-03 3.614870831370353699e-03 5.673551466315984726e-03 7.343949284404516220e-03 3.952633123844861984e-03 3.296253737062215805e-03 2.422109479084610939e-03 1.445416361093521118e-03 1.725408132188022137e-03 7.615530048497021198e-04 6.688922294415533543e-04 2.102744911098852754e-04 2.049412141786888242e-04 8.327823888976126909e-05 6.449064676417037845e-05 8.072379569057375193e-05 8.384574903175234795e-05 3.899319926858879626e-05 2.805837357300333679e-05 2.565786417108029127e-05 1.850270018621813506e-05 8.274226274807006121e-05 3.107618249487131834e-04 2.382550737820565701e-04 2.590834046714007854e-04 5.814702672068960965e-05
1.717042475938796997e-01 1.557857543230056763e-01 9.797535836696624756e-02 1.470132917165756226e-01 2.703171074390411377e-01 3.348384797573089600e-01 6.857114434242248535e-01 6.730408668518066406e-01 6.195554137229919434e-01 8.643764853477478027e-01 9.365712404251098633e-01 9.811232686042785645e-01 9.959585070610046387e-01 9.947445392608642578e-01 9.869319796562194824e-01 9.891286492347717285e-01 9.928810596466064453e-01 9.904749989509582520e-01 9.958602786064147949e-01 9.891425967216491699e-01 9.831081032752990723e-01 9.865859746932983398e-01 9.813392758369445801e-01 9.902446269989013672e-01 9.922873973846435547e-01 9.919857978820800781e-01 9.967850446701049805e-01 9.966742992401123047e-01 9.888783097267150879e-01 9.928548932075500488e-01 9.969688057899475098e-01 9.954545497894287109e-01 9.950925111770629883e-01 9.818009138107299805e-01 7.984627485275268555e-01 1.275014579296112061e-01 3.456777706742286682e-02 1.117691397666931152e-02 3.603801829740405083e-03 3.528972622007131577e-03 4.657558631151914597e-03 3.940024878829717636e-03 1.866305014118552208e-03 2.078066579997539520e-03 2.000971231609582901e-03 1.824858598411083221e-03 1.201126724481582642e-03 1.228959183208644390e-03 5.456587532535195351e-04 1.560345845064148307e-04 1.412310521118342876e-04 7.917896436993032694e-05 5.369689097278751433e-05 1.160936735686846077e-04 7.300790457520633936e-05 4.118336801184341311e-05 1.856025846791453660e-05 2.169942672480829060e-05 1.541195342724677175e-05 4.019836705992929637e-05 1.931494334712624550e-04 1.585483696544542909e-04 1.239891571458429098e-04 1.060260037775151432e-04
8.996515721082687378e-02 1.362986266613006592e-01 1.810725927352905273e-01 2.520253360271453857e-01 3.018396496772766113e-01 3.854174911975860596e-01 6.741365194320678711e-01 7.968826293945312500e-01 6.764818429946899414e-01 8.840606212615966797e-01 9.689000844955444336e-01 9.938099980354309082e-01 9.982531666755676270e-01 9.943830966949462891e-01 9.956085085868835449e-01 9.964542388916015625e-01 9.970038533210754395e-01 9.964130520820617676e-01 9.968332648277282715e-01 9.959537982940673828e-01 9.916858077049255371e-01 9.883431792259216309e-01 9.920459985733032227e-01 9.960552453994750977e-01 9.968208074569702148e-01 9.979659318923950195e-01 9.984986782073974609e-01 9.973188042640686035e-01 9.980065226554870605e-01 9.974068999290466309e-01 9.974493384361267090e-01 9.982371330261230469e-01 9.927191734313964844e-01 9.841290712356567383e-01 7.686087489128112793e-01 1.275898814201354980e-01 4.887137189507484436e-02 1.888004131615161896e-02 5.218961741775274277e-03 3.550507593899965286e-03 4.143275320529937744e-03 2.477253321558237076e-03 3.048310289159417152e-03 1.797470613382756710e-03 1.245622057467699051e-03 1.313680899329483509e-03 8.997481199912726879e-04 7.494757301174104214e-04 4.277825064491480589e-04 2.593359677121043205e-04 9.542027692077681422e-05 8.688894740771502256e-05 1.268038904527202249e-04 1.260320277651771903e-04 5.354492168407887220e-05 3.143765570712275803e-05 2.496023262210655957e-05 6.104423664510250092e-05 3.475405537756159902e-05 4.142872785450890660e-05 1.029873455991037190e-04 8.998970588436350226e-05 6.981974729569628835e-05 1.315302652074024081e-04
9.116394817829132080e-02 7.708524167537689209e-02 1.416104286909103394e-01 3.704784512519836426e-01 4.605281054973602295e-01 3.288451433181762695e-01 6.354491710662841797e-01 7.308194637298583984e-01 8.103559613227844238e-01 8.147516250610351562e-01 9.783872365951538086e-01 9.973256587982177734e-01 9.982031583786010742e-01 9.971715807914733887e-01 9.972857236862182617e-01 9.955405592918395996e-01 9.975157976150512695e-01 9.960741996765136719e-01 9.962810873985290527e-01 9.945169091224670410e-01 9.947527647018432617e-01 9.910728335380554199e-01 9.943438768386840820e-01 9.890378713607788086e-01 9.930617213249206543e-01 9.970138072967529297e-01 9.988330006599426270e-01 9.990134239196777344e-01 9.991735816001892090e-01 9.990548491477966309e-01 9.985347986221313477e-01 9.970771074295043945e-01 9.981579184532165527e-01 9.833009243011474609e-01 7.756478190422058105e-01 1.008215397596359253e-01 5.428150668740272522e-02 5.079766362905502319e-02 9.468622505664825439e-03 6.221858318895101547e-03 5.073757842183113098e-03 3.063344163820147514e-03 2.041126601397991180e-03 1.232315786182880402e-03 1.063735340721905231e-03 1.252073328942060471e-03 5.996487452648580074e-04 4.460097989067435265e-04 3.580902994144707918e-04 1.354813721263781190e-04 1.599672832526266575e-04 9.223051893059164286e-05 7.460131746483966708e-05 1.388758828397840261e-04 7.418440509354695678e-05 6.426167237805202603e-05 3.654549072962254286e-05 6.261267844820395112e-05 5.776997568318620324e-05 8.818755304673686624e-05 9.308395965490490198e-05 4.870088014286011457e-05 3.494674820103682578e-05 2.951996430056169629e-05
1.709440946578979492e-01 1.212691888213157654e-01 2.203016728162765503e-01 2.492326796054840088e-01 5.333409309387207031e-01 4.694519639015197754e-01 6.682011485099792480e-01 8.467968106269836426e-01 7.891538739204406738e-01 8.197566270828247070e-01 9.809694290161132812e-01 9.978358149528503418e-01 9.981517195701599121e-01 9.963214397430419922e-01 9.985659718513488770e-01 9.966979026794433594e-01 9.982488155364990234e-01 9.980146884918212891e-01 9.985560774803161621e-01 9.983338713645935059e-01 9.964840412139892578e-01 9.952377080917358398e-01 9.908813238143920898e-01 9.939008951187133789e-01 9.963130354881286621e-01 9.975111484527587891e-01 9.989624023437500000e-01 9.996930360794067383e-01 9.997236132621765137e-01 9.987319111824035645e-01 9.991458654403686523e-01 9.980239868164062500e-01 9.981033802032470703e-01 9.857767224311828613e-01 8.757289648056030273e-01 1.217742338776588440e-01 6.132135167717933655e-02 6.839099526405334473e-02 1.039780396968126297e-02 3.974961582571268082e-03 5.865438841283321381e-03 2.471766900271177292e-03 1.229497371241450310e-03 1.175182755105197430e-03 5.048178718425333500e-04 6.194176385179162025e-04 6.933195982128381729e-04 7.807346992194652557e-04 3.884623292833566666e-04 2.784092212095856667e-04 2.452520711813122034e-04 1.477668556617572904e-04 1.595103531144559383e-04 1.728271163301542401e-04 1.020908312057144940e-04 1.042222866090014577e-04 1.285791222471743822e-04 1.590175525052472949e-04 1.716394472168758512e-04 9.658953786129131913e-05 1.624066935619339347e-04 2.017091610468924046e-04 1.316002744715660810e-04 1.219207697431556880e-04
1.492009907960891724e-01 1.071377769112586975e-01 2.088451981544494629e-01 3.498551249504089355e-01 4.482263028621673584e-01 6.180831789970397949e-01 8.007454872131347656e-01 7.751865386962890625e-01 8.304902911186218262e-01 9.647949934005737305e-01 9.948670864105224609e-01 9.984978437423706055e-01 9.965080618858337402e-01 9.953828454017639160e-01 9.985694885253906250e-01 9.985913634300231934e-01 9.986565113067626953e-01 9.988653659820556641e-01 9.991585016250610352e-01 9.986615180969238281e-01 9.976529479026794434e-01 9.954352974891662598e-01 9.948843121528625488e-01 9.935609102249145508e-01 9.957767128944396973e-01 9.987879395484924316e-01 9.984849095344543457e-01 9.992289543151855469e-01 9.993428587913513184e-01 9.988445043563842773e-01 9.990985393524169922e-01 9.980515241622924805e-01 9.974370002746582031e-01 9.875439405441284180e-01 9.311462640762329102e-01 1.461441665887832642e-01 5.332884192466735840e-02 5.403140187263488770e-02 6.684926804155111313e-03 3.470203839242458344e-03 4.363233223557472229e-03 4.147569648921489716e-03 1.472251256927847862e-03 1.458392245694994926e-03 5.204942426644265652e-04 4.856888845097273588e-04 5.029365420341491699e-04 3.541097103152424097e-04 6.166997482068836689e-04 1.698108535492792726e-04 1.138090738095343113e-04 1.969950244529172778e-04 1.596611255081370473e-04 1.597758091520518064e-04 1.949913712451234460e-04 1.276652910746634007e-04 1.000531337922438979e-04 1.769645168678835034e-04 1.685016468400135636e-04 1.160338069894351065e-04 1.699319982435554266e-04 1.809990935726091266e-04 1.319294678978621960e-04 1.908479316625744104e-04
8.852186053991317749e-02 9.060686826705932617e-02 1.732763350009918213e-01 2.894523441791534424e-01 5.597522854804992676e-01 6.227950453758239746e-01 8.465932607650756836e-01 8.068285584449768066e-01 9.097244143486022949e-01 9.789634943008422852e-01 9.937371015548706055e-01 9.976242184638977051e-01 9.958117008209228516e-01 9.959893822669982910e-01 9.966533780097961426e-01 9.990230798721313477e-01 9.987754225730895996e-01 9.990625977516174316e-01 9.986361861228942871e-01 9.985269308090209961e-01 9.987685084342956543e-01 9.979602098464965820e-01 9.982647299766540527e-01 9.985272884368896484e-01 9.965056180953979492e-01 9.984096884727478027e-01 9.976074695587158203e-01 9.984602928161621094e-01 9.992442131042480469e-01 9.992334842681884766e-01 9.995337724685668945e-01 9.986376166343688965e-01 9.980266690254211426e-01 9.864037036895751953e-01 9.051031470298767090e-01 1.975018233060836792e-01 7.280111312866210938e-02 4.546787962317466736e-02 7.767981849610805511e-03 5.354680120944976807e-03 2.887289039790630341e-03 4.157433751970529556e-03 2.399655990302562714e-03 2.089932328090071678e-03 9.622978395782411098e-04 2.657606091815978289e-04 2.963662554975599051e-04 3.586740349419414997e-04 3.276142815593630075e-04 2.022030676016584039e-04 1.685039023868739605e-04 1.287396007683128119e-04 1.999530068133026361e-04 1.043220981955528259e-04 8.294750296045094728e-05 8.683816849952563643e-05 1.313955290243029594e-04 2.518308756407350302e-04 1.305160403717309237e-04 1.087105774786323309e-04 1.493816234869882464e-04 1.083074384951032698e-04 8.731154957786202431e-05 1.208284447784535587e-04
9.050237387418746948e-02 6.715635210275650024e-02 1.492710858583450317e-01 2.702195048332214355e-01 5.923568606376647949e-01 7.074704170227050781e-01 8.999947309494018555e-01 9.419857263565063477e-01 9.686536192893981934e-01 9.932756423950195312e-01 9.937921166419982910e-01 9.967154264450073242e-01 9.955305457115173340e-01 9.970267415046691895e-01 9.987823367118835449e-01 9.989389777183532715e-01 9.994163513183593750e-01 9.991771578788757324e-01 9.987658262252807617e-01 9.993177652359008789e-01 9.995717406272888184e-01 9.997351765632629395e-01 9.995939135551452637e-01 9.994152784347534180e-01 9.980317950248718262e-01 9.970697164535522461e-01 9.987649917602539062e-01 9.988363385200500488e-01 9.991962313652038574e-01 9.996232986450195312e-01 9.988361001014709473e-01 9.981827735900878906e-01 9.981367588043212891e-01 9.789527654647827148e-01 9.133354425430297852e-01 2.685284912586212158e-01 4.199055209755897522e-02 2.723395451903343201e-02 9.709921665489673615e-03 7.106356322765350342e-03 3.413503756746649742e-03 2.934107556939125061e-03 4.910694435238838196e-03 1.172197051346302032e-03 5.210487288422882557e-04 4.733646928798407316e-04 4.980053636245429516e-04 7.652489584870636463e-04 4.359899321570992470e-04 2.650273090694099665e-04 1.225725136464461684e-04 1.150896496255882084e-04 2.958403201773762703e-04 1.957366621354594827e-04 2.252403937745839357e-04 9.850191418081521988e-05 1.907416881294921041e-04 1.834966824389994144e-04 1.491125149186700583e-04 1.147796065197326243e-04 1.659492118051275611e-04 1.719090505503118038e-04 1.523594110039994121e-04 1.160534884547814727e-04
7.411555945873260498e-02 1.193491742014884949e-01 1.837330907583236694e-01 2.455779463052749634e-01 4.909878969192504883e-01 7.575157284736633301e-01 9.394722580909729004e-01 9.326006174087524414e-01 9.365884661674499512e-01 9.902911782264709473e-01 9.977670907974243164e-01 9.964553117752075195e-01 9.979865550994873047e-01 9.989570379257202148e-01 9.993172883987426758e-01 9.992277622222900391e-01 9.994496703147888184e-01 9.992577433586120605e-01 9.990788698196411133e-01 9.993410706520080566e-01 9.992995262145996094e-01 9.994121789932250977e-01 9.997534155845642090e-01 9.992884397506713867e-01 9.993857145309448242e-01 9.991366267204284668e-01 9.993180036544799805e-01 9.988363385200500488e-01 9.993085861206054688e-01 9.994683861732482910e-01 9.987773299217224121e-01 9.982877373695373535e-01 9.987099170684814453e-01 9.881314039230346680e-01 8.811481595039367676e-01 2.179722040891647339e-01 2.680949866771697998e-02 2.004549652338027954e-02 1.276729255914688110e-02 6.149535067379474640e-03 7.041242439299821854e-03 3.084816969931125641e-03 3.487627720460295677e-03 1.418917207047343254e-03 1.329312566667795181e-03 6.663427921012043953e-04 4.502715601120144129e-04 4.859060572925955057e-04 5.172596429474651814e-04 1.950014120666310191e-04 3.086607612203806639e-04 2.535621752031147480e-04 1.344671909464523196e-04 1.362026087008416653e-04 1.089492579922080040e-04 1.118952422984875739e-04 1.991603348869830370e-04 1.406628143740817904e-04 1.917308836709707975e-04 1.178159145638346672e-04 1.159708626801148057e-04 1.287494233110919595e-04 1.763298787409439683e-04 2.077364624710753560e-04
9.787215292453765869e-02 1.318874806165695190e-01 3.707231581211090088e-01 3.527874052524566650e-01 5.009627342224121094e-01 8.300365805625915527e-01 9.003642201423645020e-01 9.486930966377258301e-01 9.599768519401550293e-01 9.921592473983764648e-01 9.962218999862670898e-01 9.951381087303161621e-01 9.977854490280151367e-01 9.990748167037963867e-01 9.997091889381408691e-01 9.996763467788696289e-01 9.996317625045776367e-01 9.996892213821411133e-01 9.996009469032287598e-01 9.997931122779846191e-01 9.992881417274475098e-01 9.998584985733032227e-01 9.999105930328369141e-01 9.997082352638244629e-01 9.986944794654846191e-01 9.993761181831359863e-01 9.991791844367980957e-01 9.995403289794921875e-01 9.994915723800659180e-01 9.997172951698303223e-01 9.996780157089233398e-01 9.992066025733947754e-01 9.996548891067504883e-01 9.931857585906982422e-01 9.456016421318054199e-01 3.194996714591979980e-01 2.437494322657585144e-02 1.725132018327713013e-02 7.970398291945457458e-03 1.095154881477355957e-02 5.341484677046537399e-03 5.911038257181644440e-03 4.208369646221399307e-03 1.975873718038201332e-03 6.432682857848703861e-04 1.120583852753043175e-03 7.253236253745853901e-04 4.078305792063474655e-04 3.635878092609345913e-04 4.303244350012391806e-04 5.506200832314789295e-04 1.952579768840223551e-04 1.697038533166050911e-04 1.510341535322368145e-04 2.737971371971070766e-04 1.915750181069597602e-04 1.539726363262161613e-04 9.796470112632960081e-05 8.722415805095806718e-05 1.256215618923306465e-04 1.194580545416101813e-04 2.106668107444420457e-04 1.010870400932617486e-04 1.263745361939072609e-04
1.703644096851348877e-01 1.768267154693603516e-01 4.274249672889709473e-01 5.326488018035888672e-01 7.500020861625671387e-01 8.375184535980224609e-01 9.288383126258850098e-01 9.262698292732238770e-01 9.439126253128051758e-01 9.896239638328552246e-01 9.966374635696411133e-01 9.966624975204467773e-01 9.982557892799377441e-01 9.991098046302795410e-01 9.996932744979858398e-01 9.994291663169860840e-01 9.991226792335510254e-01 9.996701478958129883e-01 9.991483688354492188e-01 9.995380640029907227e-01 9.994004964828491211e-01 9.996470212936401367e-01 9.997633099555969238e-01 9.996435642242431641e-01 9.990459084510803223e-01 9.993213415145874023e-01 9.995359182357788086e-01 9.995036125183105469e-01 9.997071623802185059e-01 9.995985627174377441e-01 9.996548891067504883e-01 9.992374181747436523e-01 9.996992349624633789e-01 9.952310919761657715e-01 9.646185040473937988e-01 4.202812910079956055e-01 2.108555100858211517e-02 1.404070388525724411e-02 7.809042930603027344e-03 6.048322189599275589e-03 8.072050288319587708e-03 7.035593036562204361e-03 5.077620036900043488e-03 2.806990873068571091e-03 1.182238222099840641e-03 8.344968082383275032e-04 7.874734583310782909e-04 4.461609933059662580e-04 5.741734639741480350e-04 4.432638816069811583e-04 6.641066283918917179e-04 2.191367821069434285e-04 2.336153702344745398e-04 2.594319521449506283e-04 1.652027422096580267e-04 2.547709445934742689e-04 1.701682485872879624e-04 1.976196217583492398e-04 1.965020346688106656e-04 2.008807932725176215e-04 1.199478356284089386e-04 1.300634612562134862e-04 1.583042467245832086e-04 1.013664877973496914e-04
2.743853628635406494e-01 9.202323108911514282e-02 4.164141416549682617e-01 3.789235651493072510e-01 6.587657332420349121e-01 9.163005948066711426e-01 9.448286294937133789e-01 9.630321264266967773e-01 9.699112176895141602e-01 9.825614094734191895e-01 9.949434399604797363e-01 9.969283938407897949e-01 9.983001351356506348e-01 9.973575472831726074e-01 9.987813830375671387e-01 9.990629553794860840e-01 9.992347955703735352e-01 9.991210103034973145e-01 9.977305531501770020e-01 9.970941543579101562e-01 9.988310933113098145e-01 9.991606473922729492e-01 9.995093345642089844e-01 9.994181394577026367e-01 9.994912147521972656e-01 9.993946552276611328e-01 9.988650083541870117e-01 9.996662139892578125e-01 9.995434880256652832e-01 9.991943240165710449e-01 9.991521835327148438e-01 9.970043301582336426e-01 9.992811083793640137e-01 9.944262504577636719e-01 9.524319171905517578e-01 4.071432650089263916e-01 3.220069408416748047e-02 1.913320645689964294e-02 9.280088357627391815e-03 4.865348339080810547e-03 6.230406463146209717e-03 6.168495398014783859e-03 3.559323260560631752e-03 1.896996865980327129e-03 1.265447237528860569e-03 6.059166626073420048e-04 4.914224264211952686e-04 4.294904647395014763e-04 3.263405815232545137e-04 3.533744020387530327e-04 3.527419466990977526e-04 1.433529250789433718e-04 1.438262552255764604e-04 1.836547598941251636e-04 2.253780985483899713e-04 1.559969387017190456e-04 1.485979737481102347e-04 1.950121804839000106e-04 8.483789133606478572e-05 7.038289186311885715e-05 9.267865243600681424e-05 8.710820839041844010e-05 7.154430204536765814e-05 9.314682392869144678e-05
2.379888445138931274e-01 2.549411058425903320e-01 5.662408471107482910e-01 7.211717963218688965e-01 8.108085393905639648e-01 9.258357286453247070e-01 9.569252729415893555e-01 9.562684893608093262e-01 9.640160202980041504e-01 9.828372001647949219e-01 9.924299120903015137e-01 9.965273737907409668e-01 9.964693784713745117e-01 9.959264993667602539e-01 9.984816908836364746e-01 9.978842139244079590e-01 9.989398121833801270e-01 9.985128045082092285e-01 9.972103238105773926e-01 9.978777170181274414e-01 9.972504973411560059e-01 9.970623850822448730e-01 9.984075427055358887e-01 9.994066953659057617e-01 9.991754889488220215e-01 9.997258782386779785e-01 9.994522929191589355e-01 9.999132156372070312e-01 9.998975992202758789e-01 9.998235106468200684e-01 9.996128678321838379e-01 9.995967745780944824e-01 9.993243217468261719e-01 9.984166622161865234e-01 9.762183427810668945e-01 3.717647194862365723e-01 1.803753897547721863e-02 1.093606371432542801e-02 1.392114534974098206e-02 8.749304339289665222e-03 6.998859345912933350e-03 4.537998698651790619e-03 2.438752679154276848e-03 1.360190566629171371e-03 7.016691379249095917e-04 4.127178108319640160e-04 4.221352573949843645e-04 7.264429586939513683e-04 6.413207156583666801e-04 5.346791003830730915e-04 4.643099673558026552e-04 2.190112281823530793e-04 2.601497399155050516e-04 2.104343293467536569e-04 2.531698846723884344e-04 9.052953828359022737e-05 1.764982589520514011e-04 1.864053774625062943e-04 5.960214548395015299e-05 9.949407103704288602e-05 1.121411332860589027e-04 1.228192704729735851e-04 1.337651046924293041e-04 2.139164862455800176e-04
3.697269260883331299e-01 2.898043692111968994e-01 5.061662197113037109e-01 6.830365061759948730e-01 8.498157858848571777e-01 9.441508054733276367e-01 9.423469901084899902e-01 9.570911526679992676e-01 9.701749682426452637e-01 9.744836688041687012e-01 9.909578561782836914e-01 9.956380724906921387e-01 9.952183365821838379e-01 9.940599203109741211e-01 9.990565180778503418e-01 9.982635378837585449e-01 9.986258745193481445e-01 9.988723397254943848e-01 9.981348514556884766e-01 9.986191987991333008e-01 9.990726709365844727e-01 9.976726174354553223e-01 9.988270401954650879e-01 9.993614554405212402e-01 9.992621541023254395e-01 9.993290901184082031e-01 9.994383454322814941e-01 9.994127750396728516e-01 9.998385906219482422e-01 9.995409250259399414e-01 9.997833371162414551e-01 9.987811446189880371e-01 9.988168478012084961e-01 9.971281886100769043e-01 9.729440808296203613e-01 6.682643294334411621e-01 6.865426898002624512e-02 2.597301080822944641e-02 1.873042993247509003e-02 6.055576261132955551e-03 5.382783245295286179e-03 3.342692274600267410e-03 3.185309004038572311e-03 9.104342898353934288e-04 8.367446716874837875e-04 3.290843160357326269e-04 4.804448981303721666e-04 7.615192444063723087e-04 1.128799631260335445e-03 6.323966081254184246e-04 4.924169625155627728e-04 2.598500577732920647e-04 2.543586015235632658e-04 1.843221398303285241e-04 1.827274245442822576e-04 1.698124833637848496e-04 2.044246357399970293e-04 1.388521777698770165e-04 8.312028512591496110e-05 1.113698235712945461e-04 1.491948496550321579e-04 1.261182333109900355e-04 1.100654408219270408e-04 1.156567959696985781e-04
4.105107784271240234e-01 2.125010341405868530e-01 2.421595156192779541e-01 6.824424266815185547e-01 8.801945447921752930e-01 9.529981613159179688e-01 9.605007171630859375e-01 9.500791430473327637e-01 9.610881209373474121e-01 9.784497618675231934e-01 9.883753061294555664e-01 9.961066842079162598e-01 9.944629073143005371e-01 9.974136948585510254e-01 9.988166093826293945e-01 9.989317059516906738e-01 9.993945360183715820e-01 9.976810216903686523e-01 9.983329176902770996e-01 9.988436698913574219e-01 9.991958737373352051e-01 9.988860487937927246e-01 9.994107484817504883e-01 9.989364743232727051e-01 9.996066689491271973e-01 9.993340373039245605e-01 9.982276558876037598e-01 9.986975193023681641e-01 9.992448091506958008e-01 9.993541836738586426e-01 9.996980428695678711e-01 9.994900226593017578e-01 9.989774227142333984e-01 9.930210709571838379e-01 9.825710654258728027e-01 6.297596096992492676e-01 5.771470069885253906e-02 3.105744719505310059e-02 1.386830396950244904e-02 1.354312710464000702e-02 6.583786569535732269e-03 5.546246655285358429e-03 2.790307160466909409e-03 1.349617377854883671e-03 8.024036651477217674e-04 3.717871441040188074e-04 6.266954587772488594e-04 6.252033053897321224e-04 9.451645892113447189e-04 8.447684231214225292e-04 6.045765476301312447e-04 3.856795374304056168e-04 3.835961106233298779e-04 2.434449124848470092e-04 1.306541380472481251e-04 2.622518222779035568e-04 1.892038417281582952e-04 1.824499195208773017e-04 1.628461468499153852e-04 1.686973264440894127e-04 1.719857827993109822e-04 1.589534222148358822e-04 1.202056955662555993e-04 2.027896407525986433e-04
3.614012598991394043e-01 2.482818663120269775e-01 3.056564331054687500e-01 6.370802521705627441e-01 9.060452580451965332e-01 9.816476106643676758e-01 9.693400859832763672e-01 9.417774081230163574e-01 9.427947998046875000e-01 9.839562773704528809e-01 9.821628928184509277e-01 9.932566881179809570e-01 9.931436777114868164e-01 9.935636520385742188e-01 9.972678422927856445e-01 9.980030655860900879e-01 9.983097314834594727e-01 9.985406398773193359e-01 9.986912608146667480e-01 9.992863535881042480e-01 9.991804957389831543e-01 9.980896115303039551e-01 9.989131689071655273e-01 9.987832903861999512e-01 9.984369874000549316e-01 9.988192915916442871e-01 9.990616440773010254e-01 9.986726045608520508e-01 9.993671774864196777e-01 9.996745586395263672e-01 9.996801614761352539e-01 9.995450377464294434e-01 9.981119632720947266e-01 9.961133003234863281e-01 9.853011965751647949e-01 7.081027030944824219e-01 9.312463551759719849e-02 1.494457293301820755e-02 6.081284489482641220e-03 6.376479286700487137e-03 7.409611716866493225e-03 7.839946076273918152e-03 2.529995515942573547e-03 1.129611278884112835e-03 6.949575617909431458e-04 4.901658394373953342e-04 6.497976137325167656e-04 3.677171189337968826e-04 6.796352099627256393e-04 6.656110053882002831e-04 8.417808567173779011e-04 3.818493860308080912e-04 1.577497314428910613e-04 1.769166119629517198e-04 1.113329708459787071e-04 7.384968921542167664e-05 1.524532999610528350e-04 1.230430498253554106e-04 1.508456189185380936e-04 2.110401401296257973e-04 1.160557076218537986e-04 1.754867116687819362e-04 1.444481604266911745e-04 1.974024926312267780e-04
5.131830573081970215e-01 2.650410234928131104e-01 2.976365685462951660e-01 6.636419296264648438e-01 9.458236098289489746e-01 9.689908623695373535e-01 9.454098343849182129e-01 9.283848404884338379e-01 9.768384695053100586e-01 9.855133891105651855e-01 9.823052883148193359e-01 9.917041063308715820e-01 9.971117973327636719e-01 9.962869882583618164e-01 9.987731575965881348e-01 9.951663017272949219e-01 9.966567754745483398e-01 9.962629675865173340e-01 9.989988207817077637e-01 9.989662170410156250e-01 9.977286458015441895e-01 9.985854625701904297e-01 9.983667731285095215e-01 9.990069270133972168e-01 9.989227652549743652e-01 9.991826415061950684e-01 9.986841082572937012e-01 9.987576007843017578e-01 9.993719458580017090e-01 9.991606473922729492e-01 9.996792078018188477e-01 9.996792078018188477e-01 9.992697834968566895e-01 9.977535605430603027e-01 9.908964037895202637e-01 7.032495141029357910e-01 2.089572548866271973e-01 6.704910099506378174e-02 1.660646498203277588e-02 2.287594601511955261e-02 5.218731705099344254e-03 4.808495286852121353e-03 3.084272611886262894e-03 1.267121755518019199e-03 1.342916861176490784e-03 4.864616785198450089e-04 6.266505806706845760e-04 1.062570489011704922e-03 9.252459858544170856e-04 6.343180430121719837e-04 1.277509029023349285e-03 3.584557853173464537e-04 2.572712255641818047e-04 1.783071784302592278e-04 1.212778151966631413e-04 6.260796362766996026e-05 1.354939013253897429e-04 1.287100167246535420e-04 1.121578243328258395e-04 7.780556916259229183e-05 1.677275722613558173e-04 1.289434148930013180e-04 2.095217932946980000e-04 1.224134175572544336e-04
5.095886588096618652e-01 3.930625915527343750e-01 4.619055688381195068e-01 7.332150936126708984e-01 9.505494236946105957e-01 9.808570146560668945e-01 9.698912501335144043e-01 9.574549198150634766e-01 9.658290743827819824e-01 9.929310083389282227e-01 9.817177057266235352e-01 9.881570935249328613e-01 9.940320849418640137e-01 9.958521127700805664e-01 9.987002611160278320e-01 9.980605244636535645e-01 9.951122403144836426e-01 9.956094622611999512e-01 9.984879493713378906e-01 9.990891218185424805e-01 9.994026422500610352e-01 9.987275004386901855e-01 9.992509484291076660e-01 9.986378550529479980e-01 9.979053735733032227e-01 9.969995021820068359e-01 9.989628791809082031e-01 9.994463324546813965e-01 9.987485408782958984e-01 9.997187256813049316e-01 9.991073012351989746e-01 9.990981817245483398e-01 9.988883137702941895e-01 9.965481162071228027e-01 9.948900938034057617e-01 7.254611849784851074e-01 1.082574948668479919e-01 5.128371343016624451e-02 2.503891475498676300e-02 1.687683165073394775e-02 1.322735939174890518e-02 6.384435109794139862e-03 2.676095347851514816e-03 1.283693127334117889e-03 7.546185515820980072e-04 3.712256147991865873e-04 2.312278375029563904e-04 8.180614095181226730e-04 7.238339167088270187e-04 5.648049991577863693e-04 3.013228124473243952e-04 2.680114703252911568e-04 2.589334908407181501e-04 9.853713709162548184e-05 1.349657395621761680e-04 1.030655475915409625e-04 1.358532899757847190e-04 1.204931613756343722e-04 1.145606947829946876e-04 8.006814459804445505e-05 4.923579763271845877e-05 5.583038000622764230e-05 8.317998435813933611e-05 1.376514992443844676e-04
5.551922321319580078e-01 4.918161034584045410e-01 4.985448122024536133e-01 6.986095309257507324e-01 8.959621787071228027e-01 9.574906229972839355e-01 9.757691025733947754e-01 9.767731428146362305e-01 9.758657217025756836e-01 9.874368906021118164e-01 9.720022678375244141e-01 9.802600741386413574e-01 9.955846667289733887e-01 9.941928982734680176e-01 9.987691044807434082e-01 9.983140230178833008e-01 9.979981780052185059e-01 9.980142116546630859e-01 9.989010095596313477e-01 9.988778233528137207e-01 9.992784857749938965e-01 9.993113279342651367e-01 9.995048046112060547e-01 9.981162548065185547e-01 9.973962306976318359e-01 9.968730807304382324e-01 9.977610111236572266e-01 9.993670582771301270e-01 9.990719556808471680e-01 9.990152120590209961e-01 9.984914064407348633e-01 9.991459846496582031e-01 9.981897473335266113e-01 9.974912405014038086e-01 9.901733398437500000e-01 6.840927600860595703e-01 2.661005556583404541e-01 1.000244617462158203e-01 5.848986655473709106e-02 1.146705728024244308e-02 8.700323291122913361e-03 7.545484229922294617e-03 3.283165395259857178e-03 8.810280123725533485e-04 6.149997934699058533e-04 5.748344119638204575e-04 3.494327538646757603e-04 9.847765322774648666e-04 6.992895505391061306e-04 5.811625742353498936e-04 3.582074423320591450e-04 1.373894774587824941e-04 2.475335786584764719e-04 1.426625240128487349e-04 1.380695175612345338e-04 1.042015064740553498e-04 1.346404023934155703e-04 1.011939893942326307e-04 1.481665676692500710e-04 9.808705362956970930e-05 6.024674075888469815e-05 5.905269063077867031e-05 9.088668593904003501e-05 2.403793769190087914e-04
6.391831636428833008e-01 6.289121508598327637e-01 5.028402805328369141e-01 7.151297926902770996e-01 8.930991291999816895e-01 9.519975185394287109e-01 9.726523160934448242e-01 9.696458578109741211e-01 9.420784711837768555e-01 9.945606589317321777e-01 9.826551675796508789e-01 9.906495213508605957e-01 9.932930469512939453e-01 9.957296252250671387e-01 9.988743662834167480e-01 9.988258481025695801e-01 9.986139535903930664e-01 9.985301494598388672e-01 9.992583394050598145e-01 9.993516802787780762e-01 9.993771910667419434e-01 9.991507530212402344e-01 9.983254075050354004e-01 9.985349178314208984e-01 9.966936111450195312e-01 9.979390501976013184e-01 9.982185959815979004e-01 9.986305236816406250e-01 9.987205266952514648e-01 9.992646574974060059e-01 9.983417987823486328e-01 9.989984631538391113e-01 9.971678853034973145e-01 9.969339370727539062e-01 9.732763767242431641e-01 6.204083561897277832e-01 2.986845076084136963e-01 1.788185536861419678e-01 4.406444355845451355e-02 1.998236030340194702e-02 1.263171527534723282e-02 1.797142624855041504e-02 6.297781132161617279e-03 3.526997985318303108e-03 8.689769310876727104e-04 9.487956995144486427e-04 5.849257577210664749e-04 8.370667928829789162e-04 1.247685286216437817e-03 4.842410271521657705e-04 3.972941485699266195e-04 1.691955549176782370e-04 1.055015745805576444e-04 1.333949476247653365e-04 1.346144854323938489e-04 1.581455144332721829e-04 1.380789908580482006e-04 1.909942802740260959e-04 2.915086042776238173e-05 1.002576173050329089e-04 9.782383131096139550e-05 1.356079155812039971e-04 7.868924149079248309e-05 1.232501563208643347e-05
7.977477312088012695e-01 5.501267313957214355e-01 5.274124145507812500e-01 7.145580053329467773e-01 9.176472425460815430e-01 9.771526455879211426e-01 9.665865898132324219e-01 9.643055796623229980e-01 9.736131429672241211e-01 9.909538626670837402e-01 9.911144971847534180e-01 9.928547739982604980e-01 9.962744712829589844e-01 9.954795837402343750e-01 9.990578293800354004e-01 9.974270462989807129e-01 9.993559718132019043e-01 9.993467926979064941e-01 9.993554949760437012e-01 9.997299313545227051e-01 9.995856881141662598e-01 9.990868568420410156e-01 9.989975094795227051e-01 9.982846379280090332e-01 9.990326166152954102e-01 9.986592531204223633e-01 9.983135461807250977e-01 9.981445074081420898e-01 9.987065792083740234e-01 9.987051486968994141e-01 9.980422258377075195e-01 9.986374974250793457e-01 9.972046017646789551e-01 9.965820908546447754e-01 9.822552204132080078e-01 6.202011704444885254e-01 3.143402040004730225e-01 1.264600604772567749e-01 5.271171033382415771e-02 2.690832316875457764e-02 1.324714627116918564e-02 1.552768424153327942e-02 7.703378330916166306e-03 1.062817592173814774e-02 1.686754869297146797e-03 1.331510837189853191e-03 1.331004896201193333e-03 1.533519942313432693e-03 6.263491231948137283e-04 3.744574205484241247e-04 2.129494678229093552e-04 1.012466964311897755e-04 8.936160156736150384e-05 1.270391658181324601e-04 2.044490247499197721e-04 1.230649941135197878e-04 1.239989651367068291e-04 1.224533480126410723e-04 9.543348278384655714e-05 5.606149716186337173e-05 2.002435940084978938e-04 1.580793468747287989e-04 7.825723878340795636e-05 7.720593566773459315e-05
7.530939579010009766e-01 7.309083342552185059e-01 6.249479651451110840e-01 7.790479660034179688e-01 8.997011184692382812e-01 9.695571064949035645e-01 9.690575599670410156e-01 9.707419276237487793e-01 9.677144885063171387e-01 9.837847948074340820e-01 9.921503067016601562e-01 9.868080019950866699e-01 9.942932128906250000e-01 9.951397180557250977e-01 9.980283379554748535e-01 9.984886646270751953e-01 9.992668032646179199e-01 9.992182254791259766e-01 9.983376264572143555e-01 9.994425177574157715e-01 9.991833567619323730e-01 9.993829727172851562e-01 9.993333220481872559e-01 9.984460473060607910e-01 9.986739158630371094e-01 9.992129802703857422e-01 9.989615678787231445e-01 9.991735816001892090e-01 9.984027743339538574e-01 9.993656277656555176e-01 9.983479976654052734e-01 9.993827342987060547e-01 9.982492923736572266e-01 9.989728927612304688e-01 9.858832955360412598e-01 6.798164844512939453e-01 3.570659458637237549e-01 1.583288908004760742e-01 5.444190278649330139e-02 3.493472933769226074e-02 1.429424341768026352e-02 5.427952855825424194e-03 1.447211205959320068e-02 4.554878920316696167e-03 2.517583547160029411e-03 2.639865735545754433e-03 2.332353498786687851e-03 2.172667998820543289e-03 1.045427168719470501e-03 7.443176582455635071e-04 8.047858718782663345e-04 2.120328863384202123e-04 1.434100850019603968e-04 1.648317411309108138e-04 2.905301225837320089e-04 1.512661983724683523e-04 1.309693470830097795e-04 1.569985324749723077e-04 1.272469671675935388e-04 8.961360435932874680e-05 2.677226730156689882e-04 1.575470960233360529e-04 2.266819210490211844e-04 1.674736267887055874e-04
7.105772495269775391e-01 6.466519832611083984e-01 6.879887580871582031e-01 6.916646957397460938e-01 9.424312710762023926e-01 9.801393747329711914e-01 9.833567142486572266e-01 9.830219745635986328e-01 9.864924550056457520e-01 9.908359050750732422e-01 9.948200583457946777e-01 9.924694895744323730e-01 9.962062835693359375e-01 9.950474500656127930e-01 9.977012276649475098e-01 9.987076520919799805e-01 9.990648627281188965e-01 9.995064735412597656e-01 9.990993738174438477e-01 9.992526173591613770e-01 9.996104836463928223e-01 9.995951056480407715e-01 9.991909861564636230e-01 9.991268515586853027e-01 9.991402626037597656e-01 9.992869496345520020e-01 9.988414645195007324e-01 9.983476400375366211e-01 9.993079900741577148e-01 9.994538426399230957e-01 9.992905855178833008e-01 9.997145533561706543e-01 9.986696243286132812e-01 9.989564418792724609e-01 9.928616881370544434e-01 7.893872261047363281e-01 4.958229959011077881e-01 3.174835443496704102e-01 6.973857432603836060e-02 3.623624891042709351e-02 1.513629220426082611e-02 8.323434740304946899e-03 5.610589403659105301e-03 3.866989398375153542e-03 2.273735357448458672e-03 1.737660379149019718e-03 1.078086788766086102e-03 2.563676098361611366e-03 9.139163885265588760e-04 1.726757269352674484e-03 7.275673560798168182e-04 4.079767677467316389e-04 2.931114286184310913e-04 2.127410552930086851e-04 2.936577075161039829e-04 2.254174178233370185e-04 8.770842396188527346e-05 1.152822005678899586e-04 7.152670150389894843e-05 1.302682358073070645e-04 3.317644295748323202e-04 1.759630686137825251e-04 1.152463664766401052e-04 1.413389691151678562e-04
7.661703228950500488e-01 6.852137446403503418e-01 6.236737370491027832e-01 7.146844863891601562e-01 8.941205143928527832e-01 9.628653526306152344e-01 9.734160900115966797e-01 9.909746050834655762e-01 9.883268475532531738e-01 9.965798258781433105e-01 9.971817731857299805e-01 9.970844388008117676e-01 9.974526762962341309e-01 9.950114488601684570e-01 9.989882111549377441e-01 9.989468455314636230e-01 9.995208978652954102e-01 9.997064471244812012e-01 9.993795156478881836e-01 9.996127486228942871e-01 9.995374679565429688e-01 9.996743202209472656e-01 9.997633099555969238e-01 9.994930028915405273e-01 9.997205138206481934e-01 9.996681213378906250e-01 9.992243051528930664e-01 9.997155070304870605e-01 9.996750354766845703e-01 9.996131062507629395e-01 9.995602965354919434e-01 9.991931319236755371e-01 9.989787340164184570e-01 9.991233944892883301e-01 9.920978546142578125e-01 9.339585900306701660e-01 6.382678747177124023e-01 3.215136229991912842e-01 5.492756515741348267e-02 1.589736342430114746e-02 1.531292404979467392e-02 8.172200061380863190e-03 1.107564941048622131e-02 4.475686699151992798e-03 1.542894635349512100e-03 1.961407484486699104e-03 1.577225397340953350e-03 1.186963287182152271e-03 1.790113397873938084e-03 1.023023389279842377e-03 6.119792815297842026e-04 2.361306396778672934e-04 1.338762376690283418e-04 3.902995958924293518e-04 1.960973750101402402e-04 1.232975482707843184e-04 1.705135655356571078e-04 9.226139809470623732e-05 1.776615972630679607e-04 9.284442057833075523e-05 1.528069406049326062e-04 1.757598074618726969e-04 8.940890984376892447e-05 3.688648866955190897e-04
6.955724358558654785e-01 6.719737648963928223e-01 7.282900810241699219e-01 8.259183168411254883e-01 9.242559671401977539e-01 9.565230607986450195e-01 9.849608540534973145e-01 9.916065931320190430e-01 9.874172210693359375e-01 9.957088232040405273e-01 9.948216676712036133e-01 9.973512887954711914e-01 9.950921535491943359e-01 9.949815869331359863e-01 9.971714615821838379e-01 9.982813596725463867e-01 9.988396763801574707e-01 9.989063739776611328e-01 9.997012019157409668e-01 9.996570348739624023e-01 9.996768236160278320e-01 9.996901750564575195e-01 9.991695880889892578e-01 9.990166425704956055e-01 9.995900988578796387e-01 9.994378685951232910e-01 9.991019964218139648e-01 9.991787075996398926e-01 9.996144771575927734e-01 9.993402361869812012e-01 9.994128942489624023e-01 9.978902935981750488e-01 9.949363470077514648e-01 9.965052604675292969e-01 9.614604711532592773e-01 9.335436820983886719e-01 6.562834382057189941e-01 3.508355915546417236e-01 1.094987615942955017e-01 4.248421639204025269e-02 2.425351925194263458e-02 7.747270632535219193e-03 7.322723045945167542e-03 4.232594743371009827e-03 1.650083111599087715e-03 2.298312028869986534e-03 1.534634619019925594e-03 1.446582027710974216e-03 2.555164741352200508e-03 1.839246484450995922e-03 6.216481560841202736e-04 2.336191537324339151e-04 8.246798097388818860e-05 1.847001694841310382e-04 1.286453480133786798e-04 1.903619559016078711e-04 1.154810161096975207e-04 6.852028309367597103e-05 1.023008371703326702e-04 5.880717071704566479e-05 1.005899976007640362e-04 1.717886188998818398e-04 1.628523750696331263e-04 8.983322913991287351e-05
5.995789170265197754e-01 5.906097292900085449e-01 7.275432348251342773e-01 8.591992259025573730e-01 8.977357745170593262e-01 9.705600738525390625e-01 9.869610071182250977e-01 9.902191758155822754e-01 9.845955967903137207e-01 9.909492135047912598e-01 9.935391545295715332e-01 9.936692118644714355e-01 9.928433299064636230e-01 9.854066371917724609e-01 9.956712722778320312e-01 9.968902468681335449e-01 9.984253644943237305e-01 9.987969398498535156e-01 9.994225502014160156e-01 9.995836615562438965e-01 9.989907145500183105e-01 9.987236857414245605e-01 9.992002844810485840e-01 9.990217685699462891e-01 9.980320334434509277e-01 9.993085861206054688e-01 9.990424513816833496e-01 9.992892742156982422e-01 9.987065792083740234e-01 9.989312291145324707e-01 9.986101388931274414e-01 9.979898929595947266e-01 9.941179752349853516e-01 9.932997226715087891e-01 9.748650193214416504e-01 9.605844020843505859e-01 7.799622416496276855e-01 4.042940735816955566e-01 7.271426916122436523e-02 4.202584922313690186e-02 4.647096246480941772e-02 1.026187371462583542e-02 8.035413920879364014e-03 1.008753851056098938e-02 2.253585727885365486e-03 2.171520842239260674e-03 2.024821471422910690e-03 2.352135954424738884e-03 1.972400350496172905e-03 3.360966220498085022e-03 1.530252513475716114e-03 8.497657836414873600e-04 2.625252527650445700e-04 4.842736234422773123e-04 1.763330801622942090e-04 2.028966118814423680e-04 1.888530823634937406e-04 8.769997657509520650e-05 1.184859211207367480e-04 2.026319416472688317e-04 1.689494092715904117e-04 1.636655797483399510e-04 1.451959396945312619e-04 7.681050192331895232e-05
5.589414238929748535e-01 4.907193481922149658e-01 5.823783278465270996e-01 7.742123603820800781e-01 9.293738007545471191e-01 9.801375269889831543e-01 9.867523908615112305e-01 9.849356412887573242e-01 9.809753894805908203e-01 9.928372502326965332e-01 9.912229776382446289e-01 9.895215034484863281e-01 9.908506274223327637e-01 9.898404479026794434e-01 9.947758913040161133e-01 9.975321292877197266e-01 9.958047270774841309e-01 9.970561265945434570e-01 9.988685846328735352e-01 9.985814094543457031e-01 9.992207288742065430e-01 9.982436895370483398e-01 9.987933635711669922e-01 9.985466599464416504e-01 9.981827735900878906e-01 9.984129667282104492e-01 9.983090162277221680e-01 9.993632435798645020e-01 9.994904994964599609e-01 9.992297887802124023e-01 9.985717535018920898e-01 9.963743090629577637e-01 9.916091561317443848e-01 9.930838346481323242e-01 9.734785556793212891e-01 9.226406216621398926e-01 7.761702537536621094e-01 4.073453843593597412e-01 5.300299823284149170e-02 3.774883598089218140e-02 3.000392951071262360e-02 1.978776231408119202e-02 2.069865725934505463e-02 6.275048013776540756e-03 4.529674071818590164e-03 3.020422533154487610e-03 2.406041836366057396e-03 2.053100848570466042e-03 1.363340998068451881e-03 6.908146315254271030e-04 7.698177359998226166e-04 5.143258022144436836e-04 9.676001500338315964e-04 6.166467792354524136e-04 3.805358719546347857e-04 1.516694610472768545e-04 1.610367471585050225e-04 1.198324898723512888e-04 9.294327901443466544e-05 9.431051148567348719e-05 8.297195745399221778e-05 1.012546199490316212e-04 1.763946056598797441e-04 4.950028960593044758e-05
5.578262805938720703e-01 5.339596867561340332e-01 6.649623513221740723e-01 7.692338824272155762e-01 9.493425488471984863e-01 9.652575254440307617e-01 9.864511489868164062e-01 9.900105595588684082e-01 9.869673848152160645e-01 9.927110671997070312e-01 9.877601265907287598e-01 9.921746850013732910e-01 9.922457337379455566e-01 9.898932576179504395e-01 9.950946569442749023e-01 9.966933727264404297e-01 9.977166652679443359e-01 9.980441331863403320e-01 9.991137385368347168e-01 9.987753033638000488e-01 9.990168809890747070e-01 9.984650611877441406e-01 9.988981485366821289e-01 9.983260035514831543e-01 9.989890456199645996e-01 9.991317391395568848e-01 9.992380142211914062e-01 9.990375041961669922e-01 9.990221261978149414e-01 9.994636178016662598e-01 9.993316531181335449e-01 9.976295232772827148e-01 9.901840090751647949e-01 9.897083640098571777e-01 9.824074506759643555e-01 9.762547016143798828e-01 7.977159619331359863e-01 4.486222267150878906e-01 3.578795865178108215e-02 3.239620849490165710e-02 2.902380190789699554e-02 2.849288843572139740e-02 1.419989485293626785e-02 5.887713283300399780e-03 7.138755638152360916e-03 6.232844665646553040e-03 1.979379449039697647e-03 7.205574074760079384e-04 1.273292582482099533e-03 4.818651359528303146e-04 4.317125421948730946e-04 6.902848253957927227e-04 4.043685621581971645e-04 4.484752716962248087e-04 2.366866974625736475e-04 1.450164709240198135e-04 1.080925285350531340e-04 1.589931489434093237e-04 8.173563401214778423e-05 7.854994328226894140e-05 7.997512875590473413e-05 4.433248977875337005e-05 2.344239910598844290e-04 2.373368479311466217e-04
6.004424691200256348e-01 5.791203379631042480e-01 6.298243403434753418e-01 8.134308457374572754e-01 9.528428316116333008e-01 9.780509471893310547e-01 9.876070618629455566e-01 9.909148216247558594e-01 9.864266514778137207e-01 9.828197360038757324e-01 9.864185452461242676e-01 9.934412240982055664e-01 9.900851249694824219e-01 9.926968216896057129e-01 9.907542467117309570e-01 9.933295249938964844e-01 9.976633787155151367e-01 9.981758594512939453e-01 9.977841973304748535e-01 9.983647465705871582e-01 9.965315461158752441e-01 9.977037310600280762e-01 9.982160925865173340e-01 9.973674416542053223e-01 9.953497052192687988e-01 9.972936511039733887e-01 9.983240962028503418e-01 9.989225268363952637e-01 9.987712502479553223e-01 9.971752166748046875e-01 9.960661530494689941e-01 9.967243075370788574e-01 9.900044798851013184e-01 9.772378802299499512e-01 9.736151695251464844e-01 9.321946501731872559e-01 8.357154726982116699e-01 6.517878174781799316e-01 2.680137753486633301e-02 2.993817999958992004e-02 3.510298207402229309e-02 1.127375755459070206e-02 9.553292766213417053e-03 7.622342091053724289e-03 3.198025049641728401e-03 2.733903238549828529e-03 1.170264207758009434e-03 6.745160208083689213e-04 5.485571455210447311e-04 4.452723369468003511e-04 5.984696908853948116e-04 5.992430960759520531e-04 4.750473890453577042e-04 3.575729788281023502e-04 4.709934291895478964e-04 2.343973756069317460e-04 2.407454594504088163e-04 1.081012960639782250e-04 1.703778689261525869e-04 1.770700037013739347e-04 2.209872036473825574e-04 1.960930821951478720e-04 1.649559417273849249e-04 6.553215644089505076e-05
5.705810189247131348e-01 7.552110552787780762e-01 7.417029738426208496e-01 7.880991697311401367e-01 9.055652618408203125e-01 9.352861642837524414e-01 9.519419670104980469e-01 9.589098095893859863e-01 9.702231884002685547e-01 9.677675366401672363e-01 9.509947896003723145e-01 9.544552564620971680e-01 9.590399265289306641e-01 9.712664484977722168e-01 9.266183376312255859e-01 9.102930426597595215e-01 9.418852329254150391e-01 9.674980640411376953e-01 9.696826338768005371e-01 9.415561556816101074e-01 9.477779269218444824e-01 9.658813476562500000e-01 9.546036124229431152e-01 9.576106667518615723e-01 9.520646333694458008e-01 9.574828743934631348e-01 9.503394961357116699e-01 9.278643131256103516e-01 8.415765762329101562e-01 9.126757383346557617e-01 9.370533227920532227e-01 8.838958144187927246e-01 8.792055249214172363e-01 6.755937337875366211e-01 5.334510207176208496e-01 7.974113821983337402e-01 5.926334261894226074e-01 1.396659314632415771e-01 2.692247182130813599e-02 2.954446338117122650e-02 1.003863569349050522e-02 7.107029203325510025e-03 6.125552579760551453e-03 4.515477921813726425e-03 3.089628880843520164e-03 2.220629947260022163e-03 1.503096078522503376e-03 1.183062791824340820e-03 4.832429403904825449e-04 6.507854559458792210e-04 6.090996903367340565e-04 6.089525995776057243e-04 5.375514738261699677e-04 6.142354104667901993e-04 2.332490403205156326e-04 2.091391652356833220e-04 3.361109702382236719e-04 2.416842471575364470e-04 2.205691125709563494e-04 2.493874926585704088e-04 2.343803789699450135e-04 2.277299645356833935e-04 1.462861546315252781e-04 1.417849416611716151e-04
4.203020036220550537e-01 4.499416053295135498e-01 5.742183923721313477e-01 4.755162298679351807e-01 6.467574238777160645e-01 6.489095091819763184e-01 7.595353722572326660e-01 8.043199181556701660e-01 7.185817360877990723e-01 7.427520751953125000e-01 7.031373381614685059e-01 6.775708198547363281e-01 7.348285913467407227e-01 6.599585413932800293e-01 6.609970927238464355e-01 7.483344674110412598e-01 7.380110025405883789e-01 8.243048191070556641e-01 8.308860659599304199e-01 8.067067861557006836e-01 6.996551752090454102e-01 8.277096748352050781e-01 7.634832859039306641e-01 7.012065052986145020e-01 7.874790430068969727e-01 7.133207321166992188e-01 7.411193847656250000e-01 7.299705147743225098e-01 5.915463566780090332e-01 5.082975029945373535e-01 6.186820268630981445e-01 6.064094901084899902e-01 5.195507407188415527e-01 5.049629807472229004e-01 3.027892708778381348e-01 4.557965695858001709e-01 3.707860410213470459e-01 7.871181517839431763e-02 1.426717359572649002e-02 5.954395979642868042e-03 5.460996646434068680e-03 4.240868613123893738e-03 5.712425336241722107e-03 4.769804421812295914e-03 2.900049788877367973e-03 1.445874921046197414e-03 1.616136869415640831e-03 1.348830992355942726e-03 7.987741264514625072e-04 4.096973570995032787e-04 4.222055140417069197e-04 3.895086119882762432e-04 6.514923297800123692e-04 3.561134217306971550e-04 2.042105479631572962e-04 1.514278555987402797e-04 1.748521754052489996e-04 1.062286246451549232e-04 1.489787537138909101e-04 1.110347293433733284e-04 1.510263828095048666e-04 1.613502827240154147e-04 8.186903141904622316e-05 1.429272087989374995e-04
1.971820592880249023e-01 2.774405777454376221e-01 2.563787400722503662e-01 1.010108739137649536e-01 1.690576076507568359e-01 2.536779344081878662e-01 2.385890632867813110e-01 3.045382201671600342e-01 2.163207679986953735e-01 2.610802054405212402e-01 1.531795412302017212e-01 2.095845341682434082e-01 1.538033187389373779e-01 1.131529211997985840e-01 1.692266613245010376e-01 1.583877950906753540e-01 1.644586920738220215e-01 1.959632337093353271e-01 1.831727325916290283e-01 2.167230099439620972e-01 2.405132204294204712e-01 1.833041757345199585e-01 2.322616577148437500e-01 1.243974044919013977e-01 1.832868158817291260e-01 1.160426661372184753e-01 2.295613437891006470e-01 2.596810460090637207e-01 3.143778145313262939e-01 2.181338965892791748e-01 2.183338701725006104e-01 3.217288851737976074e-01 1.075434237718582153e-01 1.041706204414367676e-01 6.730099767446517944e-02 9.315831214189529419e-02 4.714059457182884216e-02 2.084359526634216309e-02 9.060168638825416565e-03 4.605506546795368195e-03 2.948519540950655937e-03 4.255154635757207870e-03 4.738019313663244247e-03 3.642153693363070488e-03 3.132424317300319672e-03 1.867924234829843044e-03 1.511376001872122288e-03 9.890098590403795242e-04 3.725574351847171783e-04 5.271863192319869995e-04 6.716403295285999775e-04 1.690320495981723070e-04 3.263741382397711277e-04 3.494952106848359108e-04 3.437067498452961445e-04 9.788822353584691882e-05 1.437981409253552556e-04 7.308040949283167720e-05 8.629022340755909681e-05 1.069772042683325708e-04 9.573745774105191231e-05 9.163605136564001441e-05 1.320253650192171335e-04 2.327416295884177089e-04
8.375892043113708496e-02 1.649043709039688110e-01 2.697786688804626465e-01 1.192843094468116760e-01 9.395761787891387939e-02 1.657365560531616211e-01 1.191559210419654846e-01 1.754730492830276489e-01 1.836980730295181274e-01 2.434730827808380127e-01 1.872439086437225342e-01 1.626661568880081177e-01 1.184693798422813416e-01 1.481658667325973511e-01 1.030573695898056030e-01 8.271253854036331177e-02 5.489507317543029785e-02 7.958105206489562988e-02 1.488186120986938477e-01 9.878994524478912354e-02 2.022088021039962769e-01 2.264293134212493896e-01 2.042750269174575806e-01 1.953182816505432129e-01 1.647743880748748779e-01 1.042054966092109680e-01 9.305513650178909302e-02 1.385346651077270508e-01 1.151827648282051086e-01 8.878340572118759155e-02 1.078773736953735352e-01 9.343367815017700195e-02 1.000219136476516724e-01 1.052758544683456421e-01 4.518385976552963257e-02 5.390447005629539490e-02 3.547283262014389038e-02 1.745580323040485382e-02 3.805656451731920242e-03 2.289548516273498535e-03 1.722138491459190845e-03 4.094650503247976303e-03 3.543782979249954224e-03 2.614232478663325310e-03 1.717740204185247421e-03 2.602614695206284523e-03 1.447213580831885338e-03 8.696250733919441700e-04 4.304327594581991434e-04 4.563733527902513742e-04 3.625707176979631186e-04 4.443543148227035999e-04 7.093918393366038799e-04 5.299462354741990566e-04 1.746249035932123661e-04 1.202337734866887331e-04 1.319053117185831070e-04 7.437331078108400106e-05 1.411423290846869349e-04 1.597461086930707097e-04 1.219132100231945515e-04 1.009420666377991438e-04 1.750031224219128489e-04 1.804475032258778811e-04
6.170377135276794434e-02 4.480915144085884094e-02 3.334815502166748047e-01 2.096576541662216187e-01 1.499564945697784424e-01 2.605360150337219238e-01 1.166933402419090271e-01 3.344804346561431885e-01 2.876951694488525391e-01 1.477047055959701538e-01 2.156088650226593018e-01 2.658612728118896484e-01 2.129208445549011230e-01 1.928559392690658569e-01 1.664956361055374146e-01 1.392589360475540161e-01 1.888214945793151855e-01 1.813656985759735107e-01 1.752693653106689453e-01 1.672513484954833984e-01 1.572688966989517212e-01 2.309930324554443359e-01 2.555751502513885498e-01 2.306337952613830566e-01 1.109589636325836182e-01 9.885169565677642822e-02 8.937532454729080200e-02 9.521852433681488037e-02 1.684735417366027832e-01 8.176182210445404053e-02 1.608820408582687378e-01 9.253666549921035767e-02 1.044036597013473511e-01 3.749825060367584229e-02 3.886719793081283569e-02 4.649495333433151245e-02 1.635500416159629822e-02 1.309046521782875061e-02 3.110916819423437119e-03 2.219309564679861069e-03 3.523351158946752548e-03 2.658127807080745697e-03 2.317960606887936592e-03 2.545091789215803146e-03 1.948487712070345879e-03 1.299668801948428154e-03 8.644929039292037487e-04 7.465830422006547451e-04 3.767799062188714743e-04 2.388669527135789394e-04 1.749527291394770145e-04 1.180360923171974719e-04 2.412532630842179060e-04 1.901062059914693236e-04 1.112516838475130498e-04 2.003436675295233727e-04 6.251960439840331674e-05 1.359995076199993491e-04 2.063854772131890059e-04 9.184321243083104491e-05 9.953962580766528845e-05 1.073614330380223691e-04 8.376719051739200950e-05 1.016219757730141282e-04
3.770641386508941650e-01 1.253332644701004028e-01 2.332144081592559814e-01 2.521840333938598633e-01 3.481360673904418945e-01 3.076401054859161377e-01 5.139214396476745605e-01 4.566780030727386475e-01 3.933065533638000488e-01 2.596189379692077637e-01 1.833646893501281738e-01 2.071678638458251953e-01 3.046385049819946289e-01 3.829884827136993408e-01 2.115980833768844604e-01 1.816837936639785767e-01 2.605057358741760254e-01 2.685449421405792236e-01 3.063367605209350586e-01 2.871182262897491455e-01 1.592981666326522827e-01 2.635132074356079102e-01 3.681161105632781982e-01 1.205833330750465393e-01 1.063657626509666443e-01 6.020941957831382751e-02 8.653496205806732178e-02 1.452423632144927979e-01 1.899478435516357422e-01 1.928645223379135132e-01 1.805346757173538208e-01 1.003020927309989929e-01 1.008540242910385132e-01 6.200546026229858398e-02 5.780491232872009277e-02 2.486541867256164551e-02 1.966766454279422760e-02 1.281493902206420898e-02 1.474657561630010605e-03 6.408450426533818245e-04 9.386981255374848843e-04 2.062557963654398918e-03 1.291669788770377636e-03 7.463716901838779449e-04 7.019232143647968769e-04 1.719427877105772495e-03 1.498445053584873676e-03 5.095344968140125275e-04 4.989167209714651108e-04 2.630900416988879442e-04 5.451681499835103750e-05 5.065307414042763412e-05 9.665254765423014760e-05 1.026189493131823838e-04 9.688471618574112654e-05 4.825982978218235075e-05 1.564385747769847512e-04 5.106455137138254941e-05 4.017433820990845561e-05 4.633508797269314528e-05 1.352595063508488238e-05 1.178350794361904263e-05 9.636909817345440388e-05 1.174515855382196605e-04
2.864284813404083252e-01 1.739631891250610352e-01 7.066421955823898315e-02 4.218188226222991943e-01 2.249318808317184448e-01 5.573217868804931641e-01 6.391301751136779785e-01 5.631032586097717285e-01 3.140378594398498535e-01 3.409638106822967529e-01 3.052302598953247070e-01 3.964157104492187500e-01 4.929759204387664795e-01 2.425795197486877441e-01 3.510294854640960693e-01 5.270271301269531250e-01 3.126136362552642822e-01 2.637591063976287842e-01 3.112110197544097900e-01 3.475643992424011230e-01 4.939643442630767822e-01 2.920587658882141113e-01 3.493209779262542725e-01 1.513381302356719971e-01 1.268336623907089233e-01 1.060947403311729431e-01 1.285416632890701294e-01 1.871006935834884644e-01 1.931517422199249268e-01 2.288832962512969971e-01 1.709581017494201660e-01 1.448305398225784302e-01 8.437643945217132568e-02 1.344540119171142578e-01 1.022046655416488647e-01 4.867562279105186462e-02 3.616539761424064636e-02 2.063300646841526031e-02 1.712357043288648129e-03 1.799455727450549603e-03 1.873318688012659550e-03 1.926589640788733959e-03 1.335508888587355614e-03 1.300676842220127583e-03 6.305958377197384834e-04 1.610095263458788395e-03 1.586221973411738873e-03 3.380171547178179026e-04 1.478808990214020014e-04 9.779520769370719790e-05 8.187972707673907280e-05 4.452908615348860621e-05 1.655401865718886256e-04 4.405988511280156672e-05 3.894756082445383072e-05 2.923125794040970504e-05 3.882033342961221933e-05 9.265673725167289376e-05 5.503718421095982194e-05 1.029573031701147556e-04 3.956645377911627293e-05 5.943612632108852267e-05 4.366310895420610905e-05 1.197825549752451479e-04
1.088153719902038574e-01 2.003266662359237671e-01 1.751836687326431274e-01 2.298639118671417236e-01 2.310875803232192993e-01 6.601610779762268066e-01 7.175080776214599609e-01 6.042733192443847656e-01 6.994515657424926758e-01 5.596851706504821777e-01 4.603899717330932617e-01 3.559742867946624756e-01 4.983360767364501953e-01 2.401315271854400635e-01 5.087947249412536621e-01 5.327889323234558105e-01 4.259227812290191650e-01 3.763291537761688232e-01 3.719787001609802246e-01 4.937862157821655273e-01 3.251947760581970215e-01 1.109044551849365234e-01 1.490581780672073364e-01 7.710140943527221680e-02 7.003109902143478394e-02 6.179386004805564880e-02 2.196295261383056641e-01 2.167257517576217651e-01 1.854567378759384155e-01 2.055733352899551392e-01 2.014797329902648926e-01 2.027905732393264771e-01 6.665232032537460327e-02 6.145790964365005493e-02 8.359828591346740723e-02 4.268956929445266724e-02 2.548418380320072174e-02 9.213165380060672760e-03 1.512996735982596874e-03 3.893857356160879135e-04 2.255141735076904297e-04 9.188684052787721157e-04 9.498241706751286983e-04 4.158908268436789513e-04 6.163459620438516140e-04 9.335085633210837841e-04 4.423367790877819061e-04 8.186520426534116268e-05 4.818068919121287763e-05 9.012298687594011426e-05 8.240957686211913824e-05 6.439054413931444287e-05 3.521129838190972805e-05 1.603268719918560237e-05 5.545897238334873691e-06 3.285020648036152124e-05 2.356998884351924062e-04 9.539135498926043510e-05 5.193681136006489396e-05 1.427383267582627013e-05 2.636956014612223953e-05 2.043851600319612771e-05 1.837197487475350499e-04 6.694940384477376938e-05
