1.463466644287109375e+00 1.237753152847290039e+00 1.294706106185913086e+00 1.792014122009277344e+00 1.626720428466796875e+00 1.942921400070190430e+00 1.558732390403747559e+00 1.354755520820617676e+00 1.089291810989379883e+00 1.624219775199890137e+00 1.341711878776550293e+00 1.568933248519897461e+00 1.878973960876464844e+00 1.906431555747985840e+00 2.136186361312866211e+00 2.184381008148193359e+00 2.097334623336791992e+00 2.304853439331054688e+00 2.527915477752685547e+00 2.271037817001342773e+00 2.464828491210937500e+00 2.035185813903808594e+00 1.915725469589233398e+00 2.130433320999145508e+00 2.198787927627563477e+00 2.327852964401245117e+00 1.658820033073425293e+00 1.958552479743957520e+00 1.987866163253784180e+00 2.463698387145996094e+00 2.358026504516601562e+00 2.114296197891235352e+00 2.125026226043701172e+00 2.319887161254882812e+00 2.402376174926757812e+00 2.619796276092529297e+00 2.551899909973144531e+00 2.857815027236938477e+00 2.528264999389648438e+00 2.575047254562377930e+00 2.814296245574951172e+00 2.329224824905395508e+00 2.423142910003662109e+00 2.421755313873291016e+00 2.273645401000976562e+00 2.394402742385864258e+00 2.656794071197509766e+00 2.505753040313720703e+00 2.719038248062133789e+00 2.539180040359497070e+00 2.865457057952880859e+00 2.630342960357666016e+00 2.817140817642211914e+00 2.974204540252685547e+00 3.014443635940551758e+00 3.230427742004394531e+00 2.574924468994140625e+00 2.725280523300170898e+00 2.815543651580810547e+00 2.937848329544067383e+00 2.973780870437622070e+00 2.953511238098144531e+00 3.025532245635986328e+00 3.153176069259643555e+00
1.683588743209838867e+00 1.393356442451477051e+00 8.723332881927490234e-01 1.320772886276245117e+00 1.521721839904785156e+00 1.750620007514953613e+00 1.131051778793334961e+00 1.282117843627929688e+00 7.653499841690063477e-01 8.845317363739013672e-01 1.162541031837463379e+00 1.525379538536071777e+00 1.827027082443237305e+00 2.132950305938720703e+00 2.426017284393310547e+00 2.317729473114013672e+00 2.256795406341552734e+00 2.046467065811157227e+00 1.996870517730712891e+00 2.315062522888183594e+00 2.238173484802246094e+00 2.430609941482543945e+00 2.000353336334228516e+00 2.368176698684692383e+00 2.353552341461181641e+00 2.065973997116088867e+00 2.282159805297851562e+00 2.255411624908447266e+00 2.334447860717773438e+00 2.408026933670043945e+00 2.571281909942626953e+00 2.297728061676025391e+00 2.058333873748779297e+00 2.460709095001220703e+00 2.346588850021362305e+00 2.731644868850708008e+00 2.539456605911254883e+00 2.514159440994262695e+00 2.442458391189575195e+00 2.258956432342529297e+00 2.238876104354858398e+00 2.473769903182983398e+00 2.000250339508056641e+00 2.098002910614013672e+00 2.090508460998535156e+00 2.315353393554687500e+00 2.444456100463867188e+00 2.797553062438964844e+00 2.616446495056152344e+00 2.854499578475952148e+00 3.001632452011108398e+00 2.898818731307983398e+00 2.967028141021728516e+00 3.195459842681884766e+00 2.882681369781494141e+00 2.827079057693481445e+00 2.763263940811157227e+00 2.893049716949462891e+00 2.886938333511352539e+00 2.774707794189453125e+00 2.997229337692260742e+00 2.990228176116943359e+00 2.656084775924682617e+00 2.548572063446044922e+00
1.450325250625610352e+00 9.857671856880187988e-01 6.136144995689392090e-01 8.818935155868530273e-01 1.860760807991027832e+00 1.393868327140808105e+00 1.300437450408935547e+00 1.252501487731933594e+00 1.144478559494018555e+00 8.964176774024963379e-01 1.151787519454956055e+00 1.561415076255798340e+00 1.782381415367126465e+00 1.891262292861938477e+00 1.989690899848937988e+00 2.090461254119873047e+00 2.080763578414916992e+00 2.047978162765502930e+00 1.827770829200744629e+00 2.060508489608764648e+00 2.179023265838623047e+00 2.133228778839111328e+00 2.195262908935546875e+00 2.224778175354003906e+00 1.956514120101928711e+00 1.912320971488952637e+00 1.749156713485717773e+00 1.979580998420715332e+00 2.406581640243530273e+00 2.303038358688354492e+00 2.624623060226440430e+00 2.585685729980468750e+00 2.480347394943237305e+00 2.601113319396972656e+00 2.735902547836303711e+00 2.656995534896850586e+00 2.870545148849487305e+00 2.840346574783325195e+00 2.467018842697143555e+00 2.068580150604248047e+00 2.169514656066894531e+00 2.025987148284912109e+00 1.924677014350891113e+00 1.704870223999023438e+00 2.019261837005615234e+00 2.000466346740722656e+00 2.456235885620117188e+00 2.446852207183837891e+00 2.246288299560546875e+00 2.738876819610595703e+00 2.687924861907958984e+00 2.825783491134643555e+00 3.063724756240844727e+00 3.048895597457885742e+00 2.942234277725219727e+00 2.828042030334472656e+00 2.684137344360351562e+00 2.747691869735717773e+00 2.815275192260742188e+00 2.840551376342773438e+00 2.694057464599609375e+00 2.676936626434326172e+00 2.457441806793212891e+00 2.167611598968505859e+00
7.315453886985778809e-01 1.321031570434570312e+00 8.734400272369384766e-01 1.256213426589965820e+00 1.328819990158081055e+00 1.508191943168640137e+00 1.298169851303100586e+00 1.298985719680786133e+00 9.801239371299743652e-01 1.086884975433349609e+00 9.222542643547058105e-01 1.394270062446594238e+00 1.768171429634094238e+00 2.151291370391845703e+00 2.227975368499755859e+00 2.176437377929687500e+00 2.143336772918701172e+00 2.001357793807983398e+00 1.636599779129028320e+00 1.805459618568420410e+00 2.051079273223876953e+00 1.962097048759460449e+00 2.197368621826171875e+00 1.967848420143127441e+00 1.785064458847045898e+00 1.392723560333251953e+00 1.320900440216064453e+00 1.900938391685485840e+00 2.187339067459106445e+00 2.283279657363891602e+00 2.485041379928588867e+00 2.582652807235717773e+00 2.580967426300048828e+00 3.028039932250976562e+00 2.867312908172607422e+00 2.728237867355346680e+00 2.594714879989624023e+00 2.325547695159912109e+00 2.508848667144775391e+00 2.107531309127807617e+00 2.231858968734741211e+00 1.882470846176147461e+00 1.836283922195434570e+00 1.698132634162902832e+00 1.708047151565551758e+00 1.662592649459838867e+00 2.454523563385009766e+00 2.669676542282104492e+00 2.422219753265380859e+00 2.593726873397827148e+00 2.743939638137817383e+00 2.947761297225952148e+00 3.057517766952514648e+00 3.096641778945922852e+00 2.801027059555053711e+00 2.729746818542480469e+00 2.890558242797851562e+00 3.019358873367309570e+00 2.840249300003051758e+00 2.591921567916870117e+00 2.728241205215454102e+00 2.598461389541625977e+00 2.677613258361816406e+00 2.082278966903686523e+00
7.805802822113037109e-01 1.084852218627929688e+00 1.107187032699584961e+00 1.373297452926635742e+00 1.683338999748229980e+00 1.855951786041259766e+00 1.616111040115356445e+00 1.085485219955444336e+00 1.110186815261840820e+00 6.781349182128906250e-01 1.200554132461547852e+00 1.371489048004150391e+00 1.386337995529174805e+00 2.291854858398437500e+00 2.371677160263061523e+00 2.544996261596679688e+00 2.341519832611083984e+00 1.859036564826965332e+00 1.482919812202453613e+00 1.638066768646240234e+00 1.776856899261474609e+00 2.375826358795166016e+00 2.161305427551269531e+00 2.304188728332519531e+00 1.801219820976257324e+00 1.444746851921081543e+00 1.205447196960449219e+00 2.228425502777099609e+00 2.430118083953857422e+00 2.511850357055664062e+00 2.698506593704223633e+00 2.555272102355957031e+00 2.594445943832397461e+00 2.559211015701293945e+00 2.507293939590454102e+00 2.465924501419067383e+00 2.403484582901000977e+00 2.337543010711669922e+00 2.034388542175292969e+00 2.255767822265625000e+00 2.249379158020019531e+00 2.012782812118530273e+00 1.748377323150634766e+00 1.680304884910583496e+00 1.511250257492065430e+00 1.648387193679809570e+00 2.412955522537231445e+00 2.411468982696533203e+00 2.452886104583740234e+00 2.771503686904907227e+00 2.703200817108154297e+00 2.762181282043457031e+00 3.227300643920898438e+00 3.139360904693603516e+00 2.965812206268310547e+00 2.839845418930053711e+00 2.976270675659179688e+00 2.700488090515136719e+00 2.841869115829467773e+00 2.784342765808105469e+00 2.700566768646240234e+00 2.641802549362182617e+00 2.661013126373291016e+00 2.445263862609863281e+00
1.422039866447448730e+00 1.017412781715393066e+00 1.956534624099731445e+00 1.536291480064392090e+00 1.931658625602722168e+00 2.128334999084472656e+00 1.704459071159362793e+00 1.481147050857543945e+00 1.414206504821777344e+00 1.250246524810791016e+00 1.179154634475708008e+00 1.528278589248657227e+00 1.640222072601318359e+00 2.405533552169799805e+00 2.382371425628662109e+00 2.600039243698120117e+00 2.413710594177246094e+00 2.395195007324218750e+00 2.177889108657836914e+00 2.055987358093261719e+00 1.967985749244689941e+00 2.146766662597656250e+00 2.352936267852783203e+00 2.201579093933105469e+00 2.160519123077392578e+00 1.380864143371582031e+00 1.117105841636657715e+00 2.115860939025878906e+00 2.345458984375000000e+00 2.502533435821533203e+00 2.615182638168334961e+00 2.534271240234375000e+00 2.318157911300659180e+00 2.517086744308471680e+00 2.404441833496093750e+00 2.447921752929687500e+00 2.553514242172241211e+00 2.501579761505126953e+00 1.993113279342651367e+00 2.241754531860351562e+00 2.098557710647583008e+00 1.967509508132934570e+00 1.639546751976013184e+00 1.560622215270996094e+00 1.651876091957092285e+00 1.457185983657836914e+00 2.094826221466064453e+00 2.356077671051025391e+00 2.389337062835693359e+00 2.613502025604248047e+00 2.660015583038330078e+00 2.557067632675170898e+00 2.924090862274169922e+00 3.097805261611938477e+00 3.037213802337646484e+00 2.671541929244995117e+00 2.751809835433959961e+00 2.804466247558593750e+00 2.762957572937011719e+00 2.871907711029052734e+00 2.997331380844116211e+00 2.977279901504516602e+00 2.922896385192871094e+00 2.226974964141845703e+00
1.567687630653381348e+00 1.634866118431091309e+00 2.301732540130615234e+00 2.141136646270751953e+00 2.388201713562011719e+00 2.144332170486450195e+00 2.224614620208740234e+00 1.465181469917297363e+00 1.915237307548522949e+00 1.496174812316894531e+00 1.255637884140014648e+00 1.794780969619750977e+00 1.763673186302185059e+00 2.420787572860717773e+00 2.522885084152221680e+00 2.620198249816894531e+00 2.428571939468383789e+00 1.811671972274780273e+00 1.853009581565856934e+00 2.071947813034057617e+00 2.279001474380493164e+00 2.217049598693847656e+00 2.379130363464355469e+00 2.323207855224609375e+00 2.042141914367675781e+00 1.325677871704101562e+00 1.428482890129089355e+00 2.155628681182861328e+00 2.490834951400756836e+00 2.653540134429931641e+00 2.786087751388549805e+00 2.695549488067626953e+00 2.652886152267456055e+00 2.503180980682373047e+00 2.424579381942749023e+00 2.479872465133666992e+00 2.581338167190551758e+00 2.457287073135375977e+00 2.096763134002685547e+00 2.207664966583251953e+00 2.275719165802001953e+00 1.852655768394470215e+00 1.251422762870788574e+00 9.584801197052001953e-01 1.526711225509643555e+00 1.843546986579895020e+00 2.268223285675048828e+00 2.332409858703613281e+00 2.114927053451538086e+00 2.736131191253662109e+00 2.730505943298339844e+00 2.781208992004394531e+00 2.918897390365600586e+00 2.969176769256591797e+00 3.305201053619384766e+00 3.023184537887573242e+00 2.993748188018798828e+00 2.970895290374755859e+00 2.694330215454101562e+00 2.881919622421264648e+00 2.810267210006713867e+00 2.750833511352539062e+00 2.688737630844116211e+00 2.439007282257080078e+00
1.672263622283935547e+00 1.912031650543212891e+00 2.068979740142822266e+00 2.439210414886474609e+00 2.411498308181762695e+00 2.143358230590820312e+00 2.156408548355102539e+00 1.975223422050476074e+00 1.763637304306030273e+00 1.491607308387756348e+00 1.901668190956115723e+00 1.854119658470153809e+00 2.072174549102783203e+00 2.377755165100097656e+00 2.744447469711303711e+00 2.479365110397338867e+00 2.226053237915039062e+00 2.101476907730102539e+00 1.840978860855102539e+00 2.139551162719726562e+00 1.941733002662658691e+00 2.429656505584716797e+00 2.507676362991333008e+00 2.305333137512207031e+00 2.123932361602783203e+00 1.353781223297119141e+00 8.169702291488647461e-01 2.136817932128906250e+00 2.605254650115966797e+00 2.489134788513183594e+00 2.746562957763671875e+00 3.029173851013183594e+00 2.435832023620605469e+00 2.413471460342407227e+00 2.305372714996337891e+00 2.532351732254028320e+00 2.468078136444091797e+00 2.635350227355957031e+00 1.912353754043579102e+00 2.253827571868896484e+00 2.053782939910888672e+00 1.673889279365539551e+00 1.145421862602233887e+00 6.441278457641601562e-01 1.283284544944763184e+00 1.410190939903259277e+00 2.167958974838256836e+00 1.980822324752807617e+00 2.362864494323730469e+00 2.702813863754272461e+00 2.912349939346313477e+00 2.622855663299560547e+00 2.839687347412109375e+00 3.130890846252441406e+00 3.199488639831542969e+00 2.918788433074951172e+00 2.611220359802246094e+00 2.913672685623168945e+00 2.795197010040283203e+00 2.727467775344848633e+00 2.740849256515502930e+00 2.707476854324340820e+00 2.532984256744384766e+00 2.462529420852661133e+00
1.648681759834289551e+00 2.117947578430175781e+00 1.907094955444335938e+00 2.185398817062377930e+00 2.156713485717773438e+00 2.308579206466674805e+00 2.317470073699951172e+00 2.120494842529296875e+00 2.129267692565917969e+00 1.958837628364562988e+00 1.657128453254699707e+00 1.540238738059997559e+00 2.076231002807617188e+00 2.298596858978271484e+00 2.368024349212646484e+00 2.302711009979248047e+00 2.432703018188476562e+00 2.145463466644287109e+00 1.916756510734558105e+00 2.039146423339843750e+00 2.381027698516845703e+00 2.063866615295410156e+00 2.615421772003173828e+00 2.527072429656982422e+00 2.497329235076904297e+00 1.498023152351379395e+00 9.323905706405639648e-01 2.022737026214599609e+00 2.629125118255615234e+00 2.802345752716064453e+00 2.829543352127075195e+00 2.703177928924560547e+00 2.420166730880737305e+00 2.447986602783203125e+00 2.342703580856323242e+00 2.539668321609497070e+00 2.574836015701293945e+00 2.357051372528076172e+00 2.387451171875000000e+00 2.174360990524291992e+00 1.780736207962036133e+00 1.285981893539428711e+00 9.349949359893798828e-01 1.002102136611938477e+00 9.145277738571166992e-01 1.534314751625061035e+00 2.432624101638793945e+00 2.586246013641357422e+00 2.411062240600585938e+00 2.877521991729736328e+00 2.668634176254272461e+00 3.029066562652587891e+00 2.762105464935302734e+00 3.035197973251342773e+00 3.080574512481689453e+00 3.114881038665771484e+00 2.980397939682006836e+00 2.925045490264892578e+00 2.932120323181152344e+00 2.994840621948242188e+00 3.133065462112426758e+00 2.812426328659057617e+00 2.892588615417480469e+00 2.096072196960449219e+00
1.431489348411560059e+00 2.117291450500488281e+00 2.082820415496826172e+00 2.182840824127197266e+00 1.898838877677917480e+00 2.457755088806152344e+00 1.943456888198852539e+00 2.037782669067382812e+00 1.773322939872741699e+00 1.724853277206420898e+00 1.347571849822998047e+00 1.838236570358276367e+00 2.170785427093505859e+00 2.201277971267700195e+00 2.165376186370849609e+00 2.391351938247680664e+00 2.360200405120849609e+00 2.033597707748413086e+00 2.000857830047607422e+00 1.858700275421142578e+00 2.297519207000732422e+00 2.124021530151367188e+00 2.397716999053955078e+00 2.521818876266479492e+00 2.588837862014770508e+00 1.817850232124328613e+00 9.897394776344299316e-01 1.924568653106689453e+00 2.241975307464599609e+00 2.527204513549804688e+00 2.734453201293945312e+00 2.565350532531738281e+00 2.840578317642211914e+00 2.584473371505737305e+00 2.480212688446044922e+00 2.322058677673339844e+00 2.661805868148803711e+00 2.395931243896484375e+00 2.330225467681884766e+00 2.529607534408569336e+00 2.043976545333862305e+00 1.390250682830810547e+00 9.290571212768554688e-01 1.364720106124877930e+00 1.321838140487670898e+00 1.769485950469970703e+00 2.121705532073974609e+00 2.189378738403320312e+00 2.644882440567016602e+00 2.744248390197753906e+00 2.876555919647216797e+00 2.946437120437622070e+00 2.711781263351440430e+00 2.926867961883544922e+00 2.851764917373657227e+00 3.109149456024169922e+00 2.859488487243652344e+00 2.897871017456054688e+00 2.878616571426391602e+00 2.809910058975219727e+00 3.021136522293090820e+00 2.831495285034179688e+00 2.761814832687377930e+00 2.136250257492065430e+00
1.830920815467834473e+00 1.853567600250244141e+00 1.775836586952209473e+00 1.884111881256103516e+00 1.877151012420654297e+00 2.369799375534057617e+00 1.759882211685180664e+00 1.567198038101196289e+00 1.563715219497680664e+00 1.411172747611999512e+00 1.622645378112792969e+00 1.558396816253662109e+00 1.861440777778625488e+00 1.919660329818725586e+00 2.164840221405029297e+00 2.137369155883789062e+00 2.296622753143310547e+00 2.209109783172607422e+00 1.822395801544189453e+00 1.678807139396667480e+00 1.941222429275512695e+00 1.975173950195312500e+00 2.205190658569335938e+00 2.232357025146484375e+00 2.329596519470214844e+00 1.533624291419982910e+00 1.053119659423828125e+00 1.748508214950561523e+00 2.273727893829345703e+00 2.427875280380249023e+00 2.293211936950683594e+00 2.657959699630737305e+00 2.463036775588989258e+00 2.475638628005981445e+00 2.588850259780883789e+00 2.578746795654296875e+00 2.639368772506713867e+00 2.277815103530883789e+00 2.450809478759765625e+00 2.364321708679199219e+00 2.268714904785156250e+00 1.394731044769287109e+00 9.280127882957458496e-01 8.502806425094604492e-01 1.626139998435974121e+00 1.925438761711120605e+00 1.891933202743530273e+00 2.178885698318481445e+00 2.248849391937255859e+00 2.615691184997558594e+00 2.896497726440429688e+00 2.739200830459594727e+00 2.980118036270141602e+00 3.211327075958251953e+00 3.092409610748291016e+00 2.932928323745727539e+00 2.981564283370971680e+00 2.781651020050048828e+00 2.929289817810058594e+00 3.006028890609741211e+00 3.258589267730712891e+00 2.877604246139526367e+00 3.032630443572998047e+00 2.208838462829589844e+00
1.719582080841064453e+00 1.844286680221557617e+00 1.936731815338134766e+00 1.696726918220520020e+00 2.074080467224121094e+00 2.183740139007568359e+00 2.041661262512207031e+00 2.063182830810546875e+00 1.816870093345642090e+00 1.561818122863769531e+00 1.575912475585937500e+00 1.508583545684814453e+00 1.789532780647277832e+00 2.243738174438476562e+00 2.440636873245239258e+00 2.134338855743408203e+00 2.131755828857421875e+00 2.133586406707763672e+00 1.551417589187622070e+00 1.346126317977905273e+00 1.894212841987609863e+00 1.964552998542785645e+00 2.458829164505004883e+00 2.434830665588378906e+00 1.986312270164489746e+00 1.672847270965576172e+00 1.318773508071899414e+00 1.207144737243652344e+00 2.260761260986328125e+00 2.261535406112670898e+00 2.405135869979858398e+00 2.628897190093994141e+00 2.873226881027221680e+00 2.738403558731079102e+00 2.723469734191894531e+00 2.616273164749145508e+00 2.526727676391601562e+00 2.333727836608886719e+00 2.220813035964965820e+00 2.022647619247436523e+00 2.050950050354003906e+00 1.157859802246093750e+00 1.093243598937988281e+00 1.175093173980712891e+00 1.371514797210693359e+00 1.641889095306396484e+00 1.846876621246337891e+00 2.270736694335937500e+00 2.397521495819091797e+00 2.849093198776245117e+00 2.833509445190429688e+00 2.682553052902221680e+00 3.006597518920898438e+00 3.013438701629638672e+00 3.372750759124755859e+00 3.113817930221557617e+00 3.191748142242431641e+00 3.090043306350708008e+00 2.798053026199340820e+00 2.455360412597656250e+00 3.106303691864013672e+00 2.851148366928100586e+00 2.717098951339721680e+00 2.526319265365600586e+00
2.599591493606567383e+00 1.962337493896484375e+00 1.984898686408996582e+00 2.210207700729370117e+00 2.178524255752563477e+00 2.083617687225341797e+00 2.211596488952636719e+00 1.868456602096557617e+00 1.707743644714355469e+00 1.777723670005798340e+00 1.652763843536376953e+00 1.966365456581115723e+00 2.171072483062744141e+00 2.219545364379882812e+00 2.521119594573974609e+00 2.468172788619995117e+00 2.081218719482421875e+00 1.772892117500305176e+00 1.727987170219421387e+00 1.651491880416870117e+00 1.940388679504394531e+00 2.090480804443359375e+00 2.293324708938598633e+00 2.289400100708007812e+00 2.049772262573242188e+00 1.539174675941467285e+00 1.580784082412719727e+00 1.155334711074829102e+00 2.086433410644531250e+00 2.559134721755981445e+00 2.478072404861450195e+00 2.362149238586425781e+00 2.317217826843261719e+00 2.437100172042846680e+00 2.460500478744506836e+00 2.331804275512695312e+00 2.561910629272460938e+00 2.516079902648925781e+00 2.549859046936035156e+00 1.737027168273925781e+00 2.180187225341796875e+00 1.922055602073669434e+00 1.561257839202880859e+00 1.836227059364318848e+00 1.977595686912536621e+00 1.650366067886352539e+00 1.392946362495422363e+00 2.291803121566772461e+00 2.437174797058105469e+00 2.879548549652099609e+00 2.481468439102172852e+00 2.596437454223632812e+00 2.695922613143920898e+00 3.012261390686035156e+00 3.011168003082275391e+00 2.955371379852294922e+00 2.965363740921020508e+00 2.967691421508789062e+00 2.939188480377197266e+00 2.615265607833862305e+00 3.188049793243408203e+00 2.738922119140625000e+00 3.024149894714355469e+00 2.501627206802368164e+00
2.458469629287719727e+00 2.247196197509765625e+00 1.832067966461181641e+00 1.846495270729064941e+00 2.179576873779296875e+00 2.223539590835571289e+00 2.077872991561889648e+00 1.726543188095092773e+00 1.411474108695983887e+00 1.565325021743774414e+00 1.825912475585937500e+00 1.792766332626342773e+00 2.025314331054687500e+00 2.450124979019165039e+00 2.546427965164184570e+00 2.164497613906860352e+00 2.309286594390869141e+00 1.721788406372070312e+00 1.293339967727661133e+00 1.666835188865661621e+00 2.067708730697631836e+00 2.166318893432617188e+00 2.081619024276733398e+00 2.239415645599365234e+00 2.100728988647460938e+00 9.693396091461181641e-01 9.120233654975891113e-01 1.199590444564819336e+00 1.709903955459594727e+00 2.387872219085693359e+00 2.090660572052001953e+00 2.362004280090332031e+00 2.081243276596069336e+00 2.681351184844970703e+00 2.349101066589355469e+00 2.474328279495239258e+00 2.546212196350097656e+00 2.732680320739746094e+00 2.302279233932495117e+00 2.276080131530761719e+00 1.847843766212463379e+00 1.450276970863342285e+00 1.448081374168395996e+00 1.606654167175292969e+00 2.084281444549560547e+00 1.466054201126098633e+00 1.782894134521484375e+00 2.346852302551269531e+00 2.350462675094604492e+00 2.916966438293457031e+00 2.526106119155883789e+00 2.672335863113403320e+00 2.524783849716186523e+00 3.100710630416870117e+00 2.779647588729858398e+00 2.815293312072753906e+00 2.862666845321655273e+00 2.861901044845581055e+00 2.725162029266357422e+00 2.762775659561157227e+00 2.843184947967529297e+00 2.904450178146362305e+00 2.873010158538818359e+00 2.015729427337646484e+00
2.529052972793579102e+00 2.552995681762695312e+00 2.242224693298339844e+00 1.858720660209655762e+00 2.050325870513916016e+00 2.403693914413452148e+00 2.217431545257568359e+00 1.448541641235351562e+00 1.597494125366210938e+00 1.770051240921020508e+00 2.040312767028808594e+00 1.991164207458496094e+00 1.912151694297790527e+00 2.397171020507812500e+00 2.619314193725585938e+00 2.375195980072021484e+00 1.936238884925842285e+00 1.638224482536315918e+00 9.873735904693603516e-01 1.449332475662231445e+00 2.264909505844116211e+00 2.174306869506835938e+00 2.446529388427734375e+00 2.310746192932128906e+00 1.410587787628173828e+00 7.636672854423522949e-01 8.216259479522705078e-01 1.208948373794555664e+00 1.645883917808532715e+00 2.316285610198974609e+00 1.922243237495422363e+00 2.137547492980957031e+00 2.427275657653808594e+00 2.561510086059570312e+00 2.810703277587890625e+00 2.644217967987060547e+00 2.585109233856201172e+00 2.442126035690307617e+00 2.219664573669433594e+00 2.098286628723144531e+00 2.202526092529296875e+00 1.722753286361694336e+00 1.700810432434082031e+00 1.338167905807495117e+00 1.734399080276489258e+00 1.905778884887695312e+00 2.012919902801513672e+00 2.518882274627685547e+00 2.793612718582153320e+00 2.549162864685058594e+00 2.537302255630493164e+00 2.629392862319946289e+00 2.674626111984252930e+00 2.795834541320800781e+00 2.825010538101196289e+00 3.040137290954589844e+00 2.995380401611328125e+00 2.997359275817871094e+00 2.753291845321655273e+00 2.804466724395751953e+00 2.996060132980346680e+00 2.922914743423461914e+00 2.714863300323486328e+00 2.054494857788085938e+00
2.395762681961059570e+00 2.472920417785644531e+00 2.090997219085693359e+00 1.720326900482177734e+00 2.066095590591430664e+00 2.306728124618530273e+00 2.006456375122070312e+00 1.433203458786010742e+00 1.391159772872924805e+00 1.381276369094848633e+00 1.972216963768005371e+00 2.120665550231933594e+00 1.967713952064514160e+00 2.004320621490478516e+00 2.458142280578613281e+00 2.294035673141479492e+00 1.940528631210327148e+00 1.429430961608886719e+00 5.242874026298522949e-01 1.195769071578979492e+00 1.521566152572631836e+00 2.249459743499755859e+00 2.278258800506591797e+00 1.858797550201416016e+00 1.314522981643676758e+00 3.243074715137481689e-01 1.176383614540100098e+00 1.480980634689331055e+00 1.585582852363586426e+00 1.829172611236572266e+00 2.154311656951904297e+00 2.166484355926513672e+00 2.465873003005981445e+00 2.597264289855957031e+00 2.490957498550415039e+00 2.493926286697387695e+00 2.415173530578613281e+00 2.418456077575683594e+00 2.254916906356811523e+00 2.150787830352783203e+00 2.048510789871215820e+00 1.948464632034301758e+00 1.450197219848632812e+00 1.813767910003662109e+00 1.657393097877502441e+00 1.857733011245727539e+00 2.268213748931884766e+00 2.604450702667236328e+00 2.622798442840576172e+00 2.614444255828857422e+00 2.618216514587402344e+00 2.324496269226074219e+00 2.620810747146606445e+00 2.752749919891357422e+00 3.236268043518066406e+00 3.028919458389282227e+00 3.140595912933349609e+00 2.928461074829101562e+00 2.833565473556518555e+00 2.998448371887207031e+00 3.083901882171630859e+00 3.139455795288085938e+00 2.953244447708129883e+00 2.187297105789184570e+00
2.269696712493896484e+00 2.270192146301269531e+00 2.166719198226928711e+00 2.066906452178955078e+00 2.285099983215332031e+00 2.569864511489868164e+00 2.258618593215942383e+00 1.442302107810974121e+00 1.939221262931823730e+00 1.935593962669372559e+00 1.923084497451782227e+00 2.112341880798339844e+00 2.180446147918701172e+00 2.434156417846679688e+00 2.398031473159790039e+00 2.526498317718505859e+00 2.129771232604980469e+00 9.278426766395568848e-01 1.023355126380920410e-01 8.133746385574340820e-01 1.142867803573608398e+00 1.822812438011169434e+00 1.711068630218505859e+00 1.431233763694763184e+00 1.242810845375061035e+00 6.265023946762084961e-01 6.643316745758056641e-01 1.474518537521362305e+00 1.924780726432800293e+00 1.972355484962463379e+00 1.970569491386413574e+00 2.356528759002685547e+00 2.361406087875366211e+00 2.656450748443603516e+00 2.642183542251586914e+00 2.664669513702392578e+00 2.762326240539550781e+00 2.372395515441894531e+00 1.967117309570312500e+00 2.172144412994384766e+00 2.060128450393676758e+00 1.936553597450256348e+00 1.508867383003234863e+00 1.793437242507934570e+00 2.035043716430664062e+00 2.047650814056396484e+00 2.518742084503173828e+00 2.704467535018920898e+00 2.739051580429077148e+00 2.548822402954101562e+00 2.705445528030395508e+00 2.475347518920898438e+00 2.755713939666748047e+00 2.938573837280273438e+00 3.044907093048095703e+00 3.008833885192871094e+00 3.017174959182739258e+00 3.100515842437744141e+00 3.007607460021972656e+00 2.999983072280883789e+00 2.741654396057128906e+00 3.083335638046264648e+00 3.113234996795654297e+00 2.789127588272094727e+00
2.017040014266967773e+00 2.129152774810791016e+00 2.238011598587036133e+00 2.061549425125122070e+00 2.101845026016235352e+00 2.351695537567138672e+00 2.203098058700561523e+00 1.991588234901428223e+00 1.647533535957336426e+00 1.840496659278869629e+00 1.783388018608093262e+00 2.002228975296020508e+00 1.801307678222656250e+00 2.129770040512084961e+00 2.475456476211547852e+00 2.471436262130737305e+00 2.179955005645751953e+00 7.841486334800720215e-01 2.001544982194900513e-01 6.767011880874633789e-01 1.189034700393676758e+00 1.192259311676025391e+00 1.646252512931823730e+00 1.302393674850463867e+00 1.261364459991455078e+00 5.481425523757934570e-01 4.737367331981658936e-01 1.613467693328857422e+00 2.113745689392089844e+00 2.121698856353759766e+00 1.950028657913208008e+00 1.919616937637329102e+00 2.563629627227783203e+00 2.532931566238403320e+00 2.614145517349243164e+00 2.573925971984863281e+00 2.579340457916259766e+00 2.307374715805053711e+00 2.183697223663330078e+00 2.112782478332519531e+00 2.310893297195434570e+00 1.988273262977600098e+00 1.766436934471130371e+00 1.790540814399719238e+00 1.750171661376953125e+00 2.281316280364990234e+00 2.631472587585449219e+00 2.656775712966918945e+00 2.582655429840087891e+00 2.663383722305297852e+00 2.647456645965576172e+00 2.678740978240966797e+00 2.945458889007568359e+00 3.144838333129882812e+00 3.003959417343139648e+00 2.967035770416259766e+00 2.969302177429199219e+00 2.878558635711669922e+00 2.960610389709472656e+00 2.765504121780395508e+00 2.806694507598876953e+00 2.898426771163940430e+00 3.060250997543334961e+00 2.191912651062011719e+00
2.055019855499267578e+00 2.166381359100341797e+00 2.160332679748535156e+00 2.143149852752685547e+00 2.033336639404296875e+00 2.205349922180175781e+00 2.100919723510742188e+00 1.955055117607116699e+00 2.024622440338134766e+00 1.830699443817138672e+00 1.659331321716308594e+00 1.798894286155700684e+00 1.688756942749023438e+00 2.002409458160400391e+00 2.332184314727783203e+00 2.485750436782836914e+00 1.753388285636901855e+00 8.480039238929748535e-01 7.148543000221252441e-02 1.172683715820312500e+00 1.402447819709777832e+00 1.705191135406494141e+00 1.573677778244018555e+00 1.429018497467041016e+00 1.198399305343627930e+00 1.396381258964538574e-01 4.401105642318725586e-01 1.234582185745239258e+00 1.784155607223510742e+00 2.074219226837158203e+00 1.785199284553527832e+00 2.042902231216430664e+00 2.404489517211914062e+00 2.662864685058593750e+00 2.258707523345947266e+00 2.353339672088623047e+00 2.316184043884277344e+00 2.227534055709838867e+00 2.380342006683349609e+00 2.391794919967651367e+00 2.340910196304321289e+00 2.094357967376708984e+00 2.011863708496093750e+00 2.179910182952880859e+00 1.742744803428649902e+00 2.120347023010253906e+00 2.516060113906860352e+00 2.646228313446044922e+00 2.617345571517944336e+00 2.676072835922241211e+00 2.592941522598266602e+00 2.864507913589477539e+00 2.989546298980712891e+00 3.225309371948242188e+00 3.078803777694702148e+00 3.144551277160644531e+00 3.007290124893188477e+00 2.899418830871582031e+00 2.845589876174926758e+00 2.767190217971801758e+00 3.074033498764038086e+00 2.919094800949096680e+00 3.251304149627685547e+00 2.611768007278442383e+00
1.845092058181762695e+00 2.245130538940429688e+00 2.179448604583740234e+00 2.136940002441406250e+00 1.898450732231140137e+00 2.013631820678710938e+00 2.230556964874267578e+00 1.855561017990112305e+00 1.869674682617187500e+00 1.736189484596252441e+00 1.705078244209289551e+00 1.419995784759521484e+00 1.802222728729248047e+00 1.750882267951965332e+00 2.042963027954101562e+00 2.025242805480957031e+00 1.562609314918518066e+00 1.034206628799438477e+00 3.014465868473052979e-01 1.055797696113586426e+00 1.493623971939086914e+00 1.580704689025878906e+00 1.368699908256530762e+00 1.432964444160461426e+00 8.424675464630126953e-01 8.486306667327880859e-02 -5.427107214927673340e-02 5.680088996887207031e-01 1.357062339782714844e+00 1.914793729782104492e+00 1.698209881782531738e+00 2.030902624130249023e+00 2.400227785110473633e+00 2.636078119277954102e+00 2.617356300354003906e+00 2.544119834899902344e+00 2.836324691772460938e+00 2.462394952774047852e+00 2.368870735168457031e+00 2.459153413772583008e+00 2.643480300903320312e+00 1.958992481231689453e+00 1.628333210945129395e+00 1.878738045692443848e+00 1.757751107215881348e+00 1.986456036567687988e+00 2.338578701019287109e+00 2.587450027465820312e+00 2.555009126663208008e+00 2.637737274169921875e+00 2.690074205398559570e+00 2.949995517730712891e+00 2.641613960266113281e+00 3.012465000152587891e+00 3.043408870697021484e+00 3.041592121124267578e+00 2.881416320800781250e+00 2.841664314270019531e+00 3.145045518875122070e+00 3.193686723709106445e+00 2.792574405670166016e+00 2.892251253128051758e+00 3.017856121063232422e+00 2.735020399093627930e+00
2.412576436996459961e+00 2.411224126815795898e+00 2.521485805511474609e+00 2.556226730346679688e+00 2.310627698898315430e+00 2.336339473724365234e+00 2.212347745895385742e+00 1.800100684165954590e+00 1.920251727104187012e+00 1.634064316749572754e+00 1.621515154838562012e+00 1.480674266815185547e+00 1.663853049278259277e+00 1.537562608718872070e+00 2.001585006713867188e+00 2.024259090423583984e+00 1.762651205062866211e+00 1.124843358993530273e+00 4.851782321929931641e-01 8.714134097099304199e-01 9.292559623718261719e-01 1.438784241676330566e+00 1.089716911315917969e+00 1.538486838340759277e+00 8.625981211662292480e-01 -1.936745643615722656e-01 -5.251437425613403320e-02 3.729121983051300049e-01 9.961767196655273438e-01 1.568471431732177734e+00 2.067904949188232422e+00 1.997645854949951172e+00 2.232359647750854492e+00 2.699891328811645508e+00 2.568235635757446289e+00 2.598601818084716797e+00 2.475796937942504883e+00 2.214742183685302734e+00 2.435153007507324219e+00 2.225441932678222656e+00 2.391424179077148438e+00 1.862846374511718750e+00 1.949415922164916992e+00 1.822304844856262207e+00 1.923489809036254883e+00 2.036892414093017578e+00 2.206734180450439453e+00 2.537418365478515625e+00 2.619246244430541992e+00 2.618589162826538086e+00 2.659293889999389648e+00 2.724001646041870117e+00 2.853343725204467773e+00 2.955062866210937500e+00 2.959978103637695312e+00 2.905294418334960938e+00 3.096014499664306641e+00 2.937086105346679688e+00 3.176924705505371094e+00 3.190726041793823242e+00 3.009287834167480469e+00 3.019428730010986328e+00 3.204509258270263672e+00 2.627006292343139648e+00
1.337509989738464355e+00 2.571457386016845703e+00 2.737435817718505859e+00 2.720677614212036133e+00 2.708638191223144531e+00 2.603891134262084961e+00 2.424268484115600586e+00 1.636317849159240723e+00 1.540277719497680664e+00 1.542288422584533691e+00 1.392874956130981445e+00 1.401671051979064941e+00 1.769061923027038574e+00 2.084883213043212891e+00 2.146652460098266602e+00 2.226238727569580078e+00 1.963469862937927246e+00 9.535664916038513184e-01 2.747935056686401367e-01 5.689821839332580566e-01 8.306221961975097656e-01 1.171165704727172852e+00 1.337226629257202148e+00 1.225667715072631836e+00 3.932567834854125977e-01 -4.299998283386230469e-03 -4.310988783836364746e-01 1.376167833805084229e-01 5.304956436157226562e-01 1.784971833229064941e+00 2.008347034454345703e+00 2.188365936279296875e+00 2.500748395919799805e+00 2.648182153701782227e+00 2.635783672332763672e+00 2.630672454833984375e+00 2.443778514862060547e+00 2.588867902755737305e+00 2.601736307144165039e+00 2.340924978256225586e+00 2.443703413009643555e+00 2.030432224273681641e+00 1.918474316596984863e+00 2.212850332260131836e+00 2.499835968017578125e+00 2.051479578018188477e+00 2.310713291168212891e+00 2.538056612014770508e+00 2.709333896636962891e+00 2.662510395050048828e+00 2.790740251541137695e+00 2.827319383621215820e+00 2.750014066696166992e+00 2.881180047988891602e+00 3.061397314071655273e+00 3.140446662902832031e+00 2.999545097351074219e+00 3.113803863525390625e+00 3.134335279464721680e+00 3.143998622894287109e+00 2.769048690795898438e+00 3.096593618392944336e+00 3.134723663330078125e+00 2.191378593444824219e+00
2.526934623718261719e+00 2.665790557861328125e+00 2.977642059326171875e+00 2.885650634765625000e+00 2.823876619338989258e+00 2.641662597656250000e+00 2.447464466094970703e+00 1.661654591560363770e+00 1.172731518745422363e+00 9.481425285339355469e-01 1.212490558624267578e+00 1.254285216331481934e+00 1.493432760238647461e+00 2.210416793823242188e+00 2.078650474548339844e+00 2.271780490875244141e+00 1.773559212684631348e+00 6.746257543563842773e-01 2.801105082035064697e-01 2.926488220691680908e-01 8.610386848449707031e-01 1.338816285133361816e+00 1.154147148132324219e+00 1.191674351692199707e+00 7.622714042663574219e-01 -5.102230906486511230e-01 -8.670220375061035156e-01 -6.475059986114501953e-01 9.167270064353942871e-01 1.432645440101623535e+00 1.677165150642395020e+00 1.981400251388549805e+00 2.157621383666992188e+00 2.667680740356445312e+00 2.309258222579956055e+00 2.452474117279052734e+00 2.391077041625976562e+00 2.574004173278808594e+00 2.279814720153808594e+00 2.021665096282958984e+00 2.165455818176269531e+00 2.107627153396606445e+00 2.634573698043823242e+00 2.447815656661987305e+00 2.317591190338134766e+00 2.292098999023437500e+00 1.747360706329345703e+00 2.518697738647460938e+00 2.447020530700683594e+00 2.676141023635864258e+00 2.709241390228271484e+00 2.571009874343872070e+00 2.567353725433349609e+00 2.853173732757568359e+00 3.154916763305664062e+00 3.140861749649047852e+00 3.083961248397827148e+00 3.211042642593383789e+00 3.215313911437988281e+00 3.153534173965454102e+00 2.977532863616943359e+00 3.043572902679443359e+00 3.169569015502929688e+00 2.486099720001220703e+00
2.445337772369384766e+00 2.635742187500000000e+00 2.876110792160034180e+00 2.776933431625366211e+00 2.456681728363037109e+00 2.712599992752075195e+00 2.415863037109375000e+00 9.075661301612854004e-01 7.851047515869140625e-01 5.327563285827636719e-01 9.882842302322387695e-01 1.252688884735107422e+00 1.400861144065856934e+00 1.745168089866638184e+00 1.885303020477294922e+00 1.998089790344238281e+00 1.298016071319580078e+00 5.845177173614501953e-01 3.776773810386657715e-02 4.771626591682434082e-01 9.652063846588134766e-01 9.826597571372985840e-01 9.614207148551940918e-01 9.108831882476806641e-01 -2.753266692161560059e-01 -8.858675956726074219e-01 -1.085298657417297363e+00 -9.583035707473754883e-01 -2.583201527595520020e-01 1.119618773460388184e+00 1.060692667961120605e+00 1.892360448837280273e+00 2.124826192855834961e+00 2.081826686859130859e+00 2.380578517913818359e+00 2.074798107147216797e+00 2.715579748153686523e+00 2.469168901443481445e+00 2.331253290176391602e+00 2.234923362731933594e+00 2.307956695556640625e+00 2.576957464218139648e+00 2.759257078170776367e+00 2.710609912872314453e+00 2.434994220733642578e+00 2.308101892471313477e+00 2.052277565002441406e+00 2.125916004180908203e+00 2.452707052230834961e+00 2.811846971511840820e+00 2.726572990417480469e+00 2.696348428726196289e+00 2.808495998382568359e+00 2.957037448883056641e+00 3.251914739608764648e+00 3.184785842895507812e+00 3.014303207397460938e+00 3.055104255676269531e+00 3.171108722686767578e+00 3.311848163604736328e+00 3.067083358764648438e+00 3.160531282424926758e+00 2.998846530914306641e+00 2.652656555175781250e+00
1.977816820144653320e+00 2.894771337509155273e+00 2.853143453598022461e+00 2.728847980499267578e+00 2.461496353149414062e+00 2.424329757690429688e+00 1.845959663391113281e+00 1.013280868530273438e+00 5.103927254676818848e-01 8.170057535171508789e-01 1.175370454788208008e+00 1.388309121131896973e+00 1.207601428031921387e+00 1.323408126831054688e+00 1.274635314941406250e+00 1.557115912437438965e+00 1.057790398597717285e+00 1.961286216974258423e-01 2.601921558380126953e-03 2.312648594379425049e-01 6.352139711380004883e-01 7.189733982086181641e-01 1.151609659194946289e+00 4.940902292728424072e-01 -5.359418988227844238e-01 -1.380659222602844238e+00 -1.189731359481811523e+00 -6.407577991485595703e-01 -1.097420454025268555e-01 3.919481337070465088e-01 1.248862266540527344e+00 1.561211347579956055e+00 2.164247989654541016e+00 2.124883174896240234e+00 2.263931035995483398e+00 2.015009880065917969e+00 2.452692031860351562e+00 2.801763296127319336e+00 2.585338354110717773e+00 2.618799686431884766e+00 2.788524866104125977e+00 2.810897588729858398e+00 2.952760219573974609e+00 2.451210498809814453e+00 2.251069784164428711e+00 2.411540031433105469e+00 2.009140253067016602e+00 2.093719959259033203e+00 2.346641302108764648e+00 2.550744295120239258e+00 2.737843990325927734e+00 2.780271291732788086e+00 2.722738981246948242e+00 3.083269834518432617e+00 3.222078084945678711e+00 3.171313524246215820e+00 2.959702491760253906e+00 3.179551601409912109e+00 2.963912963867187500e+00 3.142263412475585938e+00 3.154087066650390625e+00 3.251202344894409180e+00 3.212508678436279297e+00 2.259434223175048828e+00
1.579763770103454590e+00 2.634536027908325195e+00 2.682965517044067383e+00 2.617186784744262695e+00 2.483650445938110352e+00 2.118327140808105469e+00 1.982415318489074707e+00 1.231979370117187500e+00 8.405733108520507812e-01 9.913296103477478027e-01 9.051723480224609375e-01 1.115229129791259766e+00 9.219565987586975098e-01 1.048811197280883789e+00 1.094214439392089844e+00 1.118136405944824219e+00 7.379518747329711914e-01 1.182069480419158936e-01 -5.160034298896789551e-01 2.427749335765838623e-01 4.967962503433227539e-01 6.782919168472290039e-01 8.476537466049194336e-01 4.495696127414703369e-01 -7.405619621276855469e-01 -1.649373769760131836e+00 -1.542822003364562988e+00 -1.000099420547485352e+00 -3.019173145294189453e-01 4.504372477531433105e-01 4.787476062774658203e-01 1.655269622802734375e+00 2.144512891769409180e+00 2.202641248703002930e+00 2.415669918060302734e+00 2.316800832748413086e+00 2.726943731307983398e+00 2.616524934768676758e+00 2.226705074310302734e+00 2.847772598266601562e+00 2.741726398468017578e+00 2.665374279022216797e+00 2.462984323501586914e+00 2.519652843475341797e+00 2.271047592163085938e+00 2.315759420394897461e+00 1.976865887641906738e+00 2.104629993438720703e+00 2.337347030639648438e+00 2.170097351074218750e+00 2.450144529342651367e+00 2.749794960021972656e+00 2.704228162765502930e+00 2.767715930938720703e+00 3.195467233657836914e+00 3.061829566955566406e+00 3.276288747787475586e+00 3.041678905487060547e+00 3.050786495208740234e+00 3.214496850967407227e+00 3.346216440200805664e+00 3.423239231109619141e+00 3.240031957626342773e+00 2.630360364913940430e+00
2.308985710144042969e+00 2.767922878265380859e+00 2.866238594055175781e+00 2.589811086654663086e+00 2.218536376953125000e+00 2.284714698791503906e+00 1.882270932197570801e+00 1.205417394638061523e+00 8.389306664466857910e-01 2.859949171543121338e-01 6.120310425758361816e-01 3.818121850490570068e-01 2.485138624906539917e-01 4.185079038143157959e-01 1.392432451248168945e+00 7.815303802490234375e-01 5.151111483573913574e-01 -1.226153969764709473e-01 -2.234113812446594238e-01 9.436765313148498535e-02 -1.712590456008911133e-02 7.137407660484313965e-01 7.999489307403564453e-01 1.500140428543090820e-01 -1.201612830162048340e+00 -1.585991024971008301e+00 -1.766047954559326172e+00 -1.281734943389892578e+00 -4.085038304328918457e-01 1.509055942296981812e-01 4.316159188747406006e-01 1.544615864753723145e+00 1.645033836364746094e+00 2.399525165557861328e+00 2.108850002288818359e+00 2.489393234252929688e+00 2.563920736312866211e+00 2.620864868164062500e+00 2.277178287506103516e+00 2.932749509811401367e+00 2.346871852874755859e+00 2.492250204086303711e+00 2.566494941711425781e+00 2.335093021392822266e+00 2.482088804244995117e+00 1.947384357452392578e+00 1.904008626937866211e+00 1.776899576187133789e+00 2.336776971817016602e+00 2.071306228637695312e+00 2.249361515045166016e+00 2.351341485977172852e+00 2.624711275100708008e+00 2.724328994750976562e+00 2.890868663787841797e+00 3.074277639389038086e+00 3.220522642135620117e+00 3.101817131042480469e+00 3.276708602905273438e+00 3.202433824539184570e+00 2.978792905807495117e+00 3.179876565933227539e+00 3.294070243835449219e+00 2.033544540405273438e+00
2.091471910476684570e+00 2.913841485977172852e+00 2.859022140502929688e+00 2.665314435958862305e+00 2.146609783172607422e+00 1.900598287582397461e+00 1.602278113365173340e+00 1.174739122390747070e+00 3.600324690341949463e-01 1.598986387252807617e-01 3.423942625522613525e-01 4.701059162616729736e-01 1.078562140464782715e-01 3.607007861137390137e-01 9.396675229072570801e-01 7.758779525756835938e-01 3.678393363952636719e-01 -7.220138311386108398e-01 -7.101981639862060547e-01 -1.801868081092834473e-01 -3.338775038719177246e-01 4.580039680004119873e-01 5.776443481445312500e-01 3.217372596263885498e-01 -9.903995990753173828e-01 -1.265601992607116699e+00 -1.569492578506469727e+00 -1.281122446060180664e+00 -5.389298200607299805e-01 -3.316414356231689453e-02 2.889735698699951172e-01 8.820613622665405273e-01 1.301011800765991211e+00 2.364021301269531250e+00 2.126656532287597656e+00 1.990914344787597656e+00 2.381607532501220703e+00 2.457186698913574219e+00 2.569721698760986328e+00 2.500696897506713867e+00 2.366730213165283203e+00 2.092820167541503906e+00 2.367410421371459961e+00 2.322077751159667969e+00 2.300628900527954102e+00 2.016445636749267578e+00 1.929812312126159668e+00 1.871053338050842285e+00 2.086580753326416016e+00 1.811989426612854004e+00 2.146085262298583984e+00 2.413103342056274414e+00 2.359072208404541016e+00 2.724316835403442383e+00 2.638620615005493164e+00 3.055755376815795898e+00 3.069112539291381836e+00 2.956189870834350586e+00 3.163448095321655273e+00 3.269333600997924805e+00 2.973613739013671875e+00 3.073426485061645508e+00 3.106430530548095703e+00 2.704745531082153320e+00
2.059603452682495117e+00 2.873616933822631836e+00 2.727844238281250000e+00 2.746413946151733398e+00 2.162501811981201172e+00 1.718670368194580078e+00 1.505835771560668945e+00 8.372373580932617188e-01 6.899447441101074219e-01 3.322188556194305420e-01 4.307283759117126465e-01 3.298152685165405273e-01 1.093290448188781738e-01 5.443615913391113281e-01 1.000547170639038086e+00 5.885242223739624023e-01 7.841810584068298340e-02 -3.923989534378051758e-01 -8.571660518646240234e-01 -2.755679488182067871e-01 -3.978575468063354492e-01 -1.974422931671142578e-01 1.646834164857864380e-01 -1.055221855640411377e-01 -9.623888731002807617e-01 -1.077306389808654785e+00 -1.582765817642211914e+00 -1.358751416206359863e+00 -9.296216964721679688e-01 -4.589830040931701660e-01 3.414213657379150391e-03 3.919813036918640137e-01 1.450966238975524902e+00 1.733298540115356445e+00 2.017583847045898438e+00 1.875543832778930664e+00 2.429008007049560547e+00 2.333068847656250000e+00 2.479804992675781250e+00 2.742456197738647461e+00 2.546636581420898438e+00 2.119083881378173828e+00 2.471769809722900391e+00 2.122525691986083984e+00 2.073413133621215820e+00 2.158758640289306641e+00 2.087871789932250977e+00 1.942026853561401367e+00 1.957212686538696289e+00 2.119254589080810547e+00 2.015467166900634766e+00 2.199426174163818359e+00 2.210198879241943359e+00 2.524171829223632812e+00 2.609874963760375977e+00 2.860014677047729492e+00 2.881579637527465820e+00 3.046661615371704102e+00 2.807008981704711914e+00 3.089019536972045898e+00 3.274109363555908203e+00 3.061293363571166992e+00 3.076061487197875977e+00 2.440880060195922852e+00
2.111594438552856445e+00 2.646973133087158203e+00 2.832323312759399414e+00 2.423522472381591797e+00 2.515975475311279297e+00 1.861467719078063965e+00 1.284330368041992188e+00 5.813518762588500977e-01 -3.130808472633361816e-02 1.299194395542144775e-01 8.529645204544067383e-02 4.704662263393402100e-01 3.099371194839477539e-01 5.746203660964965820e-01 7.430893182754516602e-01 4.448269605636596680e-01 -2.207064032554626465e-01 -5.578301548957824707e-01 -1.063535571098327637e+00 -1.165578246116638184e+00 -2.448449730873107910e-01 -1.897721886634826660e-01 -1.933765411376953125e-01 -5.787331461906433105e-01 -8.919305801391601562e-01 -1.552450418472290039e+00 -1.436542153358459473e+00 -1.336725592613220215e+00 -1.254622220993041992e+00 -4.865630865097045898e-01 -1.784893870353698730e-01 3.888863027095794678e-01 1.094331979751586914e+00 2.126521587371826172e+00 2.155542135238647461e+00 1.942090272903442383e+00 2.202720642089843750e+00 2.585539340972900391e+00 2.535480976104736328e+00 2.617284297943115234e+00 2.622535228729248047e+00 2.273090362548828125e+00 2.351067066192626953e+00 2.465187311172485352e+00 2.218992710113525391e+00 2.365971565246582031e+00 1.897615194320678711e+00 1.984574913978576660e+00 2.153343915939331055e+00 2.094856739044189453e+00 2.213990688323974609e+00 1.849115371704101562e+00 2.040347576141357422e+00 2.386769294738769531e+00 2.617433309555053711e+00 2.658452510833740234e+00 2.720653295516967773e+00 3.026780843734741211e+00 2.937644958496093750e+00 3.067221879959106445e+00 3.288868427276611328e+00 3.322757482528686523e+00 3.033368349075317383e+00 2.534151077270507812e+00
1.640312790870666504e+00 2.357864379882812500e+00 2.642865657806396484e+00 2.400141239166259766e+00 2.168134689331054688e+00 1.678708910942077637e+00 1.097274541854858398e+00 3.017755150794982910e-01 -7.090902328491210938e-02 2.139917910099029541e-01 2.785610258579254150e-01 1.313435435295104980e-01 1.402817368507385254e-01 7.043716907501220703e-01 1.098149299621582031e+00 3.875804245471954346e-01 -4.053701758384704590e-01 -8.476918935775756836e-01 -1.176873207092285156e+00 -1.319755554199218750e+00 -1.042930841445922852e+00 -4.008488059043884277e-01 -2.700831890106201172e-01 -4.765855669975280762e-01 -1.076066851615905762e+00 -1.741233348846435547e+00 -1.703163862228393555e+00 -1.661907911300659180e+00 -8.098489046096801758e-01 -7.775974273681640625e-01 -8.982266187667846680e-01 -3.023808002471923828e-01 1.122278690338134766e+00 1.406288743019104004e+00 1.991938352584838867e+00 2.035609722137451172e+00 2.519260883331298828e+00 2.707614183425903320e+00 2.545615673065185547e+00 2.518631696701049805e+00 2.361076831817626953e+00 2.584802389144897461e+00 2.440957546234130859e+00 2.293400526046752930e+00 2.212127685546875000e+00 2.047039508819580078e+00 2.092207431793212891e+00 2.044778585433959961e+00 2.223968982696533203e+00 2.329428195953369141e+00 2.449829339981079102e+00 2.156497001647949219e+00 2.003773927688598633e+00 2.241351604461669922e+00 2.563545227050781250e+00 2.512009143829345703e+00 2.711166620254516602e+00 2.675807714462280273e+00 2.912868261337280273e+00 2.942821264266967773e+00 3.254199981689453125e+00 3.099705219268798828e+00 2.977591514587402344e+00 2.282605648040771484e+00
2.061269521713256836e+00 2.441683053970336914e+00 2.406752109527587891e+00 2.180312156677246094e+00 2.226397037506103516e+00 1.314464330673217773e+00 7.583050727844238281e-01 -2.712729573249816895e-02 -3.949302434921264648e-01 -3.547813892364501953e-01 1.122298538684844971e-01 1.470133960247039795e-01 4.090230166912078857e-01 1.515324860811233521e-01 4.719831049442291260e-01 1.244747638702392578e-01 -5.277802944183349609e-01 -1.096232295036315918e+00 -1.197238683700561523e+00 -1.182039737701416016e+00 -1.068532466888427734e+00 -7.308597564697265625e-01 -7.835867404937744141e-01 -5.102217793464660645e-01 -1.655879020690917969e+00 -1.711512088775634766e+00 -1.573250055313110352e+00 -1.531510591506958008e+00 -1.367983818054199219e+00 -8.355550765991210938e-01 -5.676912069320678711e-01 -9.837895631790161133e-03 6.592965126037597656e-01 1.228128671646118164e+00 1.700288176536560059e+00 2.283265352249145508e+00 2.772969722747802734e+00 2.494067192077636719e+00 2.451600074768066406e+00 2.410977840423583984e+00 2.520939826965332031e+00 2.700670003890991211e+00 2.672125816345214844e+00 2.510419845581054688e+00 2.442695379257202148e+00 2.147184133529663086e+00 2.061123371124267578e+00 2.186632156372070312e+00 2.296324253082275391e+00 2.076690673828125000e+00 2.041837215423583984e+00 2.119808197021484375e+00 2.041863918304443359e+00 2.059329032897949219e+00 2.158695936203002930e+00 2.734756469726562500e+00 2.633173465728759766e+00 2.741453409194946289e+00 2.850444316864013672e+00 2.975307226181030273e+00 3.220328807830810547e+00 3.197106122970581055e+00 3.028034925460815430e+00 2.359180450439453125e+00
2.302240610122680664e+00 2.564543724060058594e+00 2.095660686492919922e+00 1.925463318824768066e+00 2.133450984954833984e+00 1.577367901802062988e+00 5.136427283287048340e-01 1.928287744522094727e-02 -2.850894331932067871e-01 -2.805271744728088379e-01 1.665856838226318359e-01 -2.475601434707641602e-02 -3.461301326751708984e-03 -1.835098266601562500e-01 2.394321560859680176e-01 2.440103739500045776e-01 -6.858432292938232422e-01 -1.116943240165710449e+00 -1.473912835121154785e+00 -1.486373424530029297e+00 -8.952311277389526367e-01 -5.961001515388488770e-01 -1.036113858222961426e+00 -8.029087781906127930e-01 -1.723857164382934570e+00 -1.373945355415344238e+00 -1.393287539482116699e+00 -1.822348833084106445e+00 -1.477102041244506836e+00 -1.102380633354187012e+00 -7.584153413772583008e-01 -7.869048118591308594e-01 5.041924715042114258e-01 9.998385906219482422e-01 1.306858181953430176e+00 1.967898488044738770e+00 2.312595367431640625e+00 2.232615232467651367e+00 2.485151052474975586e+00 2.747563362121582031e+00 2.405255794525146484e+00 2.481655597686767578e+00 2.494907617568969727e+00 2.765332698822021484e+00 2.599602460861206055e+00 2.062886476516723633e+00 2.418613910675048828e+00 2.175436496734619141e+00 1.962990045547485352e+00 2.227118492126464844e+00 2.329857826232910156e+00 2.334741353988647461e+00 2.122693538665771484e+00 2.239192008972167969e+00 2.124424934387207031e+00 2.783808469772338867e+00 2.829865217208862305e+00 2.688680648803710938e+00 2.707036972045898438e+00 2.912263631820678711e+00 3.250814914703369141e+00 3.207307815551757812e+00 3.190645694732666016e+00 2.250644207000732422e+00
2.421562194824218750e+00 2.484170913696289062e+00 2.294593334197998047e+00 1.645123720169067383e+00 2.043205261230468750e+00 1.216329813003540039e+00 6.171960830688476562e-01 -2.074784636497497559e-01 -3.486500382423400879e-01 -1.131236553192138672e-01 1.838532835245132446e-01 -1.552065610885620117e-01 -3.311079144477844238e-01 -2.321109771728515625e-01 2.870631217956542969e-02 -2.557102441787719727e-01 -9.082244634628295898e-01 -1.458680510520935059e+00 -1.694831132888793945e+00 -1.351333856582641602e+00 -1.205534934997558594e+00 -8.647952079772949219e-01 -8.249988555908203125e-01 -1.085351705551147461e+00 -1.252766728401184082e+00 -1.441372632980346680e+00 -1.540481686592102051e+00 -1.772114992141723633e+00 -1.372849702835083008e+00 -1.101765155792236328e+00 -7.814072370529174805e-01 -7.493339776992797852e-01 7.824279069900512695e-01 9.476120471954345703e-01 1.308626890182495117e+00 1.659090399742126465e+00 2.120724201202392578e+00 2.276527881622314453e+00 2.448571443557739258e+00 2.553250312805175781e+00 2.607240200042724609e+00 2.612053155899047852e+00 2.626237869262695312e+00 2.576275348663330078e+00 2.800906658172607422e+00 2.434026479721069336e+00 2.463291168212890625e+00 2.308658599853515625e+00 2.099233388900756836e+00 2.146731853485107422e+00 2.251491546630859375e+00 2.433827400207519531e+00 2.005253314971923828e+00 2.143919467926025391e+00 2.592702150344848633e+00 2.556709527969360352e+00 2.561981678009033203e+00 2.746572256088256836e+00 2.517977476119995117e+00 2.870275974273681641e+00 3.205990314483642578e+00 3.144490242004394531e+00 3.218351125717163086e+00 2.576260328292846680e+00
2.393478393554687500e+00 2.154244661331176758e+00 2.014102697372436523e+00 1.936406016349792480e+00 1.806488990783691406e+00 1.341753244400024414e+00 5.567549467086791992e-01 -1.539397239685058594e-01 -3.550829291343688965e-01 -2.170515656471252441e-01 3.920734822750091553e-01 1.544548869132995605e-01 -3.362916707992553711e-01 -8.280858397483825684e-02 1.462090015411376953e-02 -3.514733910560607910e-01 -9.342039823532104492e-01 -1.604305624961853027e+00 -1.433941125869750977e+00 -1.213013887405395508e+00 -1.031478166580200195e+00 -9.192910194396972656e-01 -1.029468059539794922e+00 -6.571471691131591797e-01 -1.126402616500854492e+00 -1.531031966209411621e+00 -1.790525913238525391e+00 -1.639359951019287109e+00 -1.616359949111938477e+00 -1.176696181297302246e+00 -6.021370887756347656e-01 -5.932613611221313477e-01 -1.780489683151245117e-01 8.752785325050354004e-01 1.328264117240905762e+00 1.671182751655578613e+00 2.232531070709228516e+00 2.486226558685302734e+00 2.488665580749511719e+00 2.753000259399414062e+00 2.667933225631713867e+00 2.609109401702880859e+00 2.700827360153198242e+00 2.833673238754272461e+00 2.718631982803344727e+00 2.684342384338378906e+00 2.801433801651000977e+00 2.527911901473999023e+00 2.308824062347412109e+00 2.259412288665771484e+00 2.221127986907958984e+00 2.405042409896850586e+00 2.293859481811523438e+00 2.401141166687011719e+00 2.540568113327026367e+00 2.642598390579223633e+00 2.744361639022827148e+00 2.670837879180908203e+00 2.860334634780883789e+00 2.935264110565185547e+00 3.053592205047607422e+00 3.116824150085449219e+00 3.338063716888427734e+00 2.699017763137817383e+00
2.335686445236206055e+00 2.287617921829223633e+00 2.246746540069580078e+00 2.032931327819824219e+00 1.384393930435180664e+00 1.014997124671936035e+00 5.934027433395385742e-01 1.073244214057922363e-01 -7.136391401290893555e-01 -2.679972648620605469e-01 2.824263870716094971e-01 -1.243799924850463867e-01 -5.643421411514282227e-01 -2.511414289474487305e-01 -3.571929335594177246e-01 -7.680386304855346680e-03 -1.250904202461242676e+00 -1.527983069419860840e+00 -1.274764299392700195e+00 -1.374895930290222168e+00 -1.161592841148376465e+00 -8.251322507858276367e-01 -1.131192445755004883e+00 -9.322065114974975586e-01 -1.303957700729370117e+00 -1.486292123794555664e+00 -1.699230670928955078e+00 -1.518618106842041016e+00 -1.581405520439147949e+00 -1.126979470252990723e+00 -8.019137382507324219e-01 -2.187904715538024902e-01 2.887046337127685547e-02 9.117698073387145996e-01 1.376329660415649414e+00 1.781825900077819824e+00 2.109605073928833008e+00 2.378415822982788086e+00 2.709466695785522461e+00 2.773759603500366211e+00 2.898914575576782227e+00 2.787304878234863281e+00 2.538071870803833008e+00 2.732982635498046875e+00 2.803732633590698242e+00 2.540642261505126953e+00 2.540578365325927734e+00 2.627721548080444336e+00 2.116457462310791016e+00 2.448214530944824219e+00 2.381257772445678711e+00 2.477006196975708008e+00 2.559310674667358398e+00 2.608835458755493164e+00 2.793895244598388672e+00 2.772427320480346680e+00 2.667050838470458984e+00 2.896818161010742188e+00 2.648224592208862305e+00 2.962033748626708984e+00 3.121943235397338867e+00 3.285251617431640625e+00 3.035993337631225586e+00 2.553979396820068359e+00
2.413733005523681641e+00 2.306434869766235352e+00 2.100474357604980469e+00 1.423048973083496094e+00 1.149093866348266602e+00 6.846389770507812500e-01 1.550175696611404419e-01 -2.547923922538757324e-01 -6.120400428771972656e-01 -5.534363389015197754e-01 -2.106239199638366699e-01 -3.901124000549316406e-05 -2.243480086326599121e-01 -1.363705396652221680e-01 -4.706772565841674805e-01 -3.768872618675231934e-01 -1.115605473518371582e+00 -1.215779423713684082e+00 -1.518682956695556641e+00 -8.159543275833129883e-01 -8.499014377593994141e-01 -8.276944160461425781e-01 -8.389644622802734375e-01 -9.947186708450317383e-01 -1.338926315307617188e+00 -1.603818655014038086e+00 -1.686860799789428711e+00 -1.619116306304931641e+00 -1.675905227661132812e+00 -1.404996395111083984e+00 -9.312689304351806641e-01 -3.511680960655212402e-01 1.733280420303344727e-01 7.602298259735107422e-01 1.314253211021423340e+00 1.715767383575439453e+00 1.976384282112121582e+00 2.101961374282836914e+00 2.524422168731689453e+00 2.512353658676147461e+00 2.542720556259155273e+00 2.674021482467651367e+00 2.621396780014038086e+00 2.901974201202392578e+00 2.555003166198730469e+00 2.657815933227539062e+00 2.603163957595825195e+00 2.781386852264404297e+00 2.543567657470703125e+00 2.595117807388305664e+00 2.338377952575683594e+00 2.544283390045166016e+00 2.414911746978759766e+00 2.270711898803710938e+00 2.727229595184326172e+00 2.839800357818603516e+00 2.503797054290771484e+00 2.730595588684082031e+00 2.836484193801879883e+00 2.795518875122070312e+00 3.343339204788208008e+00 3.491754531860351562e+00 3.285994529724121094e+00 3.020037412643432617e+00
1.611068606376647949e+00 1.811689615249633789e+00 1.650728225708007812e+00 1.545003890991210938e+00 9.763392806053161621e-01 8.574708104133605957e-01 2.480831891298294067e-01 -3.553915619850158691e-01 -5.560030341148376465e-01 -1.394450068473815918e-01 -2.952516078948974609e-03 -5.111283063888549805e-02 6.445875763893127441e-02 1.320978999137878418e-01 -1.628966927528381348e-01 -3.340358138084411621e-01 -1.219912290573120117e+00 -1.169959306716918945e+00 -1.339583158493041992e+00 -8.185648918151855469e-01 -6.987477540969848633e-01 -6.019719243049621582e-01 -9.784604310989379883e-01 -1.272607445716857910e+00 -1.175690770149230957e+00 -1.383134841918945312e+00 -1.879629850387573242e+00 -1.940550327301025391e+00 -1.715463638305664062e+00 -1.291817426681518555e+00 -1.583035588264465332e+00 -5.225841999053955078e-01 3.188391327857971191e-01 3.970529437065124512e-01 1.044555187225341797e+00 1.593498349189758301e+00 1.813300490379333496e+00 2.177506923675537109e+00 2.573807716369628906e+00 2.517359256744384766e+00 2.359559297561645508e+00 2.549894094467163086e+00 2.466602802276611328e+00 2.702004432678222656e+00 2.839360713958740234e+00 2.749519586563110352e+00 2.694481372833251953e+00 2.716724395751953125e+00 2.475867033004760742e+00 2.385133743286132812e+00 2.237064361572265625e+00 2.383878231048583984e+00 2.338334321975708008e+00 2.285785198211669922e+00 2.553861141204833984e+00 2.771401166915893555e+00 2.705689668655395508e+00 2.700497627258300781e+00 2.705104589462280273e+00 2.756663799285888672e+00 3.125640869140625000e+00 3.381505012512207031e+00 3.237777709960937500e+00 2.716890096664428711e+00
1.849383592605590820e+00 1.905167698860168457e+00 1.736580967903137207e+00 1.169646263122558594e+00 1.058264255523681641e+00 6.688605546951293945e-01 -1.125264167785644531e-02 -2.649606466293334961e-01 -3.678205609321594238e-01 -1.838989257812500000e-01 1.841376572847366333e-01 2.013483643531799316e-02 4.485949873924255371e-02 3.786069154739379883e-02 -4.273319244384765625e-02 -4.486017823219299316e-01 -1.091972351074218750e+00 -1.437457561492919922e+00 -1.450410366058349609e+00 -8.665173053741455078e-01 -6.898870468139648438e-01 -4.832455515861511230e-01 -1.082508325576782227e+00 -1.080381751060485840e+00 -1.423057675361633301e+00 -1.462176084518432617e+00 -1.813513994216918945e+00 -1.925467252731323242e+00 -1.690352678298950195e+00 -1.507491230964660645e+00 -1.186479926109313965e+00 -8.936922550201416016e-01 1.981796771287918091e-01 3.042620420455932617e-01 6.636533737182617188e-01 1.537693977355957031e+00 1.946757912635803223e+00 2.046781063079833984e+00 2.467519044876098633e+00 2.145540952682495117e+00 2.071530342102050781e+00 2.397429466247558594e+00 2.266403675079345703e+00 2.506405830383300781e+00 2.781090974807739258e+00 2.799088716506958008e+00 2.694694519042968750e+00 2.348142385482788086e+00 2.443135261535644531e+00 2.442765235900878906e+00 2.642386436462402344e+00 2.578156709671020508e+00 2.513132095336914062e+00 2.562667131423950195e+00 2.507542371749877930e+00 2.464795589447021484e+00 2.586314439773559570e+00 2.547845602035522461e+00 2.655462026596069336e+00 2.797895431518554688e+00 3.012045145034790039e+00 3.151727676391601562e+00 3.349937915802001953e+00 2.715924978256225586e+00
1.733601450920104980e+00 1.698022484779357910e+00 1.367527961730957031e+00 8.879083395004272461e-01 9.902822971343994141e-01 7.822207212448120117e-01 -2.336317896842956543e-01 -4.156448841094970703e-01 -1.867729425430297852e-01 -1.518096327781677246e-01 1.663489043712615967e-01 3.257838189601898193e-01 9.913802146911621094e-02 -2.938941121101379395e-02 -1.328008174896240234e-01 -5.022519230842590332e-01 -1.128008484840393066e+00 -1.331590414047241211e+00 -1.520382523536682129e+00 -1.075450301170349121e+00 -8.396171331405639648e-01 -5.837481617927551270e-01 -9.819989204406738281e-01 -7.437964677810668945e-01 -1.247949361801147461e+00 -1.644326686859130859e+00 -1.989100217819213867e+00 -1.851057529449462891e+00 -1.633408784866333008e+00 -1.591109395027160645e+00 -1.020880341529846191e+00 -8.927348852157592773e-01 -2.522272467613220215e-01 1.442767381668090820e-01 6.900253295898437500e-01 1.106363773345947266e+00 1.955744862556457520e+00 1.730377078056335449e+00 2.129340171813964844e+00 2.160807132720947266e+00 2.098519325256347656e+00 2.201169490814208984e+00 2.227071285247802734e+00 2.509493827819824219e+00 2.723257303237915039e+00 2.771456003189086914e+00 2.762850999832153320e+00 2.510462999343872070e+00 2.471394300460815430e+00 2.347610950469970703e+00 2.436682939529418945e+00 2.389137506484985352e+00 2.682162284851074219e+00 2.362631320953369141e+00 2.204265594482421875e+00 2.504024982452392578e+00 2.619438886642456055e+00 2.199298381805419922e+00 2.482336759567260742e+00 2.630547523498535156e+00 2.897831916809082031e+00 3.179659366607666016e+00 3.334966659545898438e+00 2.471871376037597656e+00
1.514891147613525391e+00 1.456837654113769531e+00 1.414080739021301270e+00 1.420785665512084961e+00 1.175077915191650391e+00 8.498884439468383789e-01 -4.781776666641235352e-02 -5.127145051956176758e-01 -6.287889480590820312e-01 -5.246214270591735840e-01 -1.544326543807983398e-02 3.326573371887207031e-01 2.178979068994522095e-01 2.185877710580825806e-01 4.726588726043701172e-02 -4.894644618034362793e-01 -1.083019375801086426e+00 -1.258858680725097656e+00 -1.318102598190307617e+00 -8.562415838241577148e-01 -8.467017412185668945e-01 -7.821213006973266602e-01 -8.697345256805419922e-01 -1.134444236755371094e+00 -1.394422650337219238e+00 -1.495520472526550293e+00 -2.041664361953735352e+00 -1.750567197799682617e+00 -1.718535184860229492e+00 -1.502941846847534180e+00 -1.200268268585205078e+00 -6.646698713302612305e-01 -4.169487357139587402e-01 2.599320411682128906e-01 4.086036086082458496e-01 9.768981337547302246e-01 1.585202693939208984e+00 1.688457250595092773e+00 1.508800625801086426e+00 2.000402688980102539e+00 1.987871050834655762e+00 1.996884107589721680e+00 2.392749547958374023e+00 2.593203306198120117e+00 2.683949708938598633e+00 2.745841741561889648e+00 2.498928546905517578e+00 2.505573034286499023e+00 2.655664443969726562e+00 2.252934932708740234e+00 2.270934581756591797e+00 2.425662040710449219e+00 2.861461400985717773e+00 2.419852972030639648e+00 2.730204105377197266e+00 2.529325723648071289e+00 2.562348127365112305e+00 2.441042184829711914e+00 2.530869245529174805e+00 2.552684307098388672e+00 2.863508462905883789e+00 3.137731313705444336e+00 2.989629030227661133e+00 2.397266864776611328e+00
1.223988771438598633e+00 1.597742676734924316e+00 1.387187480926513672e+00 1.109552145004272461e+00 6.916344761848449707e-01 1.952161788940429688e-01 -2.852224707603454590e-01 -7.114213705062866211e-01 -4.512275457382202148e-01 -5.524535775184631348e-01 4.714724421501159668e-02 3.338679671287536621e-02 2.015111446380615234e-01 1.539933085441589355e-01 -5.502831935882568359e-02 -4.317733049392700195e-01 -9.196074008941650391e-01 -1.134501934051513672e+00 -1.169515013694763184e+00 -1.098788142204284668e+00 -6.821587085723876953e-01 -9.626637697219848633e-01 -6.245365142822265625e-01 -1.108322024345397949e+00 -1.428924918174743652e+00 -1.605663657188415527e+00 -1.668140649795532227e+00 -2.110065937042236328e+00 -1.609085083007812500e+00 -1.656604290008544922e+00 -1.088659286499023438e+00 -6.820571422576904297e-01 -1.655083298683166504e-01 4.093620181083679199e-02 1.836039572954177856e-01 1.034821391105651855e+00 1.353085041046142578e+00 1.662049055099487305e+00 1.984728336334228516e+00 1.707741856575012207e+00 2.133167743682861328e+00 2.101448535919189453e+00 2.267248868942260742e+00 2.453725576400756836e+00 2.766075372695922852e+00 2.695554733276367188e+00 2.538761138916015625e+00 2.606075763702392578e+00 2.638106107711791992e+00 2.787242650985717773e+00 2.494983911514282227e+00 2.453991889953613281e+00 2.672321081161499023e+00 2.728577852249145508e+00 2.691587924957275391e+00 2.575440168380737305e+00 2.623768329620361328e+00 2.307240009307861328e+00 2.449481725692749023e+00 2.469647884368896484e+00 2.765016078948974609e+00 3.027222871780395508e+00 3.203540563583374023e+00 2.771557569503784180e+00
1.005537748336791992e+00 1.365349292755126953e+00 1.346159458160400391e+00 9.271497130393981934e-01 6.535018086433410645e-01 4.104872047901153564e-01 -5.263022184371948242e-01 -8.143961429595947266e-01 -1.014782786369323730e+00 -3.028218150138854980e-01 -6.848356127738952637e-02 -8.548277616500854492e-02 -1.070872545242309570e-01 -2.106325030326843262e-01 -1.314649581909179688e-01 -4.896798729896545410e-01 -9.641983509063720703e-01 -1.214633345603942871e+00 -1.198631763458251953e+00 -7.571417093276977539e-01 -6.578973531723022461e-01 -1.010333418846130371e+00 -9.611738920211791992e-01 -1.106306910514831543e+00 -1.435468435287475586e+00 -1.552786827087402344e+00 -1.720063447952270508e+00 -2.005686521530151367e+00 -1.588892459869384766e+00 -1.424007654190063477e+00 -1.128950357437133789e+00 -9.601007699966430664e-01 -1.986609697341918945e-01 -1.879467964172363281e-01 2.425748109817504883e-01 1.158382892608642578e+00 1.675677418708801270e+00 1.925402045249938965e+00 2.024771690368652344e+00 1.766812682151794434e+00 2.109138011932373047e+00 2.111138820648193359e+00 2.096546649932861328e+00 2.322701215744018555e+00 2.274406909942626953e+00 2.527296066284179688e+00 2.615851402282714844e+00 2.515869617462158203e+00 2.592826843261718750e+00 2.814452648162841797e+00 2.788029432296752930e+00 2.564282417297363281e+00 2.556947946548461914e+00 2.778408765792846680e+00 2.806229114532470703e+00 2.663336515426635742e+00 2.579572916030883789e+00 2.514890670776367188e+00 2.508934497833251953e+00 2.270044803619384766e+00 2.595725536346435547e+00 2.893513202667236328e+00 3.287311315536499023e+00 2.724044799804687500e+00
1.519389867782592773e+00 1.502300381660461426e+00 1.635131001472473145e+00 1.316813707351684570e+00 8.751931786537170410e-01 2.066048681735992432e-01 -4.715093374252319336e-01 -1.155303359031677246e+00 -1.131015539169311523e+00 -6.225965023040771484e-01 -1.307375431060791016e-01 -1.636527776718139648e-01 -3.790184855461120605e-01 -3.441680073738098145e-01 -1.206229329109191895e-01 -3.789061307907104492e-01 -8.379868268966674805e-01 -1.154591560363769531e+00 -1.085543036460876465e+00 -8.072704076766967773e-01 -6.650593280792236328e-01 -8.663659095764160156e-01 -9.417623281478881836e-01 -1.047099113464355469e+00 -1.279095411300659180e+00 -1.442755103111267090e+00 -1.687749862670898438e+00 -1.958914756774902344e+00 -1.727893114089965820e+00 -1.424738764762878418e+00 -1.243010401725769043e+00 -1.119280934333801270e+00 -3.383924961090087891e-01 -3.415068984031677246e-02 3.179490864276885986e-01 1.096372246742248535e+00 1.670837998390197754e+00 1.901047110557556152e+00 1.832870721817016602e+00 1.945677757263183594e+00 2.091058731079101562e+00 2.029333353042602539e+00 2.165507316589355469e+00 2.107882022857666016e+00 2.123806953430175781e+00 2.428173065185546875e+00 2.287854194641113281e+00 2.486246824264526367e+00 2.397702217102050781e+00 2.653447866439819336e+00 2.762881755828857422e+00 2.908523559570312500e+00 2.937355995178222656e+00 2.779400110244750977e+00 2.891151189804077148e+00 2.518829345703125000e+00 2.553075075149536133e+00 2.277684926986694336e+00 2.329482555389404297e+00 2.278862476348876953e+00 2.794278383255004883e+00 2.767856359481811523e+00 2.923945665359497070e+00 2.912180423736572266e+00
1.638691425323486328e+00 1.814770102500915527e+00 1.568617582321166992e+00 1.174191236495971680e+00 6.560842990875244141e-01 2.268919646739959717e-01 -7.078548669815063477e-01 -9.845517873764038086e-01 -8.467626571655273438e-01 -8.908170461654663086e-01 -4.878839254379272461e-01 -3.273155689239501953e-01 -5.124288201332092285e-01 -5.925804972648620605e-01 -4.081827998161315918e-01 -6.791223287582397461e-01 -1.214929223060607910e+00 -1.297019839286804199e+00 -1.380364060401916504e+00 -8.596246242523193359e-01 -7.503881454467773438e-01 -1.078666567802429199e+00 -1.069250702857971191e+00 -1.234993100166320801e+00 -1.407732486724853516e+00 -1.450648903846740723e+00 -1.616577148437500000e+00 -1.812525510787963867e+00 -1.668538570404052734e+00 -1.436299204826354980e+00 -1.426756739616394043e+00 -1.194718122482299805e+00 -8.030519485473632812e-01 -4.867630004882812500e-01 1.885949224233627319e-01 6.737728118896484375e-01 1.345741510391235352e+00 1.774646878242492676e+00 1.941909193992614746e+00 1.953203320503234863e+00 2.238760232925415039e+00 1.977838397026062012e+00 1.976403474807739258e+00 2.061803817749023438e+00 2.089507579803466797e+00 2.287277698516845703e+00 2.332456588745117188e+00 2.352752208709716797e+00 2.305968523025512695e+00 2.531470298767089844e+00 2.597644090652465820e+00 2.669636726379394531e+00 2.666815757751464844e+00 2.729084491729736328e+00 2.702424049377441406e+00 2.608172416687011719e+00 2.334138393402099609e+00 2.263611316680908203e+00 2.109127998352050781e+00 2.289068698883056641e+00 2.840976238250732422e+00 2.666897296905517578e+00 2.804842710494995117e+00 2.227984905242919922e+00
1.456491351127624512e+00 1.641874194145202637e+00 1.638345479965209961e+00 1.105917692184448242e+00 5.781089663505554199e-01 1.995281577110290527e-01 -6.173975467681884766e-01 -8.201570510864257812e-01 -9.715014696121215820e-01 -9.752975702285766602e-01 -2.964644432067871094e-01 -5.136224031448364258e-01 -6.046067476272583008e-01 -5.158902406692504883e-01 -3.376763463020324707e-01 -7.330113649368286133e-01 -1.135788321495056152e+00 -1.215036749839782715e+00 -1.251865625381469727e+00 -1.081379294395446777e+00 -9.055373668670654297e-01 -1.050489068031311035e+00 -1.153936386108398438e+00 -1.199199676513671875e+00 -1.482674717903137207e+00 -1.598446130752563477e+00 -1.668161630630493164e+00 -1.624645709991455078e+00 -1.713974952697753906e+00 -1.414616465568542480e+00 -1.563171744346618652e+00 -1.313074588775634766e+00 -8.991905450820922852e-01 -5.950338244438171387e-01 -2.200494408607482910e-01 7.024840116500854492e-01 5.719316005706787109e-01 8.262575864791870117e-01 9.656920433044433594e-01 1.602381825447082520e+00 1.915032863616943359e+00 1.983749628067016602e+00 2.050183773040771484e+00 1.995666146278381348e+00 2.335683345794677734e+00 2.383764743804931641e+00 2.295592784881591797e+00 2.438460350036621094e+00 2.332698106765747070e+00 2.539835691452026367e+00 2.591494560241699219e+00 2.568532943725585938e+00 2.798879861831665039e+00 2.940498113632202148e+00 2.840509653091430664e+00 2.795949459075927734e+00 2.454596042633056641e+00 2.554274320602416992e+00 2.513536214828491211e+00 2.570231437683105469e+00 2.633776187896728516e+00 2.665703773498535156e+00 2.626355409622192383e+00 2.570241451263427734e+00
1.591102719306945801e+00 1.104600071907043457e+00 1.200955152511596680e+00 6.602092385292053223e-01 5.554825067520141602e-01 -2.619409561157226562e-02 -8.578528165817260742e-01 -9.958504438400268555e-01 -1.134466767311096191e+00 -7.352453470230102539e-01 -2.550748586654663086e-01 -2.705184817314147949e-01 -4.039454460144042969e-01 -3.256255388259887695e-01 -2.992933392524719238e-01 -7.983697652816772461e-01 -1.253219485282897949e+00 -1.236142635345458984e+00 -1.310897827148437500e+00 -1.055299401283264160e+00 -1.136811375617980957e+00 -1.153585910797119141e+00 -1.083750367164611816e+00 -1.295763850212097168e+00 -1.425713539123535156e+00 -1.721318006515502930e+00 -1.556736230850219727e+00 -1.640147924423217773e+00 -1.799760341644287109e+00 -1.722091197967529297e+00 -1.519726872444152832e+00 -1.419805407524108887e+00 -1.087333202362060547e+00 -6.453092098236083984e-01 -1.875860095024108887e-01 4.949597120285034180e-01 9.312517642974853516e-01 8.354946374893188477e-01 1.267520785331726074e+00 1.064095973968505859e+00 1.137956857681274414e+00 1.589451193809509277e+00 1.963701605796813965e+00 2.114776134490966797e+00 2.023834705352783203e+00 2.156507015228271484e+00 2.180613756179809570e+00 2.311005592346191406e+00 1.886480927467346191e+00 2.413407564163208008e+00 2.538267135620117188e+00 2.760488986968994141e+00 2.511767625808715820e+00 2.762530803680419922e+00 2.903730392456054688e+00 2.625782966613769531e+00 2.526941299438476562e+00 2.394354104995727539e+00 2.400538921356201172e+00 2.620342731475830078e+00 2.772084951400756836e+00 2.812386989593505859e+00 2.825298786163330078e+00 2.867471933364868164e+00
1.289627790451049805e+00 1.639467477798461914e+00 1.205750346183776855e+00 7.890523672103881836e-01 4.664903283119201660e-01 1.546602398157119751e-01 -8.271096944808959961e-01 -8.316920995712280273e-01 -1.099456310272216797e+00 -5.473716855049133301e-01 -3.537181019783020020e-01 -6.054849624633789062e-01 -4.977638125419616699e-01 -5.412399768829345703e-01 -4.718683362007141113e-01 -9.342292547225952148e-01 -9.206019639968872070e-01 -1.316120505332946777e+00 -1.479967355728149414e+00 -1.227272868156433105e+00 -1.356492042541503906e+00 -1.355552077293395996e+00 -1.371107816696166992e+00 -1.351761341094970703e+00 -1.438365459442138672e+00 -1.542783498764038086e+00 -1.662448644638061523e+00 -1.603081345558166504e+00 -1.875586748123168945e+00 -1.571697115898132324e+00 -1.627647638320922852e+00 -1.449334263801574707e+00 -1.158574104309082031e+00 -9.549708366394042969e-01 -2.354713678359985352e-01 2.737667560577392578e-01 9.539870023727416992e-01 6.864602565765380859e-01 1.387785673141479492e+00 1.281427621841430664e+00 1.399506092071533203e+00 1.539413928985595703e+00 1.797463655471801758e+00 1.947948336601257324e+00 1.817928552627563477e+00 2.281745910644531250e+00 2.243917226791381836e+00 2.310016155242919922e+00 2.526835918426513672e+00 2.435236930847167969e+00 2.320346355438232422e+00 2.557336330413818359e+00 2.580830574035644531e+00 2.719047069549560547e+00 2.748911142349243164e+00 2.813727140426635742e+00 2.541935205459594727e+00 2.254527568817138672e+00 2.081097602844238281e+00 2.291479587554931641e+00 2.431200027465820312e+00 2.677179336547851562e+00 2.378220319747924805e+00 2.295271158218383789e+00
8.270450234413146973e-01 9.070137739181518555e-01 1.165500044822692871e+00 1.009796857833862305e+00 4.020580053329467773e-01 1.476040482521057129e-02 -5.381832122802734375e-01 -9.701623916625976562e-01 -1.006723880767822266e+00 -6.880046129226684570e-01 -3.598723411560058594e-01 -2.519991397857666016e-01 -5.408328175544738770e-01 -4.635285139083862305e-01 -6.507735252380371094e-01 -8.930100202560424805e-01 -1.172862648963928223e+00 -1.317844271659851074e+00 -1.470187425613403320e+00 -1.398944020271301270e+00 -1.361241102218627930e+00 -1.381654858589172363e+00 -1.515010118484497070e+00 -1.373246431350708008e+00 -1.522088646888732910e+00 -1.528607726097106934e+00 -1.639962673187255859e+00 -1.545821309089660645e+00 -1.724081516265869141e+00 -1.718285322189331055e+00 -1.519640922546386719e+00 -1.345350980758666992e+00 -1.364554286003112793e+00 -1.254738569259643555e+00 -4.468749165534973145e-01 2.169789522886276245e-01 7.219953536987304688e-01 9.912498593330383301e-01 7.721561789512634277e-01 1.257300972938537598e+00 1.594518899917602539e+00 1.599865794181823730e+00 1.651114225387573242e+00 1.901490569114685059e+00 1.700746536254882812e+00 1.811417937278747559e+00 2.019986391067504883e+00 2.153204441070556641e+00 2.138323783874511719e+00 2.341465234756469727e+00 2.300040721893310547e+00 2.135434150695800781e+00 2.536927938461303711e+00 2.551792621612548828e+00 2.635370492935180664e+00 2.620523929595947266e+00 2.538598537445068359e+00 2.477176189422607422e+00 2.454016685485839844e+00 2.426494598388671875e+00 2.613764047622680664e+00 2.587432861328125000e+00 2.221093654632568359e+00 2.505205154418945312e+00
8.495619297027587891e-01 8.977839350700378418e-01 1.135457515716552734e+00 8.310109376907348633e-01 6.874996423721313477e-01 8.361980319023132324e-02 -8.116898536682128906e-01 -1.000086665153503418e+00 -1.200521230697631836e+00 -9.352731704711914062e-01 -4.430853128433227539e-01 -5.201652646064758301e-01 -4.557648301124572754e-01 -6.816982030868530273e-01 -7.704765796661376953e-01 -9.720350503921508789e-01 -1.369750142097473145e+00 -1.471427083015441895e+00 -1.727967739105224609e+00 -1.395707726478576660e+00 -1.387138962745666504e+00 -1.367200136184692383e+00 -1.487563133239746094e+00 -1.572096586227416992e+00 -1.507108926773071289e+00 -1.544860363006591797e+00 -1.589830279350280762e+00 -1.490894913673400879e+00 -1.746691226959228516e+00 -1.608376741409301758e+00 -1.632609844207763672e+00 -1.382709622383117676e+00 -1.338766217231750488e+00 -1.149810433387756348e+00 -4.964969754219055176e-01 2.999439835548400879e-01 5.020610094070434570e-01 6.329177618026733398e-01 7.041013836860656738e-01 9.107071161270141602e-01 1.241427779197692871e+00 1.359559178352355957e+00 1.477649331092834473e+00 1.669554471969604492e+00 1.636808753013610840e+00 1.519114017486572266e+00 1.725033044815063477e+00 2.204522132873535156e+00 2.068293094635009766e+00 1.964281201362609863e+00 2.034788608551025391e+00 2.339206933975219727e+00 2.473825454711914062e+00 2.585337162017822266e+00 2.792244672775268555e+00 2.665373325347900391e+00 2.435065507888793945e+00 2.553111553192138672e+00 2.489928960800170898e+00 2.342981815338134766e+00 2.350932598114013672e+00 2.564815282821655273e+00 2.207059383392333984e+00 2.590479135513305664e+00
8.089731931686401367e-01 5.954442024230957031e-01 1.120115280151367188e+00 6.014305949211120605e-01 3.774720132350921631e-01 -1.492995023727416992e-02 -9.168601036071777344e-01 -1.020964384078979492e+00 -1.114776372909545898e+00 -1.024056315422058105e+00 -8.521552085876464844e-01 -6.535793542861938477e-01 -5.989805459976196289e-01 -8.918783664703369141e-01 -8.456419706344604492e-01 -1.122023940086364746e+00 -1.348871111869812012e+00 -1.432354331016540527e+00 -1.684381008148193359e+00 -1.478246331214904785e+00 -1.434661030769348145e+00 -1.340537786483764648e+00 -1.448858022689819336e+00 -1.539430260658264160e+00 -1.547405362129211426e+00 -1.689116954803466797e+00 -1.514980435371398926e+00 -1.408995389938354492e+00 -1.721695184707641602e+00 -1.790667533874511719e+00 -1.818562030792236328e+00 -1.540466308593750000e+00 -1.263697147369384766e+00 -8.857547044754028320e-01 -2.610608339309692383e-01 7.044339179992675781e-02 5.818827152252197266e-01 5.649716854095458984e-01 5.316114425659179688e-01 6.779443025588989258e-01 9.641427993774414062e-01 1.311550021171569824e+00 1.483033299446105957e+00 1.638079285621643066e+00 1.666521430015563965e+00 1.486700534820556641e+00 1.481124162673950195e+00 1.992960929870605469e+00 1.943542480468750000e+00 1.970697164535522461e+00 1.913653373718261719e+00 2.038777589797973633e+00 2.404744386672973633e+00 2.492154836654663086e+00 2.780003309249877930e+00 2.908538579940795898e+00 2.467036485671997070e+00 2.363528966903686523e+00 2.476763725280761719e+00 2.611478090286254883e+00 2.598485708236694336e+00 2.519914150238037109e+00 2.188508033752441406e+00 2.323207378387451172e+00
4.828565120697021484e-01 6.123318076133728027e-01 8.145813345909118652e-01 6.038037538528442383e-01 3.076888918876647949e-01 7.577010989189147949e-02 -7.474256753921508789e-01 -1.042074561119079590e+00 -1.034531950950622559e+00 -8.423230648040771484e-01 -6.158589124679565430e-01 -7.255436182022094727e-01 -7.898511886596679688e-01 -8.687018156051635742e-01 -8.561100959777832031e-01 -1.172601103782653809e+00 -1.441434383392333984e+00 -1.587250828742980957e+00 -1.638924598693847656e+00 -1.521500945091247559e+00 -1.603056430816650391e+00 -1.468071579933166504e+00 -1.401451230049133301e+00 -1.553502321243286133e+00 -1.556333541870117188e+00 -1.625735044479370117e+00 -1.581554055213928223e+00 -1.633695125579833984e+00 -1.817341089248657227e+00 -2.024800539016723633e+00 -1.923750162124633789e+00 -1.577077865600585938e+00 -1.251780629158020020e+00 -1.039777159690856934e+00 -5.181782841682434082e-01 1.494818627834320068e-01 5.437604188919067383e-01 4.370718598365783691e-01 5.008977055549621582e-01 6.246480345726013184e-01 1.026568651199340820e+00 1.331299662590026855e+00 1.486094474792480469e+00 1.552826881408691406e+00 1.576733589172363281e+00 1.584532499313354492e+00 1.413097023963928223e+00 1.456207633018493652e+00 1.765654683113098145e+00 1.895816206932067871e+00 2.127377510070800781e+00 2.211019515991210938e+00 2.273223400115966797e+00 2.416760921478271484e+00 2.601786851882934570e+00 2.692091464996337891e+00 2.678223133087158203e+00 2.520567655563354492e+00 2.344135999679565430e+00 2.363574981689453125e+00 2.492744922637939453e+00 2.346426963806152344e+00 2.341735839843750000e+00 2.541446447372436523e+00
7.284660935401916504e-01 6.871711015701293945e-01 7.529778480529785156e-01 2.911188006401062012e-01 2.518388330936431885e-01 -2.358936071395874023e-01 -7.547907829284667969e-01 -1.011295676231384277e+00 -1.250365734100341797e+00 -9.048391580581665039e-01 -8.504960536956787109e-01 -9.301040172576904297e-01 -9.806188344955444336e-01 -9.229240417480468750e-01 -1.094123840332031250e+00 -1.277400016784667969e+00 -1.482346653938293457e+00 -1.594414114952087402e+00 -1.561705112457275391e+00 -1.440527796745300293e+00 -1.499601960182189941e+00 -1.380642414093017578e+00 -1.430388092994689941e+00 -1.560631871223449707e+00 -1.461304426193237305e+00 -1.634575605392456055e+00 -1.701721668243408203e+00 -1.656303644180297852e+00 -1.718603372573852539e+00 -1.961391687393188477e+00 -2.123420953750610352e+00 -1.870994329452514648e+00 -1.303439021110534668e+00 -1.133049011230468750e+00 -6.596378087997436523e-01 -1.316747069358825684e-01 1.335184872150421143e-01 5.943585038185119629e-01 7.192075848579406738e-01 9.356134533882141113e-01 8.388400077819824219e-01 1.294285535812377930e+00 1.493613123893737793e+00 1.616027474403381348e+00 1.485070466995239258e+00 1.621665596961975098e+00 1.518039107322692871e+00 1.542389154434204102e+00 1.932704806327819824e+00 2.088810682296752930e+00 2.308607101440429688e+00 2.176288604736328125e+00 2.279400348663330078e+00 2.406582593917846680e+00 2.695733308792114258e+00 2.708539485931396484e+00 2.443856954574584961e+00 2.573023319244384766e+00 2.319966077804565430e+00 2.248969078063964844e+00 2.463761568069458008e+00 2.500852584838867188e+00 2.246970653533935547e+00 2.456771135330200195e+00
7.172300219535827637e-01 2.562536895275115967e-01 4.571985006332397461e-01 2.954563200473785400e-01 -1.306142807006835938e-01 -5.570235252380371094e-01 -1.028796553611755371e+00 -1.043895125389099121e+00 -1.182841539382934570e+00 -1.263105511665344238e+00 -7.026497125625610352e-01 -9.845598936080932617e-01 -9.502264261245727539e-01 -1.138764381408691406e+00 -1.182106137275695801e+00 -1.393112182617187500e+00 -1.492871999740600586e+00 -1.458751678466796875e+00 -1.627167701721191406e+00 -1.484341144561767578e+00 -1.529300808906555176e+00 -1.519402146339416504e+00 -1.499960899353027344e+00 -1.477337241172790527e+00 -1.493852138519287109e+00 -1.499823927879333496e+00 -1.636235475540161133e+00 -1.545089364051818848e+00 -1.605969786643981934e+00 -1.753634691238403320e+00 -1.896680355072021484e+00 -1.774776458740234375e+00 -1.442602515220642090e+00 -1.241470694541931152e+00 -7.501411437988281250e-01 -2.631642818450927734e-01 2.070157825946807861e-01 5.228714942932128906e-01 9.858435392379760742e-01 8.161251544952392578e-01 1.176254749298095703e+00 1.322022557258605957e+00 1.433912873268127441e+00 1.632506132125854492e+00 1.518872857093811035e+00 1.763722419738769531e+00 1.752313494682312012e+00 1.453864812850952148e+00 1.726829528808593750e+00 1.633214950561523438e+00 1.778097033500671387e+00 2.109014272689819336e+00 2.454651355743408203e+00 2.388863801956176758e+00 2.459196567535400391e+00 2.534440279006958008e+00 2.339814662933349609e+00 2.349614858627319336e+00 2.285745382308959961e+00 2.298855304718017578e+00 2.308876514434814453e+00 2.299871683120727539e+00 2.472190141677856445e+00 2.474903106689453125e+00
5.453602075576782227e-01 4.693466424942016602e-01 4.750418663024902344e-01 1.535948663949966431e-01 6.208777427673339844e-03 -3.085057735443115234e-01 -6.253228187561035156e-01 -7.760581970214843750e-01 -8.833187818527221680e-01 -8.510074615478515625e-01 -9.709293842315673828e-01 -1.045654058456420898e+00 -1.010405778884887695e+00 -1.252193331718444824e+00 -1.237060070037841797e+00 -1.435936450958251953e+00 -1.519573450088500977e+00 -1.612415075302124023e+00 -1.527577042579650879e+00 -1.503923416137695312e+00 -1.551644921302795410e+00 -1.397031784057617188e+00 -1.664757251739501953e+00 -1.537993311882019043e+00 -1.476826786994934082e+00 -1.629479408264160156e+00 -1.880511045455932617e+00 -1.694836854934692383e+00 -1.835786581039428711e+00 -1.885284662246704102e+00 -1.851939439773559570e+00 -2.029412508010864258e+00 -1.536414504051208496e+00 -1.312206268310546875e+00 -7.246434688568115234e-01 -3.352990746498107910e-01 -2.801263332366943359e-02 5.432058572769165039e-01 1.075492620468139648e+00 8.713684082031250000e-01 9.922493696212768555e-01 1.206773281097412109e+00 1.242119789123535156e+00 1.299169301986694336e+00 1.504946112632751465e+00 1.426926016807556152e+00 1.425514578819274902e+00 1.340179800987243652e+00 1.681056261062622070e+00 1.668775200843811035e+00 2.030126333236694336e+00 1.914034724235534668e+00 2.234741449356079102e+00 2.352910518646240234e+00 2.415350914001464844e+00 2.608069181442260742e+00 2.475531339645385742e+00 2.332324266433715820e+00 1.903227210044860840e+00 2.184951305389404297e+00 2.537704229354858398e+00 2.350625038146972656e+00 2.392190217971801758e+00 2.411321163177490234e+00
8.235749006271362305e-01 5.007619857788085938e-01 5.619301795959472656e-01 2.930619418621063232e-01 -1.264185905456542969e-01 -4.829408526420593262e-01 -8.035306930541992188e-01 -8.817247152328491211e-01 -7.602251768112182617e-01 -8.275161981582641602e-01 -1.049965500831604004e+00 -1.030727982521057129e+00 -1.173565387725830078e+00 -1.291170358657836914e+00 -1.274596214294433594e+00 -1.471848249435424805e+00 -1.594159007072448730e+00 -1.509349822998046875e+00 -1.462190508842468262e+00 -1.486787676811218262e+00 -1.662965297698974609e+00 -1.539804458618164062e+00 -1.529564380645751953e+00 -1.594508051872253418e+00 -1.502889871597290039e+00 -1.711317062377929688e+00 -2.018553256988525391e+00 -2.025703668594360352e+00 -1.891212463378906250e+00 -1.859477281570434570e+00 -1.976100683212280273e+00 -2.086535930633544922e+00 -2.078451156616210938e+00 -1.451193094253540039e+00 -1.409180164337158203e+00 -2.230763435363769531e-01 -2.735398411750793457e-01 7.017337083816528320e-01 1.047139048576354980e+00 7.756063938140869141e-01 8.496739268302917480e-01 1.085682630538940430e+00 1.222115397453308105e+00 1.461715102195739746e+00 1.004567742347717285e+00 1.307672977447509766e+00 1.555543780326843262e+00 1.550070166587829590e+00 1.721360683441162109e+00 1.533085823059082031e+00 1.865181803703308105e+00 1.972368836402893066e+00 2.168201446533203125e+00 2.278357028961181641e+00 2.377448320388793945e+00 2.531233787536621094e+00 2.527513265609741211e+00 2.320856571197509766e+00 2.118649721145629883e+00 2.237705230712890625e+00 2.293406724929809570e+00 2.491862297058105469e+00 2.371885776519775391e+00 2.152994632720947266e+00
6.647695302963256836e-01 3.270061016082763672e-01 8.280557394027709961e-02 1.437602639198303223e-01 -3.674389719963073730e-01 -4.785860180854797363e-01 -6.458808183670043945e-01 -6.322317123413085938e-01 -7.722657918930053711e-01 -1.010048627853393555e+00 -1.001666903495788574e+00 -1.130025267601013184e+00 -1.243359327316284180e+00 -1.333562374114990234e+00 -1.403834104537963867e+00 -1.359069943428039551e+00 -1.509957671165466309e+00 -1.502428054809570312e+00 -1.522099494934082031e+00 -1.470718383789062500e+00 -1.568640470504760742e+00 -1.727274894714355469e+00 -1.732526540756225586e+00 -1.721229076385498047e+00 -1.547792911529541016e+00 -1.927163839340209961e+00 -2.236407041549682617e+00 -2.216087818145751953e+00 -2.111529588699340820e+00 -2.067674875259399414e+00 -2.177354097366333008e+00 -2.220317602157592773e+00 -2.209054946899414062e+00 -1.603447794914245605e+00 -1.562893271446228027e+00 -4.896045327186584473e-01 -4.595577716827392578e-03 8.420485258102416992e-01 8.031787872314453125e-01 9.325634837150573730e-01 9.743207693099975586e-01 8.415803909301757812e-01 1.097245454788208008e+00 1.298868894577026367e+00 1.301271200180053711e+00 1.397392749786376953e+00 1.461475610733032227e+00 1.349057793617248535e+00 1.719371676445007324e+00 1.928147673606872559e+00 1.969305276870727539e+00 2.259172439575195312e+00 2.481721401214599609e+00 2.492374181747436523e+00 2.725513458251953125e+00 2.558627367019653320e+00 2.477907896041870117e+00 2.579684495925903320e+00 2.502720117568969727e+00 2.499942541122436523e+00 2.500446796417236328e+00 2.758894920349121094e+00 2.661029815673828125e+00 2.532822608947753906e+00
5.804638862609863281e-01 2.490359693765640259e-01 -1.022390127182006836e-01 -1.399429440498352051e-01 -7.342278957366943359e-01 -6.839550733566284180e-01 -6.836978197097778320e-01 -6.332724094390869141e-01 -9.460910558700561523e-01 -1.173484325408935547e+00 -1.252720832824707031e+00 -1.160459160804748535e+00 -1.210941672325134277e+00 -1.357886552810668945e+00 -1.417925357818603516e+00 -1.683512687683105469e+00 -1.666006803512573242e+00 -1.510588049888610840e+00 -1.566507697105407715e+00 -1.495283842086791992e+00 -1.452122569084167480e+00 -1.783668279647827148e+00 -1.828968763351440430e+00 -1.892601490020751953e+00 -1.824599266052246094e+00 -1.957911491394042969e+00 -2.131323575973510742e+00 -2.269460678100585938e+00 -2.089884519577026367e+00 -2.088500261306762695e+00 -2.220968961715698242e+00 -2.190006017684936523e+00 -2.114068746566772461e+00 -1.587793827056884766e+00 -1.333504080772399902e+00 -9.854962825775146484e-01 -1.182568669319152832e-01 8.511171340942382812e-01 1.063108921051025391e+00 8.079161643981933594e-01 6.745173931121826172e-01 6.601756811141967773e-01 8.361043930053710938e-01 9.364421367645263672e-01 1.103314161300659180e+00 1.170316457748413086e+00 1.350128531455993652e+00 1.358212947845458984e+00 1.587975621223449707e+00 1.974107742309570312e+00 2.085487127304077148e+00 2.305837154388427734e+00 2.160131931304931641e+00 2.478306293487548828e+00 2.599270820617675781e+00 2.612521409988403320e+00 2.594188451766967773e+00 2.653548240661621094e+00 2.366919994354248047e+00 2.592804908752441406e+00 2.245530366897583008e+00 2.626386642456054688e+00 2.389754772186279297e+00 2.306833267211914062e+00
3.680014908313751221e-01 1.966194510459899902e-01 -1.045281887054443359e-01 -2.694398164749145508e-03 -6.602547168731689453e-01 -8.228663206100463867e-01 -9.670619964599609375e-01 -8.684698343276977539e-01 -1.057371973991394043e+00 -1.196369051933288574e+00 -1.283574819564819336e+00 -1.356404662132263184e+00 -1.390217304229736328e+00 -1.486592292785644531e+00 -1.402114748954772949e+00 -1.438970208168029785e+00 -1.579814791679382324e+00 -1.594503402709960938e+00 -1.658858299255371094e+00 -1.696742296218872070e+00 -1.723478317260742188e+00 -1.800042629241943359e+00 -1.845594644546508789e+00 -1.944584608078002930e+00 -1.783134222030639648e+00 -1.844308137893676758e+00 -2.015808820724487305e+00 -2.185225486755371094e+00 -2.144484758377075195e+00 -2.185618162155151367e+00 -2.366196155548095703e+00 -2.178241729736328125e+00 -2.127637147903442383e+00 -1.786287069320678711e+00 -1.473517656326293945e+00 -8.725917339324951172e-01 -4.937843680381774902e-01 5.839580297470092773e-01 1.222414612770080566e+00 8.675494194030761719e-01 9.757569432258605957e-01 9.750924706459045410e-01 7.924292087554931641e-01 6.401697993278503418e-01 8.282781243324279785e-01 1.069149017333984375e+00 1.444564580917358398e+00 1.494411826133728027e+00 1.599210381507873535e+00 1.866299271583557129e+00 2.127819538116455078e+00 1.973372936248779297e+00 2.153612375259399414e+00 2.404844760894775391e+00 2.528845310211181641e+00 2.522408962249755859e+00 2.465219736099243164e+00 2.413528442382812500e+00 2.387995243072509766e+00 2.533778429031372070e+00 2.443777561187744141e+00 2.669022560119628906e+00 2.720288276672363281e+00 2.519454240798950195e+00
2.923026382923126221e-01 2.642766833305358887e-01 5.817922949790954590e-02 -3.481898903846740723e-01 -8.147877454757690430e-01 -8.492977619171142578e-01 -1.046021461486816406e+00 -7.835520505905151367e-01 -1.186476469039916992e+00 -1.274154067039489746e+00 -1.410675168037414551e+00 -1.382717132568359375e+00 -1.222484469413757324e+00 -1.432310342788696289e+00 -1.481717944145202637e+00 -1.336972832679748535e+00 -1.359419226646423340e+00 -1.586244106292724609e+00 -1.727447032928466797e+00 -1.705045223236083984e+00 -1.713068008422851562e+00 -1.844146251678466797e+00 -1.743164062500000000e+00 -1.792283773422241211e+00 -1.952272653579711914e+00 -1.948622703552246094e+00 -2.071519613265991211e+00 -2.145550012588500977e+00 -2.234940052032470703e+00 -2.131601333618164062e+00 -2.325680255889892578e+00 -2.130912780761718750e+00 -2.215316295623779297e+00 -1.680248975753784180e+00 -1.510104298591613770e+00 -1.023114919662475586e+00 -3.732925057411193848e-01 4.448868930339813232e-01 1.000741243362426758e+00 9.782521724700927734e-01 7.886412143707275391e-01 5.974215269088745117e-01 7.796301841735839844e-01 6.093906760215759277e-01 7.783207893371582031e-01 1.168906450271606445e+00 1.374991297721862793e+00 1.612821578979492188e+00 1.651581287384033203e+00 1.980920433998107910e+00 1.707098722457885742e+00 2.198065280914306641e+00 2.170131683349609375e+00 2.071539878845214844e+00 2.380578041076660156e+00 2.481545686721801758e+00 2.493995428085327148e+00 2.277646064758300781e+00 2.502398967742919922e+00 2.467029809951782227e+00 2.609272718429565430e+00 2.589415311813354492e+00 2.614752292633056641e+00 2.685037612915039062e+00
1.101383268833160400e-01 -1.055225729942321777e-02 -2.610529065132141113e-01 -2.874779701232910156e-01 -6.404559612274169922e-01 -7.594931125640869141e-01 -9.577717781066894531e-01 -9.436595439910888672e-01 -1.230929970741271973e+00 -1.152024030685424805e+00 -1.394997596740722656e+00 -1.370800971984863281e+00 -1.414763092994689941e+00 -1.552955865859985352e+00 -1.408418774604797363e+00 -1.408746957778930664e+00 -1.588904500007629395e+00 -1.486161828041076660e+00 -1.637048006057739258e+00 -1.545576453208923340e+00 -1.724403858184814453e+00 -1.729439496994018555e+00 -1.745319366455078125e+00 -1.972390174865722656e+00 -1.996150732040405273e+00 -1.927985906600952148e+00 -2.018044233322143555e+00 -2.076628923416137695e+00 -2.261412620544433594e+00 -2.324839353561401367e+00 -2.428737640380859375e+00 -2.176117181777954102e+00 -2.189171552658081055e+00 -1.975048065185546875e+00 -1.562860846519470215e+00 -9.049054384231567383e-01 -3.830067515373229980e-01 3.218599557876586914e-01 9.821140170097351074e-01 9.518856406211853027e-01 9.712650775909423828e-01 8.549137115478515625e-01 6.963077783584594727e-01 1.053472161293029785e+00 9.927023053169250488e-01 1.157274484634399414e+00 1.559857845306396484e+00 1.641529440879821777e+00 1.512833714485168457e+00 2.131881237030029297e+00 2.092195749282836914e+00 2.029166221618652344e+00 2.282013416290283203e+00 2.024903774261474609e+00 2.358608722686767578e+00 2.395849704742431641e+00 2.232291460037231445e+00 2.275607109069824219e+00 2.452302455902099609e+00 2.766057252883911133e+00 2.895474672317504883e+00 2.709469556808471680e+00 2.978344440460205078e+00 2.522536993026733398e+00
1.608942449092864990e-01 1.289079189300537109e-01 -1.502754092216491699e-01 -4.102647900581359863e-01 -6.333698034286499023e-01 -8.032031059265136719e-01 -9.560965299606323242e-01 -1.020334482192993164e+00 -1.175649523735046387e+00 -1.385645985603332520e+00 -1.450806736946105957e+00 -1.627512931823730469e+00 -1.564545392990112305e+00 -1.509254932403564453e+00 -1.520449519157409668e+00 -1.439658880233764648e+00 -1.634606122970581055e+00 -1.475348472595214844e+00 -1.571181297302246094e+00 -1.554312944412231445e+00 -1.639753818511962891e+00 -1.554180383682250977e+00 -1.889444589614868164e+00 -2.026516437530517578e+00 -2.104058980941772461e+00 -2.101253986358642578e+00 -2.199107885360717773e+00 -2.060026645660400391e+00 -2.272891998291015625e+00 -2.450603008270263672e+00 -2.334360837936401367e+00 -2.285074472427368164e+00 -2.288459062576293945e+00 -1.825268507003784180e+00 -1.447438001632690430e+00 -6.531467437744140625e-01 -3.984081745147705078e-01 -1.340717077255249023e-01 8.617641925811767578e-01 1.087802529335021973e+00 1.045115232467651367e+00 1.348675251007080078e+00 9.052851796150207520e-01 9.349618554115295410e-01 1.303683280944824219e+00 1.435712933540344238e+00 1.530465006828308105e+00 1.733397245407104492e+00 1.671018242835998535e+00 1.797582983970642090e+00 2.131023168563842773e+00 1.868062615394592285e+00 1.815370440483093262e+00 1.945377588272094727e+00 2.632314920425415039e+00 2.435282230377197266e+00 2.344659090042114258e+00 2.282962799072265625e+00 2.367822647094726562e+00 2.747600793838500977e+00 2.834375381469726562e+00 2.678657770156860352e+00 2.869557857513427734e+00 2.545321464538574219e+00
2.758023738861083984e-01 1.078325510025024414e-02 -3.367540240287780762e-01 -4.749461412429809570e-01 -7.315089702606201172e-01 -8.416748046875000000e-01 -8.763630390167236328e-01 -9.982452392578125000e-01 -1.197463393211364746e+00 -1.402967691421508789e+00 -1.712605476379394531e+00 -1.425147294998168945e+00 -1.539239883422851562e+00 -1.496523618698120117e+00 -1.588906407356262207e+00 -1.429576754570007324e+00 -1.608741044998168945e+00 -1.715186595916748047e+00 -1.728515625000000000e+00 -1.574844360351562500e+00 -1.717727661132812500e+00 -1.833041191101074219e+00 -1.968398809432983398e+00 -2.032401800155639648e+00 -2.072246551513671875e+00 -2.096534967422485352e+00 -2.080163717269897461e+00 -2.351084947586059570e+00 -2.357784986495971680e+00 -2.359120368957519531e+00 -2.514788389205932617e+00 -2.306499481201171875e+00 -2.191608667373657227e+00 -1.859244585037231445e+00 -1.442479610443115234e+00 -7.545763254165649414e-01 -5.037158131599426270e-01 -4.460005760192871094e-01 6.058092117309570312e-01 9.817827343940734863e-01 8.936118483543395996e-01 1.085723161697387695e+00 1.193662762641906738e+00 1.163704872131347656e+00 1.519369125366210938e+00 1.242192983627319336e+00 1.751490235328674316e+00 1.713112592697143555e+00 1.336458206176757812e+00 1.857163548469543457e+00 1.840484619140625000e+00 2.077525138854980469e+00 2.006264209747314453e+00 2.088819026947021484e+00 2.428004264831542969e+00 2.121127367019653320e+00 2.259945869445800781e+00 2.144521713256835938e+00 2.352226495742797852e+00 2.595182180404663086e+00 2.542336225509643555e+00 2.776290416717529297e+00 2.836727380752563477e+00 2.546916961669921875e+00
4.493323564529418945e-01 9.202566742897033691e-02 -5.983656644821166992e-01 -6.628115177154541016e-01 -7.007876634597778320e-01 -8.809529542922973633e-01 -9.255607128143310547e-01 -1.093376994132995605e+00 -1.202265262603759766e+00 -1.452750325202941895e+00 -1.631785392761230469e+00 -1.410192728042602539e+00 -1.456504821777343750e+00 -1.538543581962585449e+00 -1.565291404724121094e+00 -1.568969964981079102e+00 -1.698619127273559570e+00 -1.832424402236938477e+00 -1.855741739273071289e+00 -1.696491003036499023e+00 -1.737019062042236328e+00 -1.980022192001342773e+00 -2.095780849456787109e+00 -2.199154376983642578e+00 -2.091436147689819336e+00 -2.229605436325073242e+00 -2.187595844268798828e+00 -2.382015466690063477e+00 -2.420964717864990234e+00 -2.386003494262695312e+00 -2.571603298187255859e+00 -2.416525125503540039e+00 -2.168176174163818359e+00 -1.803496360778808594e+00 -1.543525218963623047e+00 -7.692292928695678711e-01 -7.781947851181030273e-01 -5.206440687179565430e-01 2.333298176527023315e-01 7.667297124862670898e-01 9.839367866516113281e-01 8.805108070373535156e-01 1.305213809013366699e+00 1.225687026977539062e+00 1.265532493591308594e+00 1.326368808746337891e+00 1.527582883834838867e+00 1.499962687492370605e+00 1.202137351036071777e+00 1.449250221252441406e+00 1.744509220123291016e+00 1.876599073410034180e+00 2.177181720733642578e+00 2.196749210357666016e+00 2.395129442214965820e+00 2.227444171905517578e+00 1.877630233764648438e+00 1.957862973213195801e+00 2.119604110717773438e+00 2.506038188934326172e+00 2.513544082641601562e+00 2.740859985351562500e+00 2.681660413742065430e+00 2.572490453720092773e+00
5.616138577461242676e-01 9.531751275062561035e-02 -3.834639787673950195e-01 -5.396817326545715332e-01 -5.899119377136230469e-01 -8.074719905853271484e-01 -1.081008791923522949e+00 -1.025613307952880859e+00 -1.224148631095886230e+00 -1.459106802940368652e+00 -1.703297138214111328e+00 -1.318555474281311035e+00 -1.292527556419372559e+00 -1.204893469810485840e+00 -1.589245676994323730e+00 -1.709822654724121094e+00 -1.760724306106567383e+00 -1.801426172256469727e+00 -1.902465105056762695e+00 -1.919924259185791016e+00 -1.889127969741821289e+00 -1.948642015457153320e+00 -2.031517267227172852e+00 -2.100535154342651367e+00 -2.209835052490234375e+00 -2.137605905532836914e+00 -2.260589838027954102e+00 -2.476574897766113281e+00 -2.369792938232421875e+00 -2.447007179260253906e+00 -2.591622591018676758e+00 -2.470080137252807617e+00 -2.061471700668334961e+00 -1.950456380844116211e+00 -1.497815489768981934e+00 -7.743428945541381836e-01 -5.569173693656921387e-01 -3.336088657379150391e-01 9.539037942886352539e-02 6.466491222381591797e-01 7.408760190010070801e-01 7.524008750915527344e-01 9.270446300506591797e-01 9.227114915847778320e-01 1.318944454193115234e+00 1.445469379425048828e+00 1.389438509941101074e+00 1.424818396568298340e+00 1.387911081314086914e+00 1.704980969429016113e+00 2.145882844924926758e+00 1.845296859741210938e+00 1.678706169128417969e+00 1.956856608390808105e+00 2.145328044891357422e+00 2.016277313232421875e+00 1.923382163047790527e+00 1.941293597221374512e+00 1.941297531127929688e+00 2.317751646041870117e+00 2.576855897903442383e+00 2.380894184112548828e+00 2.357929944992065430e+00 2.279080867767333984e+00
2.836376726627349854e-01 1.131812334060668945e-01 -4.733003973960876465e-01 -4.835056066513061523e-01 -6.245119571685791016e-01 -9.202231168746948242e-01 -9.984443187713623047e-01 -1.012646675109863281e+00 -1.228444814682006836e+00 -1.483669161796569824e+00 -1.457353234291076660e+00 -1.321247935295104980e+00 -1.303563237190246582e+00 -1.351086735725402832e+00 -1.406961441040039062e+00 -1.716511964797973633e+00 -1.641563892364501953e+00 -1.728708744049072266e+00 -1.776612281799316406e+00 -1.782121181488037109e+00 -1.832552194595336914e+00 -1.959234476089477539e+00 -1.978654861450195312e+00 -2.076049327850341797e+00 -2.109622001647949219e+00 -2.027686357498168945e+00 -2.067385196685791016e+00 -2.256901264190673828e+00 -2.355943441390991211e+00 -2.488908767700195312e+00 -2.609414339065551758e+00 -2.683544874191284180e+00 -2.172420740127563477e+00 -2.035191297531127930e+00 -1.620048046112060547e+00 -1.124457478523254395e+00 -6.689686775207519531e-01 -3.067268729209899902e-01 2.593843340873718262e-01 4.576212763786315918e-01 7.250121831893920898e-01 8.684381842613220215e-01 8.644086122512817383e-01 5.612007975578308105e-01 7.978636026382446289e-01 1.597719192504882812e+00 1.553803205490112305e+00 1.522003769874572754e+00 1.787892818450927734e+00 1.647065997123718262e+00 1.817939877510070801e+00 1.940760731697082520e+00 1.955663084983825684e+00 2.024306297302246094e+00 2.148749589920043945e+00 2.055418491363525391e+00 2.027070522308349609e+00 1.811973810195922852e+00 1.814335465431213379e+00 2.245871067047119141e+00 2.364008903503417969e+00 2.355545520782470703e+00 2.511167526245117188e+00 2.283383369445800781e+00
3.205099105834960938e-01 -9.026417136192321777e-02 -2.861580252647399902e-01 -6.164851188659667969e-01 -6.925745010375976562e-01 -1.024663448333740234e+00 -1.109643459320068359e+00 -1.027217745780944824e+00 -1.275245070457458496e+00 -1.486818194389343262e+00 -1.665500879287719727e+00 -1.396375417709350586e+00 -1.506597042083740234e+00 -1.445175409317016602e+00 -1.632163524627685547e+00 -1.513282060623168945e+00 -1.744931459426879883e+00 -1.894584894180297852e+00 -1.728421449661254883e+00 -1.929193496704101562e+00 -2.041895866394042969e+00 -2.000575065612792969e+00 -2.036512374877929688e+00 -2.092354536056518555e+00 -2.154597759246826172e+00 -1.980727672576904297e+00 -2.104659080505371094e+00 -2.291488885879516602e+00 -2.276716232299804688e+00 -2.544678449630737305e+00 -2.500087261199951172e+00 -2.695549964904785156e+00 -2.158154249191284180e+00 -1.861361503601074219e+00 -1.580625534057617188e+00 -9.680852890014648438e-01 -4.012967944145202637e-01 -2.114747762680053711e-01 5.197649002075195312e-01 5.946114659309387207e-01 8.040175437927246094e-01 1.011121869087219238e+00 6.864401102066040039e-01 8.049488067626953125e-01 1.174547672271728516e+00 1.296953678131103516e+00 1.415488004684448242e+00 1.037595987319946289e+00 1.697793364524841309e+00 1.727334976196289062e+00 1.761823058128356934e+00 2.173404932022094727e+00 2.097150802612304688e+00 2.018322944641113281e+00 2.321325540542602539e+00 2.256844043731689453e+00 1.913636326789855957e+00 1.944154620170593262e+00 1.715686559677124023e+00 2.089792728424072266e+00 2.185140132904052734e+00 2.543895006179809570e+00 2.310264110565185547e+00 2.308017253875732422e+00
3.901892006397247314e-01 -2.018867731094360352e-01 -5.717170834541320801e-01 -7.139987945556640625e-01 -8.657478094100952148e-01 -1.043792963027954102e+00 -1.114091396331787109e+00 -1.107492566108703613e+00 -9.358897209167480469e-01 -1.426368474960327148e+00 -1.436746239662170410e+00 -1.619833230972290039e+00 -1.511937618255615234e+00 -1.639505386352539062e+00 -1.468701362609863281e+00 -1.643417358398437500e+00 -1.774021148681640625e+00 -1.762975931167602539e+00 -1.793370962142944336e+00 -1.912045001983642578e+00 -1.903430223464965820e+00 -1.953187465667724609e+00 -1.996859312057495117e+00 -1.950497150421142578e+00 -2.164767742156982422e+00 -2.104681491851806641e+00 -2.162973165512084961e+00 -2.250982522964477539e+00 -2.220119953155517578e+00 -2.467238903045654297e+00 -2.365345001220703125e+00 -2.499454736709594727e+00 -2.245679855346679688e+00 -2.091132164001464844e+00 -1.446011066436767578e+00 -1.049221277236938477e+00 -4.112843871116638184e-01 8.978155255317687988e-02 4.812455177307128906e-01 4.800331890583038330e-01 5.420451164245605469e-01 4.538381099700927734e-01 5.604096055030822754e-01 7.989990711212158203e-01 1.039376854896545410e+00 1.375379800796508789e+00 1.234514236450195312e+00 1.187475919723510742e+00 1.396786093711853027e+00 1.607291579246520996e+00 1.600482463836669922e+00 2.035357475280761719e+00 2.122551918029785156e+00 2.259257793426513672e+00 2.239945650100708008e+00 2.323527812957763672e+00 2.136052131652832031e+00 1.928857564926147461e+00 2.000322818756103516e+00 2.291257381439208984e+00 2.426351308822631836e+00 2.337262868881225586e+00 2.199818134307861328e+00 2.011335849761962891e+00
-1.051255762577056885e-01 -1.455638408660888672e-01 -7.174803018569946289e-01 -8.012925386428833008e-01 -9.217176437377929688e-01 -1.236728191375732422e+00 -1.236835360527038574e+00 -1.172136068344116211e+00 -1.283928155899047852e+00 -1.460126996040344238e+00 -1.630402326583862305e+00 -1.633059263229370117e+00 -1.561370372772216797e+00 -1.540011048316955566e+00 -1.466013073921203613e+00 -1.604130148887634277e+00 -1.656540393829345703e+00 -1.721189975738525391e+00 -1.760030508041381836e+00 -1.832547187805175781e+00 -1.914234638214111328e+00 -2.031860113143920898e+00 -2.113729953765869141e+00 -1.941931486129760742e+00 -1.994044542312622070e+00 -2.042235374450683594e+00 -2.084485054016113281e+00 -2.223655700683593750e+00 -2.289812803268432617e+00 -2.295594930648803711e+00 -2.379299402236938477e+00 -2.356146335601806641e+00 -2.285984277725219727e+00 -2.101994752883911133e+00 -1.481477022171020508e+00 -1.071117520332336426e+00 -2.543699145317077637e-01 1.160074174404144287e-01 5.981987118721008301e-01 5.829403996467590332e-01 8.267331123352050781e-01 6.427150368690490723e-01 6.828774213790893555e-01 9.214949011802673340e-01 1.269637823104858398e+00 1.167888164520263672e+00 8.128706216812133789e-01 7.513419389724731445e-01 1.790002703666687012e+00 1.753656744956970215e+00 2.024725914001464844e+00 2.222769498825073242e+00 2.374561786651611328e+00 2.544967889785766602e+00 2.365360260009765625e+00 2.435227155685424805e+00 2.294550895690917969e+00 2.320189476013183594e+00 2.262026786804199219e+00 2.382355690002441406e+00 2.372849225997924805e+00 2.319171905517578125e+00 2.325748920440673828e+00 2.290747880935668945e+00
-9.746500849723815918e-02 -3.502323031425476074e-01 -6.007561683654785156e-01 -7.522149085998535156e-01 -9.444149732589721680e-01 -1.131141066551208496e+00 -1.198205471038818359e+00 -1.196973323822021484e+00 -1.148498654365539551e+00 -1.633471727371215820e+00 -1.644303560256958008e+00 -1.577648997306823730e+00 -1.555976033210754395e+00 -1.486387848854064941e+00 -1.569185376167297363e+00 -1.523131489753723145e+00 -1.619525671005249023e+00 -1.799547672271728516e+00 -1.795107126235961914e+00 -1.869348526000976562e+00 -2.153573513031005859e+00 -2.080489873886108398e+00 -2.015564918518066406e+00 -2.050600290298461914e+00 -1.956283092498779297e+00 -2.068892717361450195e+00 -2.216860055923461914e+00 -2.291486501693725586e+00 -2.326237440109252930e+00 -2.270498991012573242e+00 -2.388854503631591797e+00 -2.376240015029907227e+00 -2.283150911331176758e+00 -2.107978105545043945e+00 -1.781800746917724609e+00 -1.170655488967895508e+00 -1.768611669540405273e-01 2.948942780494689941e-02 6.651800870895385742e-01 8.898395299911499023e-01 7.795997858047485352e-01 6.508445739746093750e-01 7.124047279357910156e-01 1.208103179931640625e+00 1.354800105094909668e+00 1.210757613182067871e+00 1.177294850349426270e+00 1.179886579513549805e+00 1.310102462768554688e+00 1.875519037246704102e+00 2.009939908981323242e+00 2.254711866378784180e+00 2.528814554214477539e+00 2.440832138061523438e+00 2.270483493804931641e+00 2.561008930206298828e+00 2.495711326599121094e+00 2.132292270660400391e+00 2.488552808761596680e+00 2.261097908020019531e+00 2.140646934509277344e+00 2.416680812835693359e+00 2.299440383911132812e+00 2.306851625442504883e+00
-2.529233694076538086e-01 -2.131016850471496582e-01 -8.216005563735961914e-01 -7.453936338424682617e-01 -8.944513797760009766e-01 -1.225583195686340332e+00 -1.404874801635742188e+00 -1.235630631446838379e+00 -1.341233015060424805e+00 -1.622119188308715820e+00 -1.769047737121582031e+00 -1.653720855712890625e+00 -1.687788963317871094e+00 -1.619699239730834961e+00 -1.766043424606323242e+00 -1.764795303344726562e+00 -1.934872865676879883e+00 -2.014466047286987305e+00 -1.835034132003784180e+00 -1.858048677444458008e+00 -2.102531194686889648e+00 -2.343558311462402344e+00 -2.272684812545776367e+00 -2.063794612884521484e+00 -2.006078243255615234e+00 -2.054078578948974609e+00 -2.107456922531127930e+00 -2.201269388198852539e+00 -2.281228542327880859e+00 -2.168307542800903320e+00 -2.271748781204223633e+00 -2.189479112625122070e+00 -2.264198064804077148e+00 -2.230447292327880859e+00 -1.592439413070678711e+00 -1.230612635612487793e+00 -4.030681252479553223e-01 3.031304776668548584e-01 7.160124778747558594e-01 9.625968933105468750e-01 1.091422557830810547e+00 7.042129039764404297e-01 8.545216321945190430e-01 1.169447541236877441e+00 1.389057874679565430e+00 1.524057984352111816e+00 1.487595438957214355e+00 1.165609598159790039e+00 1.238119602203369141e+00 1.921681761741638184e+00 2.046562910079956055e+00 2.150465726852416992e+00 2.414839029312133789e+00 2.504099607467651367e+00 2.327689170837402344e+00 2.256381034851074219e+00 2.169097423553466797e+00 2.260267257690429688e+00 2.476879835128784180e+00 2.216222524642944336e+00 2.556136369705200195e+00 2.246706485748291016e+00 2.360972881317138672e+00 2.502377033233642578e+00
1.005190908908843994e-01 -1.015629172325134277e-01 -8.900117874145507812e-02 -5.813717842102050781e-01 -7.150698900222778320e-01 -1.126965522766113281e+00 -1.121882081031799316e+00 -1.038781285285949707e+00 -1.256218910217285156e+00 -1.550333857536315918e+00 -1.567981958389282227e+00 -1.473483920097351074e+00 -1.695721864700317383e+00 -1.699533700942993164e+00 -1.530728220939636230e+00 -1.796683788299560547e+00 -1.857017517089843750e+00 -1.889426469802856445e+00 -1.870576858520507812e+00 -2.064572811126708984e+00 -2.110873699188232422e+00 -2.174021482467651367e+00 -2.160125732421875000e+00 -2.052019357681274414e+00 -2.223438501358032227e+00 -2.182027578353881836e+00 -2.268085241317749023e+00 -2.223623275756835938e+00 -2.342504501342773438e+00 -2.374811649322509766e+00 -2.126439094543457031e+00 -2.219324588775634766e+00 -2.341624021530151367e+00 -2.396523714065551758e+00 -1.784418106079101562e+00 -1.322839736938476562e+00 -3.846905231475830078e-01 8.320769667625427246e-02 4.897322356700897217e-01 8.585940003395080566e-01 9.271677136421203613e-01 9.046348333358764648e-01 8.884453773498535156e-01 1.007968902587890625e+00 1.492697596549987793e+00 1.239374637603759766e+00 1.365135431289672852e+00 1.432047963142395020e+00 1.469263315200805664e+00 1.829118371009826660e+00 1.864710330963134766e+00 2.217048168182373047e+00 2.356246232986450195e+00 2.380913257598876953e+00 2.359685420989990234e+00 2.284621953964233398e+00 2.168198108673095703e+00 2.152670860290527344e+00 2.274821281433105469e+00 2.254120588302612305e+00 2.289738655090332031e+00 2.252471446990966797e+00 2.349434375762939453e+00 2.419826507568359375e+00
3.127268552780151367e-01 1.550290584564208984e-01 -2.540689706802368164e-01 -4.881165027618408203e-01 -6.484404802322387695e-01 -9.387021064758300781e-01 -8.155413866043090820e-01 -1.158672690391540527e+00 -1.313272118568420410e+00 -1.495252966880798340e+00 -1.532779335975646973e+00 -1.494054079055786133e+00 -1.629889726638793945e+00 -1.590308189392089844e+00 -1.654626131057739258e+00 -1.757180452346801758e+00 -1.792018413543701172e+00 -1.977648973464965820e+00 -1.925395250320434570e+00 -1.956709861755371094e+00 -1.956887960433959961e+00 -1.979417800903320312e+00 -2.123592376708984375e+00 -2.234253406524658203e+00 -2.122198820114135742e+00 -2.025045871734619141e+00 -2.188380002975463867e+00 -2.186696290969848633e+00 -2.336083889007568359e+00 -2.286593437194824219e+00 -2.334840774536132812e+00 -2.229193210601806641e+00 -2.368355989456176758e+00 -2.299625873565673828e+00 -1.896538496017456055e+00 -1.460705995559692383e+00 -7.601970434188842773e-01 -1.224095225334167480e-01 8.870592713356018066e-02 7.173875570297241211e-01 8.729189634323120117e-01 7.612347602844238281e-01 8.577136993408203125e-01 1.331677675247192383e+00 1.493922472000122070e+00 1.131127595901489258e+00 1.037352919578552246e+00 1.232094049453735352e+00 1.274226903915405273e+00 1.955708622932434082e+00 2.076887130737304688e+00 2.295720577239990234e+00 2.591520786285400391e+00 2.384896755218505859e+00 2.220987796783447266e+00 2.332675457000732422e+00 2.111807346343994141e+00 2.063205242156982422e+00 2.130627632141113281e+00 2.472535848617553711e+00 2.411682367324829102e+00 2.285290718078613281e+00 2.320919990539550781e+00 2.392282485961914062e+00
8.269411325454711914e-02 1.348721385002136230e-01 -2.327447533607482910e-01 -6.271268129348754883e-01 -6.194620132446289062e-01 -8.270252943038940430e-01 -7.545499801635742188e-01 -9.389945268630981445e-01 -1.356325149536132812e+00 -1.630015850067138672e+00 -1.659338951110839844e+00 -1.564890265464782715e+00 -1.546972036361694336e+00 -1.774848937988281250e+00 -1.492688536643981934e+00 -1.751644134521484375e+00 -1.798306465148925781e+00 -1.835934162139892578e+00 -1.663122415542602539e+00 -2.059835195541381836e+00 -1.949967384338378906e+00 -1.926675319671630859e+00 -2.159403324127197266e+00 -2.128986597061157227e+00 -2.009579658508300781e+00 -2.049501895904541016e+00 -2.206915140151977539e+00 -2.238819599151611328e+00 -2.282420158386230469e+00 -2.333830118179321289e+00 -2.418002605438232422e+00 -2.327840566635131836e+00 -2.220000505447387695e+00 -2.223975658416748047e+00 -1.858528614044189453e+00 -1.496108174324035645e+00 -9.569783210754394531e-01 -2.510945200920104980e-01 9.489136934280395508e-02 4.204983711242675781e-01 6.586209535598754883e-01 4.444597363471984863e-01 9.215469956398010254e-01 1.019205808639526367e+00 1.475648760795593262e+00 1.217912673950195312e+00 9.834877848625183105e-01 1.376055359840393066e+00 1.342561125755310059e+00 1.630163192749023438e+00 1.841022014617919922e+00 2.155378341674804688e+00 2.132831335067749023e+00 2.257205963134765625e+00 2.146275281906127930e+00 2.186140060424804688e+00 2.126831531524658203e+00 2.331803321838378906e+00 2.107254028320312500e+00 2.295500755310058594e+00 2.510372400283813477e+00 2.144873142242431641e+00 2.086244583129882812e+00 2.062134742736816406e+00
3.665305674076080322e-01 1.978668570518493652e-01 -1.737493276596069336e-01 -5.269511938095092773e-01 -7.353646755218505859e-01 -8.999764919281005859e-01 -8.809751272201538086e-01 -1.158317089080810547e+00 -1.113873720169067383e+00 -1.721466302871704102e+00 -1.422034025192260742e+00 -1.622990846633911133e+00 -1.617382287979125977e+00 -1.865293502807617188e+00 -1.688406944274902344e+00 -1.792520284652709961e+00 -1.855841159820556641e+00 -1.887459039688110352e+00 -1.772085428237915039e+00 -1.974037408828735352e+00 -1.967781066894531250e+00 -2.021569490432739258e+00 -2.174507379531860352e+00 -2.281687498092651367e+00 -2.263198375701904297e+00 -2.110055208206176758e+00 -2.233377933502197266e+00 -2.210649013519287109e+00 -2.333393812179565430e+00 -2.355527877807617188e+00 -2.388484001159667969e+00 -2.382738828659057617e+00 -2.167597770690917969e+00 -2.249269247055053711e+00 -2.074047565460205078e+00 -1.511915326118469238e+00 -1.079254508018493652e+00 -7.120735645294189453e-01 3.187774121761322021e-01 4.113231897354125977e-01 3.182993233203887939e-01 4.480019211769104004e-01 7.774654626846313477e-01 9.712887406349182129e-01 1.381341457366943359e+00 1.244556188583374023e+00 1.292302846908569336e+00 1.271493792533874512e+00 1.614734649658203125e+00 1.532577753067016602e+00 1.878780007362365723e+00 2.295546054840087891e+00 2.136473178863525391e+00 2.066918849945068359e+00 1.958907008171081543e+00 1.950590133666992188e+00 2.179789066314697266e+00 2.265064716339111328e+00 2.344631910324096680e+00 2.348182439804077148e+00 2.458302736282348633e+00 2.354990720748901367e+00 2.304223537445068359e+00 2.530154943466186523e+00
-1.882317662239074707e-01 -2.048513293266296387e-01 -3.751129508018493652e-01 -6.273422241210937500e-01 -9.072030782699584961e-01 -9.146513938903808594e-01 -1.054606795310974121e+00 -1.140963435173034668e+00 -1.419348955154418945e+00 -1.408030629158020020e+00 -1.720590829849243164e+00 -1.434507489204406738e+00 -1.514763474464416504e+00 -1.925033569335937500e+00 -1.749994516372680664e+00 -1.782294511795043945e+00 -1.854995012283325195e+00 -1.741400241851806641e+00 -1.872802257537841797e+00 -1.864151716232299805e+00 -1.954921960830688477e+00 -2.068255424499511719e+00 -2.197545051574707031e+00 -2.285042285919189453e+00 -2.223780870437622070e+00 -2.183712959289550781e+00 -2.182530879974365234e+00 -2.039052486419677734e+00 -2.331818103790283203e+00 -2.297305583953857422e+00 -2.468775749206542969e+00 -2.478467702865600586e+00 -2.333551406860351562e+00 -2.330297946929931641e+00 -1.945959091186523438e+00 -1.468544960021972656e+00 -1.079925298690795898e+00 -7.046757936477661133e-01 -6.418424844741821289e-02 6.973457336425781250e-02 4.568534791469573975e-01 7.622320652008056641e-01 6.582510471343994141e-01 1.038028955459594727e+00 1.207621693611145020e+00 1.354662179946899414e+00 8.892556428909301758e-01 7.894705533981323242e-01 1.007363557815551758e+00 1.343081593513488770e+00 1.594658732414245605e+00 1.726735234260559082e+00 2.059385299682617188e+00 2.221545219421386719e+00 2.029795169830322266e+00 2.220750570297241211e+00 2.237804889678955078e+00 2.257303237915039062e+00 2.389887809753417969e+00 2.492906093597412109e+00 2.313685894012451172e+00 2.296294689178466797e+00 2.249176979064941406e+00 2.241672992706298828e+00
3.861886560916900635e-01 -3.063830137252807617e-01 9.385833144187927246e-02 -5.552508234977722168e-01 -1.110907673835754395e+00 -1.087294578552246094e+00 -9.144970178604125977e-01 -1.117848157882690430e+00 -1.319081306457519531e+00 -1.548936247825622559e+00 -1.598588943481445312e+00 -1.724336147308349609e+00 -1.748733758926391602e+00 -1.835093259811401367e+00 -1.727230787277221680e+00 -1.844613552093505859e+00 -1.820581674575805664e+00 -1.851931333541870117e+00 -2.031091690063476562e+00 -2.128754377365112305e+00 -2.139267921447753906e+00 -2.084403753280639648e+00 -2.114133119583129883e+00 -2.268843650817871094e+00 -2.291868925094604492e+00 -2.078059434890747070e+00 -2.019775867462158203e+00 -2.129892587661743164e+00 -2.266607522964477539e+00 -2.377507448196411133e+00 -2.367514371871948242e+00 -2.335624933242797852e+00 -2.252809286117553711e+00 -2.070794343948364258e+00 -1.965748310089111328e+00 -1.532722234725952148e+00 -1.028739809989929199e+00 -9.512190818786621094e-01 -5.111815333366394043e-01 3.352854847908020020e-01 4.072523415088653564e-01 6.461482048034667969e-01 1.050515770912170410e+00 1.118431687355041504e+00 1.173700094223022461e+00 1.145095825195312500e+00 7.511519193649291992e-01 9.139353632926940918e-01 1.000058174133300781e+00 1.251517176628112793e+00 1.725433707237243652e+00 1.953413248062133789e+00 2.317961215972900391e+00 2.195115804672241211e+00 2.050388336181640625e+00 2.150768041610717773e+00 2.259046792984008789e+00 2.240286350250244141e+00 2.588472366333007812e+00 2.503190994262695312e+00 2.591020822525024414e+00 2.200757026672363281e+00 1.952088117599487305e+00 1.960012316703796387e+00
1.897719204425811768e-01 -1.653744578361511230e-01 -4.736460447311401367e-01 -1.840918660163879395e-01 -6.677811145782470703e-01 -8.099166154861450195e-01 -1.260393142700195312e+00 -1.346927404403686523e+00 -1.357055187225341797e+00 -1.379220366477966309e+00 -1.691768884658813477e+00 -1.738852024078369141e+00 -1.550619721412658691e+00 -1.794239044189453125e+00 -1.866708278656005859e+00 -1.923141479492187500e+00 -1.683267831802368164e+00 -2.003823757171630859e+00 -1.959589481353759766e+00 -1.996661424636840820e+00 -2.072101593017578125e+00 -2.021342515945434570e+00 -2.034761190414428711e+00 -2.156992435455322266e+00 -2.068737745285034180e+00 -1.950829744338989258e+00 -2.068595886230468750e+00 -2.214627027511596680e+00 -2.324875354766845703e+00 -2.246086120605468750e+00 -2.223668336868286133e+00 -2.118271112442016602e+00 -1.997579813003540039e+00 -1.996734380722045898e+00 -1.776814222335815430e+00 -1.511474847793579102e+00 -1.193647027015686035e+00 -9.251192808151245117e-01 -3.686310052871704102e-01 1.732550263404846191e-01 3.601285219192504883e-01 5.749658346176147461e-01 7.518305182456970215e-01 9.995858073234558105e-01 1.286529421806335449e+00 9.908595681190490723e-01 1.027311205863952637e+00 1.024995803833007812e+00 8.745325207710266113e-01 9.683888554573059082e-01 1.789969444274902344e+00 1.965243458747863770e+00 2.124241352081298828e+00 2.113057136535644531e+00 1.967222094535827637e+00 2.124464988708496094e+00 2.445926189422607422e+00 2.271056413650512695e+00 2.390259265899658203e+00 2.437231302261352539e+00 2.490319013595581055e+00 2.267555713653564453e+00 2.282197952270507812e+00 2.044795751571655273e+00
-1.272530555725097656e-01 -1.925702095031738281e-01 -3.632623553276062012e-01 -4.651039838790893555e-01 -7.377622127532958984e-01 -6.806305646896362305e-01 -9.131276607513427734e-01 -9.176423549652099609e-01 -1.007172584533691406e+00 -1.707573175430297852e+00 -1.760941028594970703e+00 -1.773517608642578125e+00 -1.635130405426025391e+00 -1.888634204864501953e+00 -1.836500883102416992e+00 -1.824852705001831055e+00 -1.854029178619384766e+00 -1.932252883911132812e+00 -1.951640844345092773e+00 -1.999213933944702148e+00 -1.974525690078735352e+00 -1.974702835083007812e+00 -1.986795902252197266e+00 -2.057828903198242188e+00 -2.008004188537597656e+00 -2.005207777023315430e+00 -1.950029850006103516e+00 -2.006848096847534180e+00 -2.215386152267456055e+00 -2.241475105285644531e+00 -2.252569675445556641e+00 -2.181772232055664062e+00 -1.975064992904663086e+00 -1.917307376861572266e+00 -1.642350196838378906e+00 -1.392384529113769531e+00 -1.077104091644287109e+00 -5.822547078132629395e-01 -2.175590991973876953e-01 -3.053757548332214355e-02 2.822711467742919922e-01 2.729979455471038818e-01 6.146272420883178711e-01 5.483668446540832520e-01 8.497809767723083496e-01 1.013093948364257812e+00 9.984666705131530762e-01 1.197033405303955078e+00 1.084607601165771484e+00 1.243950843811035156e+00 1.618709802627563477e+00 1.887376189231872559e+00 2.229761123657226562e+00 2.194667100906372070e+00 2.423593759536743164e+00 2.575056552886962891e+00 2.535418272018432617e+00 2.507327795028686523e+00 2.138194799423217773e+00 2.352960586547851562e+00 2.513275146484375000e+00 2.023680210113525391e+00 2.284611940383911133e+00 2.559611797332763672e+00
-3.966444730758666992e-02 -3.406808376312255859e-01 -3.347243666648864746e-01 -3.004932999610900879e-01 -6.736880540847778320e-01 -8.840779066085815430e-01 -6.897634267807006836e-01 -1.067680120468139648e+00 -1.493744373321533203e+00 -1.882547855377197266e+00 -1.706264019012451172e+00 -2.053104639053344727e+00 -1.681179761886596680e+00 -1.877436161041259766e+00 -1.934539079666137695e+00 -1.660090208053588867e+00 -1.814228534698486328e+00 -1.832776308059692383e+00 -1.901134252548217773e+00 -1.844750404357910156e+00 -1.901050090789794922e+00 -2.028010129928588867e+00 -1.936720848083496094e+00 -1.844263553619384766e+00 -1.992076873779296875e+00 -1.851271152496337891e+00 -1.900429725646972656e+00 -1.932317018508911133e+00 -2.178598165512084961e+00 -2.138335466384887695e+00 -2.206752777099609375e+00 -2.171254634857177734e+00 -1.940906524658203125e+00 -1.913596868515014648e+00 -1.687479257583618164e+00 -1.363518953323364258e+00 -9.262573719024658203e-01 -5.774797201156616211e-01 -4.631900787353515625e-01 -1.271151900291442871e-01 2.093907892704010010e-01 4.946000874042510986e-01 4.035936594009399414e-01 1.307836174964904785e-01 8.211224079132080078e-01 9.379078149795532227e-01 1.057551622390747070e+00 9.108936190605163574e-01 1.316412687301635742e+00 1.413055181503295898e+00 1.901717424392700195e+00 1.885291695594787598e+00 2.241690635681152344e+00 2.194687366485595703e+00 2.406234741210937500e+00 2.415494680404663086e+00 2.394903421401977539e+00 2.529910087585449219e+00 2.349678754806518555e+00 2.518008947372436523e+00 2.377048254013061523e+00 2.133298397064208984e+00 2.098805904388427734e+00 2.387792348861694336e+00
8.647769689559936523e-03 -4.908755421638488770e-02 -3.767488598823547363e-01 -5.582708716392517090e-01 -4.073649644851684570e-01 -8.225197792053222656e-01 -7.616356611251831055e-01 -1.141349077224731445e+00 -1.229990839958190918e+00 -1.467590689659118652e+00 -1.694766759872436523e+00 -1.667607069015502930e+00 -1.672253370285034180e+00 -1.949469089508056641e+00 -1.947819232940673828e+00 -1.894779443740844727e+00 -1.809302568435668945e+00 -1.763374805450439453e+00 -1.753891944885253906e+00 -1.882949352264404297e+00 -1.929904222488403320e+00 -1.900573015213012695e+00 -1.933193922042846680e+00 -1.959833383560180664e+00 -1.938243389129638672e+00 -1.995968580245971680e+00 -1.993007183074951172e+00 -2.083676099777221680e+00 -2.022963523864746094e+00 -2.128926753997802734e+00 -2.149989843368530273e+00 -2.203551292419433594e+00 -2.024225473403930664e+00 -2.049410820007324219e+00 -1.732822179794311523e+00 -1.397409677505493164e+00 -7.805380821228027344e-01 -6.025322079658508301e-01 -3.541010618209838867e-01 -6.535965204238891602e-02 3.726356327533721924e-01 6.753269433975219727e-01 4.788309633731842041e-01 4.735649526119232178e-01 5.831484198570251465e-01 1.174614906311035156e+00 8.862421512603759766e-01 9.159094095230102539e-01 9.812369346618652344e-01 9.968584179878234863e-01 1.016049623489379883e+00 1.876597285270690918e+00 1.967141985893249512e+00 2.143715858459472656e+00 2.340441226959228516e+00 2.398974895477294922e+00 2.243554830551147461e+00 2.287761688232421875e+00 2.262593984603881836e+00 2.384198188781738281e+00 2.277664422988891602e+00 2.188545942306518555e+00 2.019061088562011719e+00 2.482087612152099609e+00
3.081427812576293945e-01 2.482447624206542969e-01 -1.152151226997375488e-01 -4.707187414169311523e-01 -6.509290933609008789e-01 -1.005066752433776855e+00 -1.157202124595642090e+00 -1.363364219665527344e+00 -1.406535267829895020e+00 -1.456114768981933594e+00 -1.691405296325683594e+00 -1.724835157394409180e+00 -1.868397712707519531e+00 -1.929849147796630859e+00 -1.930387496948242188e+00 -1.724160909652709961e+00 -1.708355903625488281e+00 -1.752972602844238281e+00 -1.658082008361816406e+00 -1.767138719558715820e+00 -1.868502378463745117e+00 -1.877127408981323242e+00 -1.854962825775146484e+00 -1.944362640380859375e+00 -1.899586439132690430e+00 -1.904875040054321289e+00 -1.822845935821533203e+00 -1.920397281646728516e+00 -2.120621681213378906e+00 -2.181186437606811523e+00 -2.147511720657348633e+00 -2.248795747756958008e+00 -2.133266210556030273e+00 -2.014218807220458984e+00 -1.784229278564453125e+00 -1.350081324577331543e+00 -9.716463088989257812e-01 -9.718348979949951172e-01 -3.940023779869079590e-01 1.829534769058227539e-03 5.074027180671691895e-01 4.678901433944702148e-01 4.859997630119323730e-01 1.442405134439468384e-01 7.047270536422729492e-01 8.987614512443542480e-01 5.279761552810668945e-01 4.790377914905548096e-01 6.065674424171447754e-01 9.363171458244323730e-01 1.376627445220947266e+00 1.493455171585083008e+00 2.076240539550781250e+00 2.078222274780273438e+00 2.423120737075805664e+00 2.129900932312011719e+00 2.142544269561767578e+00 2.406032800674438477e+00 2.529929161071777344e+00 2.322927474975585938e+00 2.260465621948242188e+00 2.354233741760253906e+00 1.948254823684692383e+00 1.756202936172485352e+00
3.089606761932373047e-04 -5.217295885086059570e-02 -2.021806836128234863e-01 -4.948210120201110840e-01 -6.752556562423706055e-01 -1.083245635032653809e+00 -9.993194341659545898e-01 -1.168131947517395020e+00 -1.459570050239562988e+00 -1.639059305191040039e+00 -1.695579528808593750e+00 -1.692963123321533203e+00 -1.760703802108764648e+00 -1.895890474319458008e+00 -2.047747850418090820e+00 -1.735469818115234375e+00 -1.724147319793701172e+00 -1.887381076812744141e+00 -1.787506818771362305e+00 -1.758474111557006836e+00 -1.728684425354003906e+00 -1.859050273895263672e+00 -1.903146982192993164e+00 -1.854204416275024414e+00 -2.034157514572143555e+00 -1.979047298431396484e+00 -2.046819686889648438e+00 -2.076876163482666016e+00 -2.209148406982421875e+00 -2.244453668594360352e+00 -2.324306964874267578e+00 -2.050507783889770508e+00 -2.152602672576904297e+00 -1.868871450424194336e+00 -1.679328441619873047e+00 -1.187814712524414062e+00 -1.161944150924682617e+00 -9.631559848785400391e-01 -5.979499220848083496e-01 1.117435097694396973e-01 3.858764767646789551e-01 4.582891464233398438e-01 3.087786734104156494e-01 1.710341870784759521e-01 8.452903032302856445e-01 5.488226413726806641e-01 4.375991821289062500e-01 4.694581329822540283e-01 9.608767032623291016e-01 8.428431749343872070e-01 9.210895299911499023e-01 1.526607155799865723e+00 1.913597941398620605e+00 1.864911317825317383e+00 2.395172119140625000e+00 2.191526174545288086e+00 2.106428623199462891e+00 2.225903511047363281e+00 2.358373641967773438e+00 2.370581150054931641e+00 2.316606283187866211e+00 1.929370641708374023e+00 2.000520229339599609e+00 1.708196878433227539e+00
1.905354410409927368e-01 2.958552241325378418e-01 1.043842136859893799e-01 -1.859034895896911621e-01 -6.799731254577636719e-01 -7.670315504074096680e-01 -1.013848662376403809e+00 -1.255935668945312500e+00 -1.260225892066955566e+00 -1.448105931282043457e+00 -1.652015209197998047e+00 -1.518802642822265625e+00 -1.795728206634521484e+00 -1.627134561538696289e+00 -1.915884971618652344e+00 -1.641104459762573242e+00 -1.464127898216247559e+00 -1.743351459503173828e+00 -1.900288343429565430e+00 -1.904426574707031250e+00 -1.637708425521850586e+00 -1.772811174392700195e+00 -1.863942861557006836e+00 -1.835523366928100586e+00 -1.812207698822021484e+00 -1.885654211044311523e+00 -1.956087112426757812e+00 -2.041517734527587891e+00 -2.023653984069824219e+00 -2.123184919357299805e+00 -2.326348781585693359e+00 -1.951718330383300781e+00 -1.876166582107543945e+00 -1.917016029357910156e+00 -1.438964724540710449e+00 -1.184661507606506348e+00 -1.141626477241516113e+00 -1.059337258338928223e+00 -8.492243289947509766e-01 -2.978779673576354980e-01 2.187517285346984863e-02 4.595605432987213135e-01 1.929758787155151367e-01 4.483029246330261230e-02 5.066729784011840820e-01 6.849170923233032227e-01 2.273815274238586426e-01 5.333856940269470215e-01 4.004595577716827393e-01 4.712822735309600830e-01 7.738310098648071289e-01 1.461867213249206543e+00 1.993570923805236816e+00 2.265617370605468750e+00 2.176575660705566406e+00 2.004147768020629883e+00 2.069357395172119141e+00 2.169187545776367188e+00 2.391360759735107422e+00 2.535815954208374023e+00 2.494163274765014648e+00 2.102061271667480469e+00 1.975107073783874512e+00 1.949749946594238281e+00
3.029632270336151123e-01 5.359076261520385742e-01 1.970701217651367188e-01 -7.953700423240661621e-02 -4.071487784385681152e-01 -4.737536907196044922e-01 -7.078286409378051758e-01 -8.465899229049682617e-01 -9.702434539794921875e-01 -1.296995639801025391e+00 -1.371951103210449219e+00 -1.449427127838134766e+00 -1.652770042419433594e+00 -1.524191856384277344e+00 -1.694139003753662109e+00 -1.502531290054321289e+00 -1.596961736679077148e+00 -1.470673918724060059e+00 -1.719128608703613281e+00 -1.607460498809814453e+00 -1.660855054855346680e+00 -1.600689768791198730e+00 -1.760186433792114258e+00 -1.817299604415893555e+00 -1.780215501785278320e+00 -1.890073299407958984e+00 -1.882806062698364258e+00 -1.914593935012817383e+00 -1.848676681518554688e+00 -1.977566242218017578e+00 -2.339180707931518555e+00 -2.052655220031738281e+00 -1.954574346542358398e+00 -1.944878101348876953e+00 -1.521399378776550293e+00 -1.194905638694763184e+00 -1.097061634063720703e+00 -1.117058396339416504e+00 -7.200676202774047852e-01 -3.977316021919250488e-01 -7.073152065277099609e-02 4.298179447650909424e-01 2.323320508003234863e-01 4.085209071636199951e-01 4.384136497974395752e-01 4.583261609077453613e-01 7.528018355369567871e-01 3.424778580665588379e-01 4.620469212532043457e-01 3.622951805591583252e-01 5.973563790321350098e-01 8.966521024703979492e-01 1.660389184951782227e+00 1.635973453521728516e+00 2.125499963760375977e+00 1.966111183166503906e+00 1.856622695922851562e+00 2.181821107864379883e+00 2.099300384521484375e+00 2.222662448883056641e+00 2.534551858901977539e+00 1.966652035713195801e+00 1.771020531654357910e+00 2.028283119201660156e+00
1.787853240966796875e-02 6.065964698791503906e-01 2.828079462051391602e-01 -6.003698706626892090e-02 -3.703314065933227539e-01 -4.661901593208312988e-01 -8.255987167358398438e-01 -9.103664159774780273e-01 -9.689867496490478516e-01 -1.304482936859130859e+00 -1.407775044441223145e+00 -1.338569998741149902e+00 -1.467440009117126465e+00 -1.566124558448791504e+00 -1.734550952911376953e+00 -1.406753659248352051e+00 -1.558087706565856934e+00 -1.609799623489379883e+00 -1.678519487380981445e+00 -1.603142380714416504e+00 -1.654576539993286133e+00 -1.708766222000122070e+00 -1.797156572341918945e+00 -1.735905647277832031e+00 -1.661436557769775391e+00 -1.615748882293701172e+00 -1.709578275680541992e+00 -1.832853794097900391e+00 -1.968173503875732422e+00 -2.141304731369018555e+00 -2.206340789794921875e+00 -2.032429456710815430e+00 -1.833172798156738281e+00 -1.895778179168701172e+00 -1.403251290321350098e+00 -1.231124281883239746e+00 -8.849225044250488281e-01 -1.167881369590759277e+00 -7.135798931121826172e-01 -7.195463776588439941e-02 2.362057566642761230e-01 3.697261214256286621e-01 1.659662872552871704e-01 8.758856058120727539e-01 3.654654622077941895e-01 7.496551275253295898e-01 8.002661466598510742e-01 6.227800250053405762e-01 9.955483078956604004e-01 1.370339035987854004e+00 1.352752685546875000e+00 1.439913392066955566e+00 1.300491571426391602e+00 1.618324398994445801e+00 1.842906355857849121e+00 2.055415153503417969e+00 2.013064622879028320e+00 2.283239603042602539e+00 2.436401844024658203e+00 2.378237485885620117e+00 2.267529010772705078e+00 2.256660938262939453e+00 2.023292303085327148e+00 1.973931550979614258e+00
-4.347714781761169434e-02 1.141551733016967773e-01 8.365958929061889648e-03 -1.567500829696655273e-01 -4.455769658088684082e-01 -5.893826484680175781e-01 -7.191708087921142578e-01 -9.931193590164184570e-01 -1.182283520698547363e+00 -1.360396504402160645e+00 -1.453270435333251953e+00 -1.438518762588500977e+00 -1.448404669761657715e+00 -1.573498725891113281e+00 -1.703413486480712891e+00 -1.645113945007324219e+00 -1.732360839843750000e+00 -1.899437189102172852e+00 -1.715832471847534180e+00 -1.724073171615600586e+00 -1.829323053359985352e+00 -1.763822317123413086e+00 -1.720390558242797852e+00 -1.887732982635498047e+00 -1.740891933441162109e+00 -1.759804964065551758e+00 -1.843698024749755859e+00 -1.848114252090454102e+00 -2.036832809448242188e+00 -2.159393072128295898e+00 -2.108830213546752930e+00 -2.058675289154052734e+00 -1.714505195617675781e+00 -1.687744140625000000e+00 -1.445534467697143555e+00 -1.142075300216674805e+00 -1.009557366371154785e+00 -1.097530126571655273e+00 -5.033782124519348145e-01 -2.311527132987976074e-01 1.813214272260665894e-01 3.820290267467498779e-01 3.832778930664062500e-01 4.910124540328979492e-01 3.466219902038574219e-01 3.669833540916442871e-01 6.313607096672058105e-01 8.955449461936950684e-01 6.663624644279479980e-01 1.667292118072509766e+00 1.572545766830444336e+00 1.301099419593811035e+00 1.661263585090637207e+00 1.827500343322753906e+00 1.738131046295166016e+00 2.255363941192626953e+00 2.458571195602416992e+00 1.947820782661437988e+00 2.289706945419311523e+00 2.624945640563964844e+00 2.341525554656982422e+00 2.010731697082519531e+00 1.872709989547729492e+00 1.673395514488220215e+00
-5.869519710540771484e-02 -4.971462488174438477e-02 3.711926341056823730e-01 -4.475483298301696777e-02 -6.239707469940185547e-01 -7.818855047225952148e-01 -7.996424436569213867e-01 -9.003753662109375000e-01 -1.139731049537658691e+00 -1.094823479652404785e+00 -1.340570807456970215e+00 -1.508059024810791016e+00 -1.386540532112121582e+00 -1.563610434532165527e+00 -1.590770840644836426e+00 -1.575927853584289551e+00 -1.695340394973754883e+00 -1.849112749099731445e+00 -1.871397972106933594e+00 -1.776552438735961914e+00 -1.893968582153320312e+00 -1.810178279876708984e+00 -1.823733091354370117e+00 -1.762528181076049805e+00 -1.719685316085815430e+00 -1.759750127792358398e+00 -1.751984834671020508e+00 -1.863072633743286133e+00 -1.900401353836059570e+00 -2.061311006546020508e+00 -2.032152652740478516e+00 -2.011942863464355469e+00 -1.794589996337890625e+00 -1.437983632087707520e+00 -1.427002549171447754e+00 -9.048413038253784180e-01 -9.620434045791625977e-01 -1.040854454040527344e+00 -3.632415533065795898e-01 -2.357840538024902344e-01 2.232451736927032471e-01 6.259808540344238281e-01 6.752199530601501465e-01 4.681878685951232910e-01 3.911895751953125000e-01 6.134770512580871582e-01 9.399412274360656738e-01 1.006999611854553223e+00 1.826357841491699219e+00 1.799841642379760742e+00 1.821958780288696289e+00 1.699346661567687988e+00 1.766293764114379883e+00 1.906794786453247070e+00 1.910862684249877930e+00 2.269292354583740234e+00 1.993004322052001953e+00 2.140050888061523438e+00 2.403334140777587891e+00 2.476387023925781250e+00 2.139613866806030273e+00 2.122864723205566406e+00 1.759012341499328613e+00 1.748681902885437012e+00
2.582744956016540527e-01 2.686603069305419922e-01 3.064839243888854980e-01 -9.850794076919555664e-02 -3.886297941207885742e-01 -6.791942119598388672e-01 -8.347717523574829102e-01 -1.102140903472900391e+00 -1.049482226371765137e+00 -9.423426389694213867e-01 -1.067963719367980957e+00 -1.305099606513977051e+00 -1.317016839981079102e+00 -1.403608322143554688e+00 -1.276834964752197266e+00 -1.292949199676513672e+00 -1.380535840988159180e+00 -1.181770563125610352e+00 -1.337602853775024414e+00 -1.277573823928833008e+00 -1.270082712173461914e+00 -1.411292433738708496e+00 -1.537649989128112793e+00 -1.453909516334533691e+00 -1.466790676116943359e+00 -1.427497982978820801e+00 -1.309834718704223633e+00 -1.475065827369689941e+00 -1.526581048965454102e+00 -1.475802063941955566e+00 -1.522781848907470703e+00 -1.417711019515991211e+00 -1.271219730377197266e+00 -1.341934680938720703e+00 -1.116709828376770020e+00 -1.039730787277221680e+00 -9.380905628204345703e-01 -7.119433879852294922e-01 -1.391772627830505371e-01 -1.052891016006469727e-01 8.285800814628601074e-01 1.238865017890930176e+00 1.349090576171875000e+00 1.280731320381164551e+00 1.286336898803710938e+00 1.549584150314331055e+00 1.060145139694213867e+00 1.354193687438964844e+00 1.556971192359924316e+00 1.843342185020446777e+00 1.673995852470397949e+00 1.561349749565124512e+00 1.872294664382934570e+00 1.716577529907226562e+00 1.742853999137878418e+00 2.064837455749511719e+00 2.186106681823730469e+00 2.281414508819580078e+00 2.448504447937011719e+00 2.119588375091552734e+00 2.181309700012207031e+00 2.442723274230957031e+00 2.177162170410156250e+00 1.744911313056945801e+00
8.063057065010070801e-02 5.528407692909240723e-01 2.784676551818847656e-01 2.393845617771148682e-01 -1.920363306999206543e-01 -3.523778915405273438e-01 -3.958548903465270996e-01 -6.077572703361511230e-01 -6.201654672622680664e-01 -8.996832370758056641e-01 -1.035471916198730469e+00 -9.234930276870727539e-01 -1.072213530540466309e+00 -1.206147670745849609e+00 -8.377476930618286133e-01 -1.032999515533447266e+00 -9.765999317169189453e-01 -9.294011592864990234e-01 -1.212766528129577637e+00 -1.088500261306762695e+00 -8.611155748367309570e-01 -9.158797264099121094e-01 -1.230498790740966797e+00 -1.197760105133056641e+00 -1.106814146041870117e+00 -1.139067173004150391e+00 -1.091084599494934082e+00 -1.065808773040771484e+00 -1.316063880920410156e+00 -1.157047867774963379e+00 -9.651600122451782227e-01 -1.054275274276733398e+00 -8.048833608627319336e-01 -8.664278984069824219e-01 -7.025399208068847656e-01 -7.779113054275512695e-01 -4.442607760429382324e-01 -2.002751231193542480e-01 3.206905722618103027e-01 2.843159139156341553e-01 9.359858632087707520e-01 7.689528465270996094e-01 1.060671806335449219e+00 9.832799434661865234e-01 1.072344779968261719e+00 1.345591545104980469e+00 1.018827557563781738e+00 1.202510237693786621e+00 1.592092037200927734e+00 1.593474864959716797e+00 1.572937726974487305e+00 1.818802714347839355e+00 1.538729190826416016e+00 1.684203267097473145e+00 2.150288105010986328e+00 1.970478296279907227e+00 1.829130053520202637e+00 2.104691743850708008e+00 2.306588649749755859e+00 2.413421154022216797e+00 2.222246646881103516e+00 1.965943217277526855e+00 2.100416183471679688e+00 1.502846837043762207e+00
3.800757229328155518e-01 2.507480680942535400e-01 5.957119464874267578e-01 2.400917857885360718e-01 1.451878696680068970e-01 -3.844625949859619141e-01 -4.226246476173400879e-01 -5.237244367599487305e-01 -6.438090801239013672e-01 -9.600087404251098633e-01 -8.787018060684204102e-01 -8.167440891265869141e-01 -8.964482545852661133e-01 -8.467357158660888672e-01 -6.200522184371948242e-01 -6.471797227859497070e-01 -8.870458602905273438e-01 -4.507785439491271973e-01 -4.965703487396240234e-01 -7.408173084259033203e-01 -6.156765222549438477e-01 -7.820283174514770508e-01 -8.486993312835693359e-01 -7.020206451416015625e-01 -7.998927831649780273e-01 -6.520208120346069336e-01 -7.141978740692138672e-01 -7.171244621276855469e-01 -5.561612248420715332e-01 -6.578438282012939453e-01 -5.391138792037963867e-01 -7.160782814025878906e-01 -4.347267150878906250e-01 -4.058963656425476074e-01 -2.865020632743835449e-01 -3.214411139488220215e-01 -3.100720643997192383e-01 4.232558608055114746e-02 4.605429768562316895e-01 3.991074562072753906e-01 8.091138601303100586e-01 7.851182222366333008e-01 8.837389349937438965e-01 7.160741090774536133e-01 5.759303569793701172e-01 1.212473988533020020e+00 1.377751469612121582e+00 1.288670420646667480e+00 1.720326542854309082e+00 1.446668624877929688e+00 1.684230804443359375e+00 1.703513741493225098e+00 1.202291488647460938e+00 1.095283269882202148e+00 1.822549939155578613e+00 1.878358244895935059e+00 2.068878412246704102e+00 2.474709510803222656e+00 2.641761779785156250e+00 2.477160692214965820e+00 2.199185848236083984e+00 2.042879819869995117e+00 1.629786133766174316e+00 1.600346446037292480e+00
2.752077579498291016e-01 7.350048422813415527e-02 3.578287661075592041e-01 4.806673824787139893e-01 1.868720799684524536e-01 1.968314051628112793e-01 -1.422520279884338379e-01 -2.966310977935791016e-01 -1.725457906723022461e-01 -4.581214189529418945e-01 -4.955384731292724609e-01 -6.025959253311157227e-01 -6.292113065719604492e-01 -5.190510749816894531e-01 -2.827119231224060059e-01 -5.075051784515380859e-01 -2.407509684562683105e-01 -4.241997003555297852e-01 -6.880636215209960938e-01 -6.562156677246093750e-01 -6.769102811813354492e-01 -3.828496336936950684e-01 -5.800510644912719727e-01 -5.154942274093627930e-01 -9.304761886596679688e-02 -2.970092296600341797e-01 -5.091024041175842285e-01 -3.968060612678527832e-01 -4.461247920989990234e-01 -2.436303496360778809e-01 -3.275440931320190430e-01 -3.507426381111145020e-01 -5.021485686302185059e-02 -3.532548546791076660e-01 -8.323553204536437988e-02 -1.512324213981628418e-01 1.756173372268676758e-02 3.276143968105316162e-01 4.418258666992187500e-01 4.669682979583740234e-01 8.401485681533813477e-01 8.532739281654357910e-01 8.926056027412414551e-01 9.227629303932189941e-01 1.237460851669311523e+00 1.254638075828552246e+00 1.321787357330322266e+00 1.430072188377380371e+00 1.464288949966430664e+00 1.445227980613708496e+00 1.932345151901245117e+00 1.685009121894836426e+00 1.612933278083801270e+00 1.306763172149658203e+00 1.962214350700378418e+00 1.848188042640686035e+00 1.907928824424743652e+00 2.110237121582031250e+00 2.213443279266357422e+00 2.369387149810791016e+00 2.331616878509521484e+00 1.848081469535827637e+00 1.808735132217407227e+00 1.648798465728759766e+00
8.775973320007324219e-01 8.199602365493774414e-01 -4.368087649345397949e-02 -1.264970302581787109e-01 2.847549319267272949e-01 -3.964152932167053223e-01 -6.725421547889709473e-02 -6.203960180282592773e-01 -3.543223142623901367e-01 -4.199996590614318848e-01 -6.152502298355102539e-01 -8.224300146102905273e-01 -7.789448499679565430e-01 -9.547430276870727539e-01 -6.029853224754333496e-01 -2.626776099205017090e-01 -3.397597074508666992e-01 -7.836428880691528320e-01 -6.843675374984741211e-01 -9.246364831924438477e-01 -4.573329687118530273e-01 -8.205475807189941406e-01 -7.753063440322875977e-01 -5.930727720260620117e-01 -9.197455644607543945e-02 -4.012110829353332520e-02 -1.783916354179382324e-01 -4.325746893882751465e-01 -4.152171015739440918e-01 -3.294814229011535645e-01 -3.144527673721313477e-01 -1.942964792251586914e-01 -1.822944283485412598e-01 7.841646671295166016e-03 -2.286175489425659180e-01 -1.675488352775573730e-01 -3.475707769393920898e-02 4.918346703052520752e-01 5.508224964141845703e-01 5.872660875320434570e-01 7.433843612670898438e-01 1.025243282318115234e+00 9.721769094467163086e-01 1.260556101799011230e+00 1.344164490699768066e+00 1.319269061088562012e+00 1.491920709609985352e+00 1.356273174285888672e+00 1.536438345909118652e+00 1.802059054374694824e+00 1.979073882102966309e+00 2.028754234313964844e+00 2.072009325027465820e+00 2.017866134643554688e+00 1.972438693046569824e+00 2.093675136566162109e+00 1.991012334823608398e+00 2.166594028472900391e+00 2.132195472717285156e+00 2.259333133697509766e+00 2.296040534973144531e+00 2.014175653457641602e+00 2.017239332199096680e+00 1.919708847999572754e+00
5.050587654113769531e-01 3.871276676654815674e-01 2.279213666915893555e-01 -2.033660411834716797e-01 -3.303933143615722656e-01 6.363153457641601562e-02 -5.908489823341369629e-01 -5.775676369667053223e-01 -4.294006228446960449e-01 -4.674998521804809570e-01 -8.141728639602661133e-01 -8.274766206741333008e-01 -7.434591054916381836e-01 -9.963488578796386719e-01 -8.221411705017089844e-01 -5.087153911590576172e-01 -3.411972522735595703e-01 -3.979145288467407227e-01 -8.083825111389160156e-01 -5.377112030982971191e-01 -5.351232886314392090e-01 -6.920645236968994141e-01 -6.795296669006347656e-01 -4.588983058929443359e-01 -5.012247562408447266e-01 -3.472694754600524902e-02 -1.752067208290100098e-01 -1.957793831825256348e-01 -6.652836799621582031e-01 -5.797067284584045410e-01 -5.542612075805664062e-01 -3.186964392662048340e-01 -1.506337523460388184e-01 -4.480970501899719238e-01 -3.128301501274108887e-01 -4.330446720123291016e-01 -3.986381888389587402e-01 1.904803812503814697e-01 4.922847449779510498e-01 7.683342099189758301e-01 8.300079107284545898e-01 1.170422554016113281e+00 1.064247608184814453e+00 1.212559342384338379e+00 1.288823843002319336e+00 1.212167024612426758e+00 1.485712051391601562e+00 1.599074721336364746e+00 1.395191550254821777e+00 1.684993624687194824e+00 2.043180465698242188e+00 2.035368919372558594e+00 2.028996467590332031e+00 1.813841462135314941e+00 2.205502033233642578e+00 2.215975761413574219e+00 2.038114547729492188e+00 2.186894178390502930e+00 1.943607807159423828e+00 2.261030673980712891e+00 2.239916324615478516e+00 2.116587638854980469e+00 1.956633806228637695e+00 1.588401317596435547e+00
1.047663450241088867e+00 5.764200687408447266e-01 3.489050865173339844e-01 -2.738862037658691406e-01 2.309262752532958984e-02 -3.913074731826782227e-01 -4.266037344932556152e-01 -3.986655473709106445e-01 -2.965550422668457031e-01 -4.318686127662658691e-01 -8.371251821517944336e-01 -1.081981182098388672e+00 -8.635780811309814453e-01 -3.916774392127990723e-01 -4.670917987823486328e-01 -7.136127352714538574e-02 -3.693317770957946777e-01 -6.351581811904907227e-01 -2.768645882606506348e-01 -4.746208786964416504e-01 -6.290788650512695312e-01 -6.241236925125122070e-01 -4.388418793678283691e-01 8.121794462203979492e-02 -1.845974326133728027e-01 -3.993326425552368164e-01 -2.665528655052185059e-01 -3.869029879570007324e-01 -9.386223554611206055e-01 -9.203288555145263672e-01 -4.502393007278442383e-01 -7.030683755874633789e-01 -2.265607118606567383e-01 -4.278814196586608887e-01 -7.666454315185546875e-01 -3.805996179580688477e-01 -3.969338536262512207e-01 1.672158539295196533e-01 5.980985760688781738e-01 6.047946214675903320e-01 6.975560188293457031e-01 9.485800266265869141e-01 1.194911360740661621e+00 1.154634237289428711e+00 1.630883216857910156e+00 1.372567653656005859e+00 1.503815650939941406e+00 1.754132628440856934e+00 1.590543866157531738e+00 1.694064736366271973e+00 1.696447134017944336e+00 1.873024225234985352e+00 1.670243620872497559e+00 1.989645123481750488e+00 2.005380630493164062e+00 2.101313114166259766e+00 2.196255445480346680e+00 1.984459042549133301e+00 1.861169457435607910e+00 2.274862766265869141e+00 2.402656316757202148e+00 2.142132520675659180e+00 1.774932026863098145e+00 1.592562913894653320e+00
4.400422275066375732e-01 4.126977324485778809e-01 1.942764520645141602e-01 3.135357797145843506e-01 1.578022837638854980e-01 -9.943509101867675781e-02 -3.450065851211547852e-01 -5.114259123802185059e-01 -5.322422981262207031e-01 2.552196383476257324e-01 -4.070138335227966309e-01 -5.665352940559387207e-01 -7.347900867462158203e-01 -5.426428318023681641e-01 -2.650746107101440430e-01 -2.572575807571411133e-01 -8.364789485931396484e-01 -6.705607175827026367e-01 -5.377993583679199219e-01 -5.731304287910461426e-01 -1.967895030975341797e-01 -1.959494948387145996e-01 -4.862102270126342773e-01 8.685958385467529297e-02 -1.902753710746765137e-01 -2.325281500816345215e-01 -2.457087039947509766e-01 -1.777312159538269043e-01 -8.798646926879882812e-01 -1.080573916435241699e+00 -6.329196691513061523e-01 -7.880240678787231445e-01 -1.957729458808898926e-01 -5.735855102539062500e-01 -8.718973398208618164e-01 -6.626460552215576172e-01 -4.911066293716430664e-01 -1.881585717201232910e-01 8.091717362403869629e-01 1.137351274490356445e+00 1.035987377166748047e+00 9.938316941261291504e-01 9.352856874465942383e-01 1.101828336715698242e+00 1.023152828216552734e+00 1.417712926864624023e+00 1.617506623268127441e+00 1.350219488143920898e+00 1.657398223876953125e+00 1.680078983306884766e+00 1.688732385635375977e+00 1.720985770225524902e+00 1.780643939971923828e+00 1.788246393203735352e+00 1.985315918922424316e+00 2.392049789428710938e+00 1.859498739242553711e+00 1.962177991867065430e+00 2.101878643035888672e+00 2.152303218841552734e+00 1.985098361968994141e+00 1.989457488059997559e+00 1.501334547996520996e+00 1.642418146133422852e+00
