-1.392835378646850586e+00 -1.954516530036926270e+00 -1.637815237045288086e+00 -1.457280993461608887e+00 -1.845691442489624023e+00 -1.199265956878662109e+00 -1.706038236618041992e+00 -1.528605580329895020e+00 -1.455582141876220703e+00 -2.429456472396850586e+00 -2.086387872695922852e+00 -1.909719944000244141e+00 -2.493209123611450195e+00 -2.891757011413574219e+00 -3.560396671295166016e+00 -3.073844671249389648e+00 -2.944898605346679688e+00 -3.358232259750366211e+00 -3.452499389648437500e+00 -3.148305892944335938e+00 -2.858993291854858398e+00 -3.423704624176025391e+00 -3.172056436538696289e+00 -3.514189243316650391e+00 -3.172535419464111328e+00 -3.548585891723632812e+00 -3.029479503631591797e+00 -2.927247762680053711e+00 -2.993284225463867188e+00 -3.555308580398559570e+00 -3.242856502532958984e+00 -3.731450796127319336e+00 -3.546363353729248047e+00 -3.790464878082275391e+00 -4.013305187225341797e+00 -3.917273759841918945e+00 -3.552646875381469727e+00 -3.720316886901855469e+00 -3.813947916030883789e+00 -3.403961181640625000e+00 -3.697622299194335938e+00 -3.414222478866577148e+00 -3.317734479904174805e+00 -3.451421260833740234e+00 -3.583876132965087891e+00 -3.701906204223632812e+00 -4.158325195312500000e+00 -4.784689426422119141e+00 -4.659804344177246094e+00 -3.820745229721069336e+00 -5.135048866271972656e+00 -4.913889884948730469e+00 -4.614328384399414062e+00 -4.201677322387695312e+00 -4.530743122100830078e+00 -4.776821136474609375e+00 -3.647712945938110352e+00 -4.436999320983886719e+00 -4.773408889770507812e+00 -4.361034870147705078e+00 -4.104791164398193359e+00 -4.475251674652099609e+00 -3.904834508895874023e+00 -4.473722934722900391e+00
-9.611442089080810547e-01 -1.608451247215270996e+00 -1.053892254829406738e+00 -1.164880633354187012e+00 -1.382463335990905762e+00 -1.613976359367370605e+00 -1.359297037124633789e+00 -1.061986923217773438e+00 -8.232055902481079102e-01 -1.499408364295959473e+00 -1.559925675392150879e+00 -1.878341555595397949e+00 -2.204972267150878906e+00 -2.599371433258056641e+00 -3.097637653350830078e+00 -2.920165777206420898e+00 -2.945209980010986328e+00 -2.826314926147460938e+00 -3.440730571746826172e+00 -2.926277399063110352e+00 -2.864517450332641602e+00 -2.807418346405029297e+00 -3.138827800750732422e+00 -3.569890499114990234e+00 -2.853125810623168945e+00 -2.686915636062622070e+00 -2.957122802734375000e+00 -2.839704275131225586e+00 -2.818532228469848633e+00 -3.139081478118896484e+00 -3.346197843551635742e+00 -3.331624031066894531e+00 -3.142717361450195312e+00 -3.686950683593750000e+00 -3.664680004119873047e+00 -3.769845485687255859e+00 -3.728729248046875000e+00 -3.503433704376220703e+00 -3.457140684127807617e+00 -3.151168584823608398e+00 -3.147078514099121094e+00 -3.287246942520141602e+00 -2.932388782501220703e+00 -2.670487642288208008e+00 -2.994493484497070312e+00 -3.417064905166625977e+00 -3.652128934860229492e+00 -3.993524789810180664e+00 -3.652747392654418945e+00 -3.659635066986083984e+00 -3.566909074783325195e+00 -4.420084476470947266e+00 -4.074013233184814453e+00 -4.117615222930908203e+00 -3.408328294754028320e+00 -3.577407598495483398e+00 -4.021109580993652344e+00 -4.695440769195556641e+00 -5.247694969177246094e+00 -4.674131870269775391e+00 -3.870758295059204102e+00 -4.229663848876953125e+00 -3.545383453369140625e+00 -4.059896945953369141e+00
-1.178780198097229004e+00 -7.725453972816467285e-01 -1.181493639945983887e+00 -1.602728843688964844e+00 -1.199928283691406250e+00 -1.171926379203796387e+00 -8.249239921569824219e-01 -1.033929347991943359e+00 -7.932048439979553223e-01 -9.895587563514709473e-01 -1.776582956314086914e+00 -2.020177364349365234e+00 -2.071694612503051758e+00 -2.634332418441772461e+00 -2.755352735519409180e+00 -3.188730716705322266e+00 -2.967277765274047852e+00 -2.916770696640014648e+00 -2.653656959533691406e+00 -2.827897310256958008e+00 -2.845680475234985352e+00 -2.982358932495117188e+00 -3.387240171432495117e+00 -3.376866340637207031e+00 -3.478401660919189453e+00 -2.996878862380981445e+00 -3.064929008483886719e+00 -3.263214588165283203e+00 -3.373998165130615234e+00 -3.227809429168701172e+00 -3.048447608947753906e+00 -3.646388053894042969e+00 -3.371015787124633789e+00 -3.347982883453369141e+00 -3.716464281082153320e+00 -3.444537639617919922e+00 -3.617599725723266602e+00 -3.311278104782104492e+00 -3.209555625915527344e+00 -3.202281951904296875e+00 -3.132380962371826172e+00 -2.796341419219970703e+00 -2.503540039062500000e+00 -2.655810832977294922e+00 -2.750783920288085938e+00 -2.842386245727539062e+00 -3.601073026657104492e+00 -3.469053268432617188e+00 -2.668565034866333008e+00 -3.472400188446044922e+00 -3.702329397201538086e+00 -4.404088020324707031e+00 -3.962567329406738281e+00 -3.530598878860473633e+00 -3.740825414657592773e+00 -3.643808603286743164e+00 -4.178972244262695312e+00 -3.895856380462646484e+00 -4.147858142852783203e+00 -3.456544160842895508e+00 -4.149594783782958984e+00 -4.077744960784912109e+00 -3.918701171875000000e+00 -3.397567033767700195e+00
-6.090887784957885742e-01 -6.981964707374572754e-01 -1.974716484546661377e-01 -1.169010043144226074e+00 -1.242078661918640137e+00 -9.774785041809082031e-01 -9.619575738906860352e-01 -8.451554775238037109e-01 -7.594133019447326660e-01 -4.500458836555480957e-01 -1.108130812644958496e+00 -2.114880800247192383e+00 -2.825827360153198242e+00 -3.083930492401123047e+00 -3.322188377380371094e+00 -3.154704093933105469e+00 -2.793782472610473633e+00 -3.014568805694580078e+00 -2.315150499343872070e+00 -2.626636743545532227e+00 -2.711052417755126953e+00 -2.857221841812133789e+00 -3.151937961578369141e+00 -3.353085041046142578e+00 -2.767093420028686523e+00 -2.946904659271240234e+00 -2.363919973373413086e+00 -2.723323583602905273e+00 -2.909229755401611328e+00 -3.297019481658935547e+00 -3.324560642242431641e+00 -3.568404912948608398e+00 -3.128733873367309570e+00 -3.412566423416137695e+00 -3.683797359466552734e+00 -3.426832914352416992e+00 -3.130283117294311523e+00 -3.194008588790893555e+00 -3.373052358627319336e+00 -3.185591936111450195e+00 -3.079864025115966797e+00 -2.355956792831420898e+00 -2.633096218109130859e+00 -2.596298456192016602e+00 -2.734692096710205078e+00 -2.844360113143920898e+00 -3.178467512130737305e+00 -3.591217517852783203e+00 -3.261186838150024414e+00 -3.441125154495239258e+00 -4.090852737426757812e+00 -3.716744422912597656e+00 -3.626382827758789062e+00 -3.524468421936035156e+00 -3.362756729125976562e+00 -3.852760314941406250e+00 -4.078307151794433594e+00 -3.933004379272460938e+00 -3.877205610275268555e+00 -3.701462268829345703e+00 -3.567384481430053711e+00 -3.818216562271118164e+00 -4.017218112945556641e+00 -3.778393745422363281e+00
-1.137813210487365723e+00 -6.698549389839172363e-01 -1.402705550193786621e+00 -1.362982034683227539e+00 -1.261367440223693848e+00 -1.151513576507568359e+00 -1.093833804130554199e+00 -9.769900441169738770e-01 -7.703400850296020508e-01 -1.072579145431518555e+00 -1.128478765487670898e+00 -1.977600336074829102e+00 -2.460520744323730469e+00 -3.018959283828735352e+00 -3.274755001068115234e+00 -3.061553716659545898e+00 -2.862606287002563477e+00 -2.720380544662475586e+00 -2.507581710815429688e+00 -2.511121273040771484e+00 -2.433400392532348633e+00 -3.226786375045776367e+00 -2.673173666000366211e+00 -2.791699409484863281e+00 -2.309505701065063477e+00 -2.147450685501098633e+00 -1.791313767433166504e+00 -2.395156621932983398e+00 -2.839890241622924805e+00 -3.036933183670043945e+00 -3.325879335403442383e+00 -3.358433723449707031e+00 -3.151656627655029297e+00 -3.490611791610717773e+00 -3.803694725036621094e+00 -3.120920658111572266e+00 -3.241060972213745117e+00 -2.992631673812866211e+00 -2.779397249221801758e+00 -2.781349658966064453e+00 -2.961437940597534180e+00 -2.389791011810302734e+00 -2.202479124069213867e+00 -2.365709543228149414e+00 -2.405977010726928711e+00 -3.084552764892578125e+00 -2.987299680709838867e+00 -3.266068458557128906e+00 -3.221611261367797852e+00 -3.432781219482421875e+00 -3.548660039901733398e+00 -3.557345151901245117e+00 -3.569204330444335938e+00 -3.480853319168090820e+00 -3.691593885421752930e+00 -3.676839590072631836e+00 -3.993234395980834961e+00 -3.503315925598144531e+00 -4.200539588928222656e+00 -3.632977247238159180e+00 -3.860976934432983398e+00 -3.457649946212768555e+00 -3.397607326507568359e+00 -3.468652963638305664e+00
-1.345847725868225098e+00 -5.875771045684814453e-01 -8.752279877662658691e-01 -1.400430679321289062e+00 -1.734130263328552246e+00 -1.494595408439636230e+00 -1.671138525009155273e+00 -1.416317939758300781e+00 -1.211644053459167480e+00 -1.147430419921875000e+00 -1.746238350868225098e+00 -2.235933780670166016e+00 -2.636476516723632812e+00 -2.918008327484130859e+00 -2.861895561218261719e+00 -3.051565170288085938e+00 -3.134209394454956055e+00 -2.927173852920532227e+00 -2.865741968154907227e+00 -2.707765579223632812e+00 -3.149144887924194336e+00 -2.862127304077148438e+00 -3.067194938659667969e+00 -3.156208276748657227e+00 -2.578214168548583984e+00 -1.691016197204589844e+00 -1.643755435943603516e+00 -2.726202726364135742e+00 -2.636923551559448242e+00 -3.171037197113037109e+00 -3.219141483306884766e+00 -3.485524415969848633e+00 -3.270983219146728516e+00 -3.217025756835937500e+00 -3.197788476943969727e+00 -3.310982227325439453e+00 -3.235060691833496094e+00 -3.078937292098999023e+00 -2.913651943206787109e+00 -2.621239423751831055e+00 -2.820910930633544922e+00 -2.401843786239624023e+00 -2.506621360778808594e+00 -2.249699592590332031e+00 -2.940794706344604492e+00 -2.821444272994995117e+00 -2.864151716232299805e+00 -2.997300386428833008e+00 -3.255588054656982422e+00 -3.203132629394531250e+00 -3.340570211410522461e+00 -3.668652534484863281e+00 -3.998828649520874023e+00 -3.827841281890869141e+00 -3.784313678741455078e+00 -3.935082197189331055e+00 -3.706525325775146484e+00 -3.796365022659301758e+00 -4.088170528411865234e+00 -3.720068931579589844e+00 -3.829139232635498047e+00 -4.049898624420166016e+00 -3.233340263366699219e+00 -3.179817199707031250e+00
1.138525921851396561e-02 -1.704508423805236816e+00 -1.846366405487060547e+00 -1.464916706085205078e+00 -2.009548425674438477e+00 -1.793897986412048340e+00 -1.589200615882873535e+00 -1.209424972534179688e+00 -1.315189599990844727e+00 -1.740382790565490723e+00 -2.097957134246826172e+00 -2.247895240783691406e+00 -2.335032463073730469e+00 -2.710557699203491211e+00 -3.287758350372314453e+00 -3.161107301712036133e+00 -3.030210971832275391e+00 -2.793997287750244141e+00 -2.672456026077270508e+00 -2.522198915481567383e+00 -2.909015178680419922e+00 -2.709643602371215820e+00 -2.926880121231079102e+00 -2.835790395736694336e+00 -2.309866189956665039e+00 -1.920416593551635742e+00 -1.590011119842529297e+00 -2.238653182983398438e+00 -2.849983215332031250e+00 -3.101377725601196289e+00 -2.908056020736694336e+00 -2.998463869094848633e+00 -3.236029863357543945e+00 -3.217300415039062500e+00 -3.231327772140502930e+00 -3.189562082290649414e+00 -3.132301568984985352e+00 -2.963699340820312500e+00 -2.740847826004028320e+00 -2.676083803176879883e+00 -2.678779602050781250e+00 -2.108560800552368164e+00 -1.808232903480529785e+00 -1.671145915985107422e+00 -2.247134923934936523e+00 -3.000710964202880859e+00 -3.219517230987548828e+00 -3.310994863510131836e+00 -2.922849893569946289e+00 -3.414491653442382812e+00 -3.277060031890869141e+00 -3.461176633834838867e+00 -3.498883724212646484e+00 -3.590112924575805664e+00 -4.116667747497558594e+00 -3.992272138595581055e+00 -4.145156383514404297e+00 -4.079063892364501953e+00 -4.181466579437255859e+00 -3.738422155380249023e+00 -3.570717096328735352e+00 -4.108257770538330078e+00 -3.518601655960083008e+00 -3.695399999618530273e+00
-1.112183570861816406e+00 -1.645553708076477051e+00 -1.576118707656860352e+00 -1.532539963722229004e+00 -1.914788603782653809e+00 -1.827167749404907227e+00 -1.940950632095336914e+00 -1.197558283805847168e+00 -1.341054558753967285e+00 -1.635359048843383789e+00 -2.093182086944580078e+00 -2.197607994079589844e+00 -2.564792633056640625e+00 -2.839558839797973633e+00 -3.102643013000488281e+00 -3.092732191085815430e+00 -3.231115818023681641e+00 -3.022102594375610352e+00 -3.010486602783203125e+00 -2.436614036560058594e+00 -2.552080869674682617e+00 -2.581943273544311523e+00 -3.106227397918701172e+00 -2.934210300445556641e+00 -2.388328552246093750e+00 -1.678082466125488281e+00 -1.163292646408081055e+00 -1.929760336875915527e+00 -2.727869987487792969e+00 -3.099270820617675781e+00 -3.193952322006225586e+00 -3.012246847152709961e+00 -3.126235723495483398e+00 -3.116654396057128906e+00 -3.234913825988769531e+00 -3.388268709182739258e+00 -3.076070547103881836e+00 -3.147106170654296875e+00 -2.682766437530517578e+00 -2.493073463439941406e+00 -2.515228748321533203e+00 -1.909401416778564453e+00 -1.435592651367187500e+00 -8.626889586448669434e-01 -1.828035116195678711e+00 -2.555644750595092773e+00 -3.231831073760986328e+00 -3.592146396636962891e+00 -3.156490802764892578e+00 -3.655353069305419922e+00 -3.717698812484741211e+00 -3.429738759994506836e+00 -3.571196556091308594e+00 -3.946447610855102539e+00 -4.127388477325439453e+00 -4.307275772094726562e+00 -4.318543910980224609e+00 -4.446255683898925781e+00 -4.041609287261962891e+00 -3.868286132812500000e+00 -3.574113368988037109e+00 -3.645287990570068359e+00 -3.300433158874511719e+00 -3.582464694976806641e+00
-1.661121249198913574e+00 -1.596451878547668457e+00 -1.229881882667541504e+00 -1.907075881958007812e+00 -1.530800461769104004e+00 -1.564509272575378418e+00 -1.873348951339721680e+00 -1.099808692932128906e+00 -1.625306606292724609e+00 -1.645303845405578613e+00 -1.681025147438049316e+00 -2.024341106414794922e+00 -2.463707447052001953e+00 -3.120006084442138672e+00 -3.049499511718750000e+00 -2.869872808456420898e+00 -3.383376121520996094e+00 -2.982588052749633789e+00 -2.307873487472534180e+00 -2.842022895812988281e+00 -2.527682781219482422e+00 -2.745350837707519531e+00 -2.811181545257568359e+00 -2.668438911437988281e+00 -2.508861780166625977e+00 -1.715208530426025391e+00 -1.210626482963562012e+00 -2.190655708312988281e+00 -2.658521413803100586e+00 -3.007660627365112305e+00 -3.141938924789428711e+00 -2.981136322021484375e+00 -3.249973058700561523e+00 -3.402740955352783203e+00 -3.454988956451416016e+00 -3.594548702239990234e+00 -3.290528774261474609e+00 -3.020404577255249023e+00 -2.745205640792846680e+00 -2.669924736022949219e+00 -2.095630168914794922e+00 -1.517806172370910645e+00 -1.432906389236450195e+00 -1.090056896209716797e+00 -1.315427660942077637e+00 -1.713970422744750977e+00 -3.685366153717041016e+00 -3.157251119613647461e+00 -3.013276576995849609e+00 -3.409681558609008789e+00 -3.275987863540649414e+00 -3.772271156311035156e+00 -3.621210336685180664e+00 -3.952580928802490234e+00 -3.998974084854125977e+00 -4.483657836914062500e+00 -4.100707054138183594e+00 -4.832950115203857422e+00 -4.156434535980224609e+00 -3.859673261642456055e+00 -3.906836271286010742e+00 -3.701684713363647461e+00 -3.777051925659179688e+00 -3.564950227737426758e+00
-1.377372384071350098e+00 -1.507995963096618652e+00 -1.391933083534240723e+00 -1.397129178047180176e+00 -1.431142926216125488e+00 -1.953983306884765625e+00 -1.374280095100402832e+00 -1.127613306045532227e+00 -1.291565418243408203e+00 -1.721622109413146973e+00 -2.023680686950683594e+00 -1.989870429039001465e+00 -2.409450292587280273e+00 -3.025846719741821289e+00 -3.137010574340820312e+00 -3.071450710296630859e+00 -3.026499271392822266e+00 -2.834559917449951172e+00 -2.493353128433227539e+00 -2.387260675430297852e+00 -2.712110280990600586e+00 -2.713668346405029297e+00 -2.862189292907714844e+00 -2.564233303070068359e+00 -2.502571821212768555e+00 -1.886394977569580078e+00 -1.365537643432617188e+00 -1.902930378913879395e+00 -2.235783576965332031e+00 -2.809949398040771484e+00 -3.570954799652099609e+00 -3.387712955474853516e+00 -3.030586957931518555e+00 -3.259258031845092773e+00 -3.266352891921997070e+00 -2.938027143478393555e+00 -3.284255504608154297e+00 -3.290158510208129883e+00 -2.740787982940673828e+00 -2.901010274887084961e+00 -1.914629578590393066e+00 -1.595795869827270508e+00 -1.294470310211181641e+00 -1.037242054939270020e+00 -1.500599861145019531e+00 -1.897166013717651367e+00 -2.950128793716430664e+00 -3.224813222885131836e+00 -2.988324403762817383e+00 -3.621779680252075195e+00 -3.703024625778198242e+00 -3.665717601776123047e+00 -3.951066970825195312e+00 -3.639842033386230469e+00 -3.149034023284912109e+00 -3.443112850189208984e+00 -3.559828519821166992e+00 -3.938745737075805664e+00 -3.653491735458374023e+00 -4.122552394866943359e+00 -4.055808544158935547e+00 -4.616044521331787109e+00 -3.856065511703491211e+00 -3.185259103775024414e+00
-1.000479102134704590e+00 -1.717639327049255371e+00 -1.531538009643554688e+00 -1.652305603027343750e+00 -1.535022377967834473e+00 -1.275813698768615723e+00 -1.678587555885314941e+00 -1.142820358276367188e+00 -1.203599929809570312e+00 -1.740040659904479980e+00 -1.663967728614807129e+00 -1.972155332565307617e+00 -2.130899429321289062e+00 -2.623188734054565430e+00 -2.787994623184204102e+00 -3.088896512985229492e+00 -2.937686920166015625e+00 -2.896236896514892578e+00 -2.227042913436889648e+00 -2.108770132064819336e+00 -2.236574172973632812e+00 -2.578277349472045898e+00 -2.241038084030151367e+00 -2.364105463027954102e+00 -2.024471044540405273e+00 -1.605122685432434082e+00 -1.016319274902343750e+00 -1.625762581825256348e+00 -2.154813766479492188e+00 -2.911525487899780273e+00 -2.902756929397583008e+00 -3.302713632583618164e+00 -3.256172657012939453e+00 -3.146584510803222656e+00 -3.320228576660156250e+00 -3.302513837814331055e+00 -3.210794925689697266e+00 -2.909505128860473633e+00 -2.920928955078125000e+00 -2.800565958023071289e+00 -2.413189411163330078e+00 -1.706186890602111816e+00 -8.886491656303405762e-01 -7.805472612380981445e-01 -1.103713274002075195e+00 -1.765763998031616211e+00 -3.198256731033325195e+00 -3.580192089080810547e+00 -3.193925380706787109e+00 -3.496891736984252930e+00 -3.969024419784545898e+00 -3.622670888900756836e+00 -3.793207406997680664e+00 -4.338714599609375000e+00 -3.904449224472045898e+00 -3.815149068832397461e+00 -3.680092573165893555e+00 -4.017360210418701172e+00 -3.559128999710083008e+00 -3.544859409332275391e+00 -4.090468406677246094e+00 -4.389130592346191406e+00 -3.803469181060791016e+00 -3.435537576675415039e+00
-1.381751060485839844e+00 -1.312355518341064453e+00 -1.334129929542541504e+00 -1.604331851005554199e+00 -1.719082832336425781e+00 -2.065300941467285156e+00 -1.463223218917846680e+00 -8.805599808692932129e-01 -1.091168284416198730e+00 -1.549581646919250488e+00 -1.989540815353393555e+00 -1.775538444519042969e+00 -2.361536502838134766e+00 -2.880991697311401367e+00 -2.807573318481445312e+00 -2.874062061309814453e+00 -3.036361217498779297e+00 -2.706096172332763672e+00 -2.105568647384643555e+00 -2.076681613922119141e+00 -2.415273427963256836e+00 -2.199303865432739258e+00 -2.611769676208496094e+00 -2.750110149383544922e+00 -2.158762931823730469e+00 -1.649958252906799316e+00 -1.561980605125427246e+00 -1.582447648048400879e+00 -2.302605867385864258e+00 -3.218666315078735352e+00 -3.118750572204589844e+00 -3.504965782165527344e+00 -3.307964801788330078e+00 -3.130334615707397461e+00 -3.410183191299438477e+00 -3.299045324325561523e+00 -3.007117986679077148e+00 -2.910542726516723633e+00 -2.627127885818481445e+00 -2.089077711105346680e+00 -2.442190408706665039e+00 -1.549888253211975098e+00 -5.121788382530212402e-01 -8.756677508354187012e-01 -1.387779593467712402e+00 -1.279281377792358398e+00 -2.504895210266113281e+00 -3.436140537261962891e+00 -3.068662166595458984e+00 -3.312917470932006836e+00 -3.956681966781616211e+00 -3.835877418518066406e+00 -3.896260976791381836e+00 -3.901964902877807617e+00 -4.441555023193359375e+00 -3.895362615585327148e+00 -3.741653680801391602e+00 -4.048683166503906250e+00 -4.273116588592529297e+00 -3.487987518310546875e+00 -3.843607425689697266e+00 -3.547298908233642578e+00 -3.719304323196411133e+00 -3.857862472534179688e+00
-1.730177044868469238e+00 -1.466531634330749512e+00 -1.609783411026000977e+00 -1.616791605949401855e+00 -1.581315398216247559e+00 -1.690192341804504395e+00 -1.636961340904235840e+00 -1.686426520347595215e+00 -1.465839982032775879e+00 -1.247764825820922852e+00 -1.286741733551025391e+00 -1.819585323333740234e+00 -2.495544195175170898e+00 -2.745509862899780273e+00 -2.794528961181640625e+00 -2.643549680709838867e+00 -3.144113779067993164e+00 -2.629351615905761719e+00 -2.280295848846435547e+00 -2.228320360183715820e+00 -2.414401769638061523e+00 -2.346152067184448242e+00 -2.727568864822387695e+00 -2.527946233749389648e+00 -2.128146886825561523e+00 -1.703656792640686035e+00 -1.121194601058959961e+00 -1.418585777282714844e+00 -2.216161966323852539e+00 -3.230994462966918945e+00 -3.091675758361816406e+00 -3.248600721359252930e+00 -3.270231246948242188e+00 -2.946094989776611328e+00 -3.124819517135620117e+00 -3.499240159988403320e+00 -3.633809328079223633e+00 -3.260200023651123047e+00 -3.193119049072265625e+00 -2.150706291198730469e+00 -1.725789189338684082e+00 -1.243234157562255859e+00 -2.189578860998153687e-01 -6.480764150619506836e-01 -9.154057502746582031e-01 -9.117853045463562012e-01 -1.865149736404418945e+00 -2.832749128341674805e+00 -3.230656385421752930e+00 -3.363739490509033203e+00 -3.319288492202758789e+00 -3.509126663208007812e+00 -3.632992029190063477e+00 -3.886738061904907227e+00 -4.207310199737548828e+00 -3.717515468597412109e+00 -4.234024047851562500e+00 -4.672900199890136719e+00 -4.785060882568359375e+00 -4.789782047271728516e+00 -4.580590248107910156e+00 -4.087472438812255859e+00 -4.488525867462158203e+00 -3.376348733901977539e+00
-1.479586482048034668e+00 -1.287657499313354492e+00 -1.633990168571472168e+00 -1.693613886833190918e+00 -1.671285867691040039e+00 -1.731257438659667969e+00 -2.071239233016967773e+00 -2.233025550842285156e+00 -1.876192450523376465e+00 -1.392432689666748047e+00 -1.560784101486206055e+00 -1.725576400756835938e+00 -2.262974977493286133e+00 -2.764088630676269531e+00 -2.873047351837158203e+00 -2.283666610717773438e+00 -2.827418565750122070e+00 -2.579406499862670898e+00 -1.685999989509582520e+00 -2.259478330612182617e+00 -2.803634405136108398e+00 -2.362404584884643555e+00 -2.378219366073608398e+00 -2.260770320892333984e+00 -1.911504268646240234e+00 -6.513207554817199707e-01 -1.131587028503417969e+00 -1.159114837646484375e+00 -1.849407553672790527e+00 -3.178047418594360352e+00 -2.796701431274414062e+00 -2.934256315231323242e+00 -3.114159107208251953e+00 -3.285282373428344727e+00 -2.635432243347167969e+00 -3.297635316848754883e+00 -3.619308233261108398e+00 -3.504742383956909180e+00 -2.989539861679077148e+00 -3.091070652008056641e+00 -2.291312932968139648e+00 -1.226501941680908203e+00 -4.794031381607055664e-01 -7.953802943229675293e-01 -8.225420117378234863e-01 -7.652807235717773438e-01 -2.705099105834960938e+00 -3.301641702651977539e+00 -3.091989994049072266e+00 -3.946150541305541992e+00 -3.276912689208984375e+00 -3.498602628707885742e+00 -3.314277172088623047e+00 -4.218370437622070312e+00 -4.107638359069824219e+00 -4.751161098480224609e+00 -4.808765411376953125e+00 -4.820730209350585938e+00 -5.497615337371826172e+00 -4.274485588073730469e+00 -4.162506580352783203e+00 -4.143902778625488281e+00 -4.112831592559814453e+00 -4.084860324859619141e+00
-1.630982995033264160e+00 -2.108386516571044922e+00 -1.936412215232849121e+00 -1.415395975112915039e+00 -1.579868435859680176e+00 -1.600501418113708496e+00 -1.577049374580383301e+00 -1.269509434700012207e+00 -1.322326898574829102e+00 -1.649658679962158203e+00 -1.777516365051269531e+00 -1.910739898681640625e+00 -2.007207632064819336e+00 -2.667102575302124023e+00 -3.090319633483886719e+00 -2.828166246414184570e+00 -2.891340255737304688e+00 -2.200974464416503906e+00 -1.591458916664123535e+00 -2.080881357192993164e+00 -2.639564990997314453e+00 -2.638499736785888672e+00 -2.614285469055175781e+00 -2.440362691879272461e+00 -1.500350356101989746e+00 -6.996636390686035156e-01 -8.732204437255859375e-01 -1.405358672142028809e+00 -2.096395969390869141e+00 -2.872109889984130859e+00 -3.104109764099121094e+00 -2.834330320358276367e+00 -3.128391265869140625e+00 -2.976031780242919922e+00 -2.987344026565551758e+00 -3.562083721160888672e+00 -3.518509387969970703e+00 -3.362131595611572266e+00 -3.088373422622680664e+00 -2.600841999053955078e+00 -2.481202363967895508e+00 -1.302023291587829590e+00 -1.376069426536560059e+00 -1.215917229652404785e+00 -1.006653547286987305e+00 -1.656556606292724609e+00 -2.850008010864257812e+00 -3.471317529678344727e+00 -3.232460260391235352e+00 -3.310191631317138672e+00 -3.662606239318847656e+00 -4.024098396301269531e+00 -3.634471178054809570e+00 -4.029865741729736328e+00 -4.554293155670166016e+00 -4.990744590759277344e+00 -5.028215408325195312e+00 -4.451904773712158203e+00 -5.367784976959228516e+00 -4.665981292724609375e+00 -4.469192981719970703e+00 -5.001983165740966797e+00 -4.596388339996337891e+00 -4.357935905456542969e+00
-1.928990364074707031e+00 -1.743961572647094727e+00 -1.448507905006408691e+00 -1.349464654922485352e+00 -1.633583545684814453e+00 -1.875591039657592773e+00 -1.516570448875427246e+00 -1.694661617279052734e+00 -1.804195523262023926e+00 -1.639494419097900391e+00 -1.694224357604980469e+00 -2.034509181976318359e+00 -2.181839942932128906e+00 -2.404242515563964844e+00 -2.855094432830810547e+00 -2.698739528656005859e+00 -2.819595336914062500e+00 -2.319693803787231445e+00 -1.406234383583068848e+00 -1.530409812927246094e+00 -2.383306980133056641e+00 -2.462169408798217773e+00 -2.709567308425903320e+00 -2.140710592269897461e+00 -1.666046023368835449e+00 -6.892784237861633301e-01 -1.421614289283752441e+00 -1.848057150840759277e+00 -1.938942551612854004e+00 -2.330994606018066406e+00 -2.987032651901245117e+00 -3.155764818191528320e+00 -3.006459474563598633e+00 -3.138184309005737305e+00 -2.923346281051635742e+00 -3.674409151077270508e+00 -3.313892126083374023e+00 -3.348031282424926758e+00 -3.399715662002563477e+00 -2.749912500381469727e+00 -2.454296827316284180e+00 -1.270997047424316406e+00 -9.183950424194335938e-01 -1.218878030776977539e+00 -9.969398975372314453e-01 -1.342842221260070801e+00 -2.860747337341308594e+00 -3.456471204757690430e+00 -3.239864826202392578e+00 -3.469950914382934570e+00 -4.062260150909423828e+00 -4.206858634948730469e+00 -4.039014816284179688e+00 -4.639705181121826172e+00 -4.670562267303466797e+00 -4.710209846496582031e+00 -4.896186828613281250e+00 -4.377110481262207031e+00 -4.465780735015869141e+00 -4.623547077178955078e+00 -4.820738792419433594e+00 -5.329665184020996094e+00 -3.911730766296386719e+00 -3.469723701477050781e+00
-1.458417534828186035e+00 -1.481374382972717285e+00 -1.191191554069519043e+00 -1.646968841552734375e+00 -1.344800233840942383e+00 -1.597896337509155273e+00 -1.586013317108154297e+00 -1.729129552841186523e+00 -1.815602898597717285e+00 -2.063463687896728516e+00 -1.885498046875000000e+00 -2.182067871093750000e+00 -2.149389028549194336e+00 -2.087835073471069336e+00 -2.195256471633911133e+00 -2.451242923736572266e+00 -2.415059328079223633e+00 -1.701810359954833984e+00 -8.840892910957336426e-01 -1.557820558547973633e+00 -1.463046431541442871e+00 -2.268247842788696289e+00 -2.415976285934448242e+00 -1.840921878814697266e+00 -1.838455677032470703e+00 -1.394911646842956543e+00 -9.701496362686157227e-01 -2.004404783248901367e+00 -1.936031222343444824e+00 -2.134895324707031250e+00 -2.981519460678100586e+00 -3.485661268234252930e+00 -3.026759386062622070e+00 -3.384712219238281250e+00 -2.956106424331665039e+00 -3.495088338851928711e+00 -3.816433191299438477e+00 -3.170625209808349609e+00 -2.922649621963500977e+00 -2.769699096679687500e+00 -2.737903118133544922e+00 -2.608330965042114258e+00 -1.677248239517211914e+00 -1.258968472480773926e+00 -1.791411042213439941e+00 -1.668341875076293945e+00 -2.993128538131713867e+00 -3.453895807266235352e+00 -3.689543724060058594e+00 -3.719475507736206055e+00 -3.710446357727050781e+00 -4.599017143249511719e+00 -3.914170503616333008e+00 -4.015983581542968750e+00 -4.128922939300537109e+00 -4.936502933502197266e+00 -5.350860595703125000e+00 -5.205389022827148438e+00 -5.045192718505859375e+00 -4.061982154846191406e+00 -4.424635410308837891e+00 -5.073702812194824219e+00 -4.507237434387207031e+00 -3.704960107803344727e+00
-1.628348112106323242e+00 -1.160465359687805176e+00 -1.578789472579956055e+00 -1.897774577140808105e+00 -1.728677988052368164e+00 -1.756467223167419434e+00 -1.514678835868835449e+00 -1.593497514724731445e+00 -1.497264742851257324e+00 -1.981065869331359863e+00 -2.164637565612792969e+00 -1.784837245941162109e+00 -1.925466537475585938e+00 -1.549825906753540039e+00 -2.419868469238281250e+00 -2.674527883529663086e+00 -2.312925338745117188e+00 -1.514772653579711914e+00 -9.627599120140075684e-01 -1.284595131874084473e+00 -1.566081881523132324e+00 -1.775041222572326660e+00 -1.989292502403259277e+00 -1.687056183815002441e+00 -1.690333247184753418e+00 -1.351385474205017090e+00 -1.280025005340576172e+00 -1.595009684562683105e+00 -2.270739316940307617e+00 -2.441179275512695312e+00 -2.752581596374511719e+00 -2.745409727096557617e+00 -3.240130901336669922e+00 -2.851547718048095703e+00 -2.960390090942382812e+00 -2.934365987777709961e+00 -3.272501230239868164e+00 -3.571768999099731445e+00 -3.069095134735107422e+00 -2.723786354064941406e+00 -2.783189773559570312e+00 -2.780286788940429688e+00 -2.086965560913085938e+00 -1.191964268684387207e+00 -1.653308868408203125e+00 -2.549783468246459961e+00 -3.158089637756347656e+00 -3.549265146255493164e+00 -3.876523017883300781e+00 -3.499248743057250977e+00 -4.034209251403808594e+00 -4.128603935241699219e+00 -4.166853904724121094e+00 -4.386180877685546875e+00 -4.312552452087402344e+00 -5.179423809051513672e+00 -4.706337928771972656e+00 -4.818717479705810547e+00 -5.089378833770751953e+00 -4.239135265350341797e+00 -5.056137084960937500e+00 -5.254346370697021484e+00 -5.046514987945556641e+00 -3.574704885482788086e+00
-1.678424358367919922e+00 -1.783485174179077148e+00 -1.698116898536682129e+00 -1.746228575706481934e+00 -1.995428323745727539e+00 -1.531888484954833984e+00 -1.765732288360595703e+00 -1.563359022140502930e+00 -1.560673356056213379e+00 -1.912735819816589355e+00 -1.763216853141784668e+00 -1.918479561805725098e+00 -1.822074174880981445e+00 -2.096338033676147461e+00 -2.339740514755249023e+00 -2.674652814865112305e+00 -2.459257125854492188e+00 -1.759473919868469238e+00 -1.285087704658508301e+00 -2.036881923675537109e+00 -1.791781544685363770e+00 -2.065653324127197266e+00 -2.224479436874389648e+00 -2.112666368484497070e+00 -1.638645887374877930e+00 -1.220541477203369141e+00 -1.209396719932556152e+00 -1.613679885864257812e+00 -2.329621791839599609e+00 -2.463555812835693359e+00 -2.546992063522338867e+00 -2.944760799407958984e+00 -3.141746282577514648e+00 -2.817869424819946289e+00 -2.887307167053222656e+00 -3.104002475738525391e+00 -3.082727193832397461e+00 -3.382748126983642578e+00 -3.250122547149658203e+00 -2.642659664154052734e+00 -2.822761297225952148e+00 -2.593662500381469727e+00 -1.777150392532348633e+00 -1.182750701904296875e+00 -1.369865298271179199e+00 -1.981207132339477539e+00 -2.876299858093261719e+00 -3.446600437164306641e+00 -3.396802663803100586e+00 -3.731434822082519531e+00 -4.348128795623779297e+00 -4.112725734710693359e+00 -4.335784912109375000e+00 -4.405498504638671875e+00 -5.020959854125976562e+00 -5.218922615051269531e+00 -4.975588798522949219e+00 -4.803325176239013672e+00 -5.286328315734863281e+00 -4.694576263427734375e+00 -4.947447299957275391e+00 -5.684905052185058594e+00 -5.841782093048095703e+00 -3.959806203842163086e+00
-1.596964478492736816e+00 -1.721185684204101562e+00 -1.735003829002380371e+00 -1.777649044990539551e+00 -1.813702344894409180e+00 -1.664798378944396973e+00 -1.530711054801940918e+00 -1.631656885147094727e+00 -1.552718639373779297e+00 -1.927501797676086426e+00 -1.948525309562683105e+00 -2.107933759689331055e+00 -1.895220279693603516e+00 -1.897710442543029785e+00 -2.207708120346069336e+00 -2.543926954269409180e+00 -2.400852441787719727e+00 -1.584472775459289551e+00 -1.297682285308837891e+00 -1.919694542884826660e+00 -2.052470207214355469e+00 -2.201051712036132812e+00 -2.482208013534545898e+00 -1.663516759872436523e+00 -1.605743765830993652e+00 -1.025586724281311035e+00 -1.414420127868652344e+00 -1.225672721862792969e+00 -1.732790350914001465e+00 -2.161182880401611328e+00 -2.753545522689819336e+00 -3.053354263305664062e+00 -2.838428258895874023e+00 -2.723617792129516602e+00 -3.775746345520019531e+00 -3.539001226425170898e+00 -3.845695495605468750e+00 -3.333897590637207031e+00 -2.826628446578979492e+00 -3.041754007339477539e+00 -3.060470581054687500e+00 -2.303775072097778320e+00 -1.782401442527770996e+00 -1.359885692596435547e+00 -1.058474659919738770e+00 -2.543312549591064453e+00 -3.096179246902465820e+00 -3.118211030960083008e+00 -3.031840801239013672e+00 -3.844814062118530273e+00 -4.317174434661865234e+00 -4.429220676422119141e+00 -4.443985939025878906e+00 -4.795444011688232422e+00 -4.621857166290283203e+00 -5.449554443359375000e+00 -4.341570854187011719e+00 -4.909861087799072266e+00 -5.567881107330322266e+00 -4.888972759246826172e+00 -4.389673233032226562e+00 -5.353939533233642578e+00 -4.538449764251708984e+00 -4.542448520660400391e+00
-2.236415386199951172e+00 -2.271181344985961914e+00 -2.143038749694824219e+00 -1.814743757247924805e+00 -1.678427338600158691e+00 -2.052470445632934570e+00 -2.080159187316894531e+00 -1.880187511444091797e+00 -2.001337289810180664e+00 -1.814478039741516113e+00 -1.979779124259948730e+00 -1.454207658767700195e+00 -1.681717634201049805e+00 -1.619112849235534668e+00 -2.305397987365722656e+00 -2.676922798156738281e+00 -2.585535526275634766e+00 -1.884732007980346680e+00 -1.296049118041992188e+00 -1.858061909675598145e+00 -1.692968606948852539e+00 -1.710782647132873535e+00 -1.555274963378906250e+00 -1.901481032371520996e+00 -9.393293857574462891e-01 -9.149119853973388672e-01 -1.128327012062072754e+00 -1.218940377235412598e+00 -1.479936957359313965e+00 -2.266726970672607422e+00 -2.988206624984741211e+00 -3.323627948760986328e+00 -3.315567493438720703e+00 -3.291633367538452148e+00 -3.293115615844726562e+00 -3.939425230026245117e+00 -3.953999042510986328e+00 -3.719579458236694336e+00 -3.381070613861083984e+00 -2.722409486770629883e+00 -2.933618307113647461e+00 -2.436426639556884766e+00 -2.058847427368164062e+00 -1.002380728721618652e+00 -9.156357049942016602e-01 -2.892853498458862305e+00 -3.242207765579223633e+00 -3.775292158126831055e+00 -3.452573537826538086e+00 -3.674176454544067383e+00 -4.212154388427734375e+00 -3.896255731582641602e+00 -4.200530529022216797e+00 -4.875627994537353516e+00 -5.126255512237548828e+00 -4.997095108032226562e+00 -5.293931961059570312e+00 -5.587270259857177734e+00 -5.112948894500732422e+00 -4.303789138793945312e+00 -4.360432147979736328e+00 -5.936658859252929688e+00 -5.579188823699951172e+00 -4.397152423858642578e+00
-2.620231389999389648e+00 -2.748437643051147461e+00 -2.785504579544067383e+00 -2.789493083953857422e+00 -2.624705791473388672e+00 -2.797114372253417969e+00 -2.514511823654174805e+00 -1.825893878936767578e+00 -1.695085644721984863e+00 -1.757499098777770996e+00 -1.993830442428588867e+00 -2.018707513809204102e+00 -2.327184915542602539e+00 -2.301807880401611328e+00 -2.260149002075195312e+00 -3.134960174560546875e+00 -3.012393474578857422e+00 -2.009170770645141602e+00 -1.346045970916748047e+00 -2.140763282775878906e+00 -1.735601305961608887e+00 -1.709350943565368652e+00 -1.675364494323730469e+00 -1.823117613792419434e+00 -7.929109930992126465e-01 -1.159043431282043457e+00 -1.096267700195312500e+00 -1.327411174774169922e+00 -2.045352697372436523e+00 -2.542763471603393555e+00 -2.856549978256225586e+00 -3.559047937393188477e+00 -3.555123567581176758e+00 -3.607165813446044922e+00 -3.116040945053100586e+00 -3.693444252014160156e+00 -3.502155542373657227e+00 -3.911688804626464844e+00 -3.341763734817504883e+00 -2.730483055114746094e+00 -2.776180028915405273e+00 -2.082416772842407227e+00 -1.549347400665283203e+00 -1.482204914093017578e+00 -1.398573040962219238e+00 -1.242900013923645020e+00 -3.087074756622314453e+00 -3.555430412292480469e+00 -3.527783393859863281e+00 -3.779624938964843750e+00 -4.054297924041748047e+00 -3.869302511215209961e+00 -3.994863510131835938e+00 -4.425968647003173828e+00 -4.981697082519531250e+00 -5.364164352416992188e+00 -6.198727607727050781e+00 -5.983067989349365234e+00 -5.713266849517822266e+00 -4.956701278686523438e+00 -4.933047294616699219e+00 -4.869587421417236328e+00 -5.669014930725097656e+00 -3.783776283264160156e+00
-2.869890213012695312e+00 -3.182982921600341797e+00 -2.863983869552612305e+00 -2.680940866470336914e+00 -2.616290807723999023e+00 -2.832560539245605469e+00 -2.394710302352905273e+00 -1.777580618858337402e+00 -1.216402411460876465e+00 -1.018629193305969238e+00 -1.446184635162353516e+00 -1.590483307838439941e+00 -2.347277402877807617e+00 -2.854711294174194336e+00 -2.616240262985229492e+00 -2.725373029708862305e+00 -2.719085693359375000e+00 -2.127444028854370117e+00 -1.327225923538208008e+00 -2.064521551132202148e+00 -1.923207521438598633e+00 -2.104648113250732422e+00 -1.803377628326416016e+00 -1.531914710998535156e+00 -1.426723837852478027e+00 -1.122905254364013672e+00 -1.268369555473327637e+00 -1.721278786659240723e+00 -2.247516632080078125e+00 -2.708916187286376953e+00 -2.716146707534790039e+00 -3.437793016433715820e+00 -3.251262903213500977e+00 -3.246300935745239258e+00 -3.062312841415405273e+00 -3.763998270034790039e+00 -3.642470359802246094e+00 -3.775097608566284180e+00 -2.980160474777221680e+00 -2.392570734024047852e+00 -1.972910761833190918e+00 -1.242790460586547852e+00 -2.003977060317993164e+00 -1.904667854309082031e+00 -2.070670604705810547e+00 -1.870677828788757324e+00 -1.938196539878845215e+00 -3.617903470993041992e+00 -3.966666221618652344e+00 -3.909348726272583008e+00 -5.075436592102050781e+00 -4.343456268310546875e+00 -3.854617834091186523e+00 -4.122775554656982422e+00 -5.122352123260498047e+00 -5.425397872924804688e+00 -5.681542873382568359e+00 -5.324499130249023438e+00 -5.975866794586181641e+00 -5.774899005889892578e+00 -6.216827869415283203e+00 -5.609890937805175781e+00 -4.971786975860595703e+00 -3.879289865493774414e+00
-3.085442781448364258e+00 -3.208087921142578125e+00 -2.677939653396606445e+00 -2.770155429840087891e+00 -2.549027204513549805e+00 -2.696552753448486328e+00 -1.768804788589477539e+00 -1.136214613914489746e+00 -1.284566998481750488e+00 -1.031858444213867188e+00 -1.984097957611083984e+00 -1.967847585678100586e+00 -2.197117090225219727e+00 -2.390972137451171875e+00 -2.574207305908203125e+00 -2.615348339080810547e+00 -1.871005058288574219e+00 -1.519702434539794922e+00 -1.567337036132812500e+00 -2.017711877822875977e+00 -2.546776294708251953e+00 -2.246051788330078125e+00 -1.871638059616088867e+00 -1.899478316307067871e+00 -9.612604975700378418e-01 -4.628286659717559814e-01 5.745194554328918457e-01 -6.597228050231933594e-01 -2.280994415283203125e+00 -2.743843317031860352e+00 -2.719507932662963867e+00 -3.384602785110473633e+00 -3.401879310607910156e+00 -2.985154390335083008e+00 -3.528914213180541992e+00 -3.161074638366699219e+00 -4.504258155822753906e+00 -3.898364782333374023e+00 -2.803326845169067383e+00 -2.044449090957641602e+00 -1.593919992446899414e+00 -1.752577900886535645e+00 -2.408011436462402344e+00 -2.272206544876098633e+00 -2.256634950637817383e+00 -2.471666097640991211e+00 -2.165998458862304688e+00 -2.099743843078613281e+00 -3.287455558776855469e+00 -4.424635410308837891e+00 -4.670459270477294922e+00 -4.375462055206298828e+00 -4.423351764678955078e+00 -4.836270809173583984e+00 -4.728749752044677734e+00 -4.736143589019775391e+00 -4.868655204772949219e+00 -5.761936187744140625e+00 -5.850508689880371094e+00 -6.247950553894042969e+00 -6.079515933990478516e+00 -5.751059055328369141e+00 -4.996991634368896484e+00 -4.315450191497802734e+00
-2.649075984954833984e+00 -3.273563385009765625e+00 -3.162069320678710938e+00 -3.005619049072265625e+00 -3.001744031906127930e+00 -2.626044511795043945e+00 -1.745817422866821289e+00 -7.307874560356140137e-01 -6.849781274795532227e-01 -1.079195499420166016e+00 -1.739228129386901855e+00 -1.801230549812316895e+00 -1.950294137001037598e+00 -2.488105535507202148e+00 -2.485138893127441406e+00 -2.374901771545410156e+00 -1.420624375343322754e+00 -1.149964094161987305e+00 -1.318253636360168457e+00 -1.899094939231872559e+00 -2.838282823562622070e+00 -2.311132431030273438e+00 -2.284441232681274414e+00 -1.359545111656188965e+00 -7.609291672706604004e-01 -2.672632634639739990e-01 3.906930983066558838e-01 -4.899156689643859863e-01 -1.715753555297851562e+00 -2.756422519683837891e+00 -2.243310928344726562e+00 -3.206529378890991211e+00 -3.619898557662963867e+00 -3.052934646606445312e+00 -3.365118980407714844e+00 -3.194532632827758789e+00 -4.473964691162109375e+00 -4.839144229888916016e+00 -2.022107124328613281e+00 -1.621703624725341797e+00 -2.014571905136108398e+00 -2.042211771011352539e+00 -1.941038489341735840e+00 -2.047146558761596680e+00 -2.299974679946899414e+00 -2.760671615600585938e+00 -2.802973031997680664e+00 -2.283622026443481445e+00 -2.692336320877075195e+00 -4.755024909973144531e+00 -4.837487220764160156e+00 -4.543566703796386719e+00 -3.712508678436279297e+00 -4.592049598693847656e+00 -4.855372428894042969e+00 -4.618253231048583984e+00 -5.034174442291259766e+00 -5.659378051757812500e+00 -5.459019184112548828e+00 -5.558697223663330078e+00 -5.637912273406982422e+00 -6.019768238067626953e+00 -5.637826442718505859e+00 -3.846560239791870117e+00
-3.496016025543212891e+00 -3.754822015762329102e+00 -3.536570072174072266e+00 -3.384779214859008789e+00 -3.169377565383911133e+00 -2.540399074554443359e+00 -2.295010805130004883e+00 -1.121864795684814453e+00 -6.740244626998901367e-01 -1.237314343452453613e+00 -1.760900259017944336e+00 -1.827061533927917480e+00 -1.813256502151489258e+00 -2.010385274887084961e+00 -2.326547622680664062e+00 -2.055899143218994141e+00 -1.595491051673889160e+00 -1.152357459068298340e+00 -5.035746097564697266e-01 -1.993626475334167480e+00 -2.038090944290161133e+00 -2.536322593688964844e+00 -2.082631111145019531e+00 -1.884344577789306641e+00 -6.009348034858703613e-01 7.884936332702636719e-01 2.105964869260787964e-01 -1.698793172836303711e+00 -1.812537670135498047e+00 -2.527444362640380859e+00 -1.885888099670410156e+00 -3.173550605773925781e+00 -3.194924831390380859e+00 -3.548038482666015625e+00 -3.380331039428710938e+00 -3.507192850112915039e+00 -4.193650245666503906e+00 -3.393915653228759766e+00 -1.914756298065185547e+00 -1.814737319946289062e+00 -1.818045973777770996e+00 -1.653159022331237793e+00 -1.757434487342834473e+00 -1.875527858734130859e+00 -2.318166971206665039e+00 -2.663623094558715820e+00 -3.290553569793701172e+00 -2.542093992233276367e+00 -2.621147871017456055e+00 -3.572754621505737305e+00 -4.611571788787841797e+00 -4.707540035247802734e+00 -4.338494300842285156e+00 -4.575321197509765625e+00 -4.974213600158691406e+00 -4.831249713897705078e+00 -5.357676506042480469e+00 -5.199291229248046875e+00 -6.190948009490966797e+00 -5.786603450775146484e+00 -5.798092842102050781e+00 -6.813651084899902344e+00 -5.611108303070068359e+00 -3.957335710525512695e+00
-3.244808673858642578e+00 -3.893867969512939453e+00 -3.473268985748291016e+00 -3.004196882247924805e+00 -3.084404468536376953e+00 -2.781485319137573242e+00 -2.320288419723510742e+00 -1.494701862335205078e+00 -1.014300584793090820e+00 -1.063664078712463379e+00 -1.263298869132995605e+00 -1.380364418029785156e+00 -1.077095627784729004e+00 -1.707916498184204102e+00 -1.850275039672851562e+00 -1.485801339149475098e+00 -1.417408108711242676e+00 -9.014241099357604980e-01 -7.974854111671447754e-01 -1.318191766738891602e+00 -2.170199632644653320e+00 -2.554888010025024414e+00 -2.020586013793945312e+00 -1.283748269081115723e+00 -7.164651751518249512e-01 8.350762128829956055e-01 7.205354571342468262e-01 -1.534690856933593750e+00 -1.404391169548034668e+00 -1.574080109596252441e+00 -1.641710877418518066e+00 -3.257112741470336914e+00 -3.157077074050903320e+00 -3.536348581314086914e+00 -3.910690784454345703e+00 -3.632018804550170898e+00 -3.446656227111816406e+00 -2.617625236511230469e+00 -2.124544620513916016e+00 -2.210053205490112305e+00 -2.167166709899902344e+00 -1.655891776084899902e+00 -1.523264646530151367e+00 -1.750410437583923340e+00 -2.267789602279663086e+00 -2.709431171417236328e+00 -2.698031425476074219e+00 -2.477527141571044922e+00 -2.648888587951660156e+00 -2.757237911224365234e+00 -3.970530748367309570e+00 -3.709159374237060547e+00 -4.654417991638183594e+00 -4.958701133728027344e+00 -5.445394039154052734e+00 -4.636878013610839844e+00 -5.474420547485351562e+00 -5.276543617248535156e+00 -6.021874427795410156e+00 -6.044785499572753906e+00 -6.447589874267578125e+00 -5.811031341552734375e+00 -5.859861850738525391e+00 -4.049045562744140625e+00
-3.688738107681274414e+00 -3.517549514770507812e+00 -3.203808784484863281e+00 -3.029374837875366211e+00 -3.072389841079711914e+00 -2.760106801986694336e+00 -2.641996383666992188e+00 -1.645140528678894043e+00 -7.429514527320861816e-01 -3.358324468135833740e-01 -7.698845267295837402e-01 -1.240249633789062500e+00 -1.341758131980895996e+00 -1.602657318115234375e+00 -1.780174732208251953e+00 -1.558180332183837891e+00 -1.362958788871765137e+00 -1.030799269676208496e+00 -7.216179966926574707e-01 -7.991786599159240723e-01 -1.675430536270141602e+00 -2.107095956802368164e+00 -1.890704393386840820e+00 -1.598812103271484375e+00 -6.920297741889953613e-01 7.154519557952880859e-01 5.304957628250122070e-01 -1.525722980499267578e+00 -2.213804244995117188e+00 -1.651563525199890137e+00 -1.549401998519897461e+00 -2.561504364013671875e+00 -3.160774707794189453e+00 -3.707845926284790039e+00 -3.818027257919311523e+00 -3.735738039016723633e+00 -3.616727352142333984e+00 -2.161543607711791992e+00 -2.458528041839599609e+00 -2.123948574066162109e+00 -2.011935472488403320e+00 -1.607136607170104980e+00 -1.229405522346496582e+00 -1.414938449859619141e+00 -1.634334444999694824e+00 -2.438991546630859375e+00 -2.521988868713378906e+00 -2.420274019241333008e+00 -2.571971416473388672e+00 -2.518583774566650391e+00 -4.101608753204345703e+00 -4.537783145904541016e+00 -4.462247371673583984e+00 -5.054459095001220703e+00 -5.057478904724121094e+00 -4.951745033264160156e+00 -5.033439636230468750e+00 -5.156106472015380859e+00 -6.494028568267822266e+00 -5.714261531829833984e+00 -6.110423564910888672e+00 -5.150411128997802734e+00 -5.552772521972656250e+00 -4.215102672576904297e+00
-3.816901206970214844e+00 -3.754954814910888672e+00 -3.022162914276123047e+00 -3.058527469635009766e+00 -2.912330627441406250e+00 -2.970567226409912109e+00 -2.046136617660522461e+00 -1.326407670974731445e+00 -6.144261956214904785e-01 -4.195905327796936035e-01 -6.547641754150390625e-01 -8.529245257377624512e-01 -1.012325286865234375e+00 -1.275018811225891113e+00 -1.954604744911193848e+00 -1.604989409446716309e+00 -1.306154847145080566e+00 -1.220997452735900879e+00 -7.496101260185241699e-01 -4.834012985229492188e-01 -6.516067981719970703e-01 -1.965084552764892578e+00 -1.850166201591491699e+00 -1.354082465171813965e+00 -1.157594799995422363e+00 4.785354137420654297e-01 7.775269746780395508e-01 -1.118739485740661621e+00 -1.492449402809143066e+00 -1.942706584930419922e+00 -1.410279989242553711e+00 -2.459157466888427734e+00 -3.625123262405395508e+00 -3.709806442260742188e+00 -4.403849601745605469e+00 -3.751072168350219727e+00 -3.699869394302368164e+00 -1.976638555526733398e+00 -1.789603114128112793e+00 -2.151865482330322266e+00 -2.110162496566772461e+00 -1.839460253715515137e+00 -1.307307839393615723e+00 -1.079965233802795410e+00 -1.740077614784240723e+00 -1.988620877265930176e+00 -2.328265905380249023e+00 -2.378014564514160156e+00 -2.487186431884765625e+00 -2.390964746475219727e+00 -2.954042911529541016e+00 -4.130538940429687500e+00 -3.679363012313842773e+00 -4.342422485351562500e+00 -4.464773178100585938e+00 -5.434111118316650391e+00 -4.764272689819335938e+00 -5.270200252532958984e+00 -4.979171752929687500e+00 -5.787489414215087891e+00 -5.497323513031005859e+00 -6.038081169128417969e+00 -5.719394207000732422e+00 -4.093529701232910156e+00
-3.781671762466430664e+00 -3.156522512435913086e+00 -2.760732412338256836e+00 -2.929296493530273438e+00 -2.872441053390502930e+00 -2.494317293167114258e+00 -1.928725719451904297e+00 -1.323370456695556641e+00 -4.022386670112609863e-01 -3.284548819065093994e-01 -8.045398592948913574e-01 -1.224174141883850098e+00 -1.211890220642089844e+00 -1.425950169563293457e+00 -1.858910441398620605e+00 -1.341884136199951172e+00 -1.014982223510742188e+00 -1.312915563583374023e+00 -1.278241634368896484e+00 -9.079369902610778809e-01 -6.684958338737487793e-01 -1.278165221214294434e+00 -1.382786273956298828e+00 -1.037036776542663574e+00 -1.294560909271240234e+00 7.030065059661865234e-01 2.942124605178833008e-01 -1.441134691238403320e+00 -1.708012223243713379e+00 -1.948593735694885254e+00 -2.148051738739013672e+00 -2.379294633865356445e+00 -3.025453567504882812e+00 -3.983636140823364258e+00 -4.314765453338623047e+00 -4.480738639831542969e+00 -2.480338096618652344e+00 -2.235103368759155273e+00 -2.016361713409423828e+00 -2.262958288192749023e+00 -2.175137996673583984e+00 -1.698626518249511719e+00 -1.674624204635620117e+00 -1.523883461952209473e+00 -1.416607975959777832e+00 -1.731908679008483887e+00 -1.795999050140380859e+00 -2.216887950897216797e+00 -2.567177057266235352e+00 -2.845409631729125977e+00 -3.063299417495727539e+00 -2.824594259262084961e+00 -3.515773534774780273e+00 -3.936207771301269531e+00 -4.380455017089843750e+00 -4.898674488067626953e+00 -4.639018535614013672e+00 -5.223554611206054688e+00 -5.691230297088623047e+00 -5.790159225463867188e+00 -6.179509639739990234e+00 -5.888371467590332031e+00 -5.901287078857421875e+00 -4.325542926788330078e+00
-3.652960777282714844e+00 -3.350204944610595703e+00 -3.150116443634033203e+00 -2.634855747222900391e+00 -2.896261930465698242e+00 -2.353809118270874023e+00 -1.768530845642089844e+00 -1.044408202171325684e+00 -5.614497065544128418e-01 -9.688019156455993652e-01 -1.020307540893554688e+00 -9.942929148674011230e-01 -1.253892064094543457e+00 -1.362219572067260742e+00 -1.592360615730285645e+00 -1.033185839653015137e+00 -1.062303781509399414e+00 -1.034338474273681641e+00 -1.537704825401306152e+00 -6.711599826812744141e-01 -5.766608119010925293e-01 -7.086675167083740234e-01 -1.238992571830749512e+00 -1.445620179176330566e+00 -6.558337211608886719e-01 4.803948402404785156e-01 5.179266929626464844e-01 -8.850203752517700195e-01 -1.895304203033447266e+00 -1.534794211387634277e+00 -1.718016743659973145e+00 -1.883115291595458984e+00 -2.821698188781738281e+00 -4.088160514831542969e+00 -4.579822063446044922e+00 -3.007461071014404297e+00 -2.654141902923583984e+00 -2.807446241378784180e+00 -2.621272087097167969e+00 -2.518392324447631836e+00 -2.125168561935424805e+00 -2.035079240798950195e+00 -2.103256464004516602e+00 -1.703833699226379395e+00 -1.698216438293457031e+00 -1.736961722373962402e+00 -2.215092420578002930e+00 -1.985815525054931641e+00 -2.496042251586914062e+00 -3.094086885452270508e+00 -3.098384141921997070e+00 -3.418987274169921875e+00 -3.145977973937988281e+00 -3.787836790084838867e+00 -4.828560352325439453e+00 -5.392803192138671875e+00 -4.597054958343505859e+00 -5.123320579528808594e+00 -6.033882141113281250e+00 -5.063872814178466797e+00 -5.673339843750000000e+00 -5.541248798370361328e+00 -5.192303657531738281e+00 -4.508403301239013672e+00
-3.177260398864746094e+00 -2.972878694534301758e+00 -2.565137624740600586e+00 -2.454326391220092773e+00 -2.648089408874511719e+00 -2.101276874542236328e+00 -1.749971866607666016e+00 -8.576536178588867188e-01 -5.366105437278747559e-01 -6.141713857650756836e-01 -9.803627729415893555e-01 -1.003283619880676270e+00 -1.163982510566711426e+00 -1.033219099044799805e+00 -1.149333834648132324e+00 -6.538554430007934570e-01 -7.729396224021911621e-01 -9.489455819129943848e-01 -6.473271846771240234e-01 -3.386094570159912109e-01 -1.405723541975021362e-01 -3.277872502803802490e-01 -1.172307491302490234e+00 -1.643724560737609863e+00 -4.928162992000579834e-01 1.021126151084899902e+00 9.552174210548400879e-01 1.214340329170227051e-01 -1.732238888740539551e+00 -1.747821331024169922e+00 -1.979895591735839844e+00 -2.141555786132812500e+00 -1.901528358459472656e+00 -3.445061445236206055e+00 -3.221701383590698242e+00 -3.116500616073608398e+00 -3.151712179183959961e+00 -2.395296573638916016e+00 -2.489812135696411133e+00 -2.637325763702392578e+00 -2.605446338653564453e+00 -2.675417423248291016e+00 -2.755002975463867188e+00 -2.361546277999877930e+00 -1.986901879310607910e+00 -1.978213191032409668e+00 -1.951542258262634277e+00 -2.451956272125244141e+00 -2.752993106842041016e+00 -2.727493047714233398e+00 -3.006353139877319336e+00 -3.370595693588256836e+00 -3.918637514114379883e+00 -3.257195472717285156e+00 -4.477746963500976562e+00 -5.539162635803222656e+00 -4.872076034545898438e+00 -5.182755947113037109e+00 -5.290935516357421875e+00 -5.260656356811523438e+00 -5.432225227355957031e+00 -5.144948959350585938e+00 -5.076701164245605469e+00 -4.266030311584472656e+00
-3.151071786880493164e+00 -3.003229856491088867e+00 -2.396643877029418945e+00 -2.517248153686523438e+00 -2.584128141403198242e+00 -1.974770069122314453e+00 -1.395856857299804688e+00 -1.008253335952758789e+00 -5.053964257240295410e-01 -5.078496336936950684e-01 -1.078772544860839844e+00 -1.187371730804443359e+00 -1.259709596633911133e+00 -1.107430815696716309e+00 -9.732092618942260742e-01 -7.077448964118957520e-01 -5.543905496597290039e-01 -1.040549993515014648e+00 -5.269122123718261719e-01 -1.512297987937927246e-02 -4.366517439484596252e-02 -4.226284325122833252e-01 -6.228137016296386719e-01 -9.691252708435058594e-01 4.932355582714080811e-01 8.327987790107727051e-01 6.568387150764465332e-01 3.283034265041351318e-01 -1.296309709548950195e+00 -1.224054574966430664e+00 -1.480625629425048828e+00 -1.484264492988586426e+00 -2.458451986312866211e+00 -2.327626943588256836e+00 -1.938571691513061523e+00 -2.460640668869018555e+00 -2.700803756713867188e+00 -2.125840425491333008e+00 -2.323786735534667969e+00 -2.967857122421264648e+00 -2.698931932449340820e+00 -2.912489414215087891e+00 -2.934328794479370117e+00 -2.892458438873291016e+00 -2.647418975830078125e+00 -2.140864849090576172e+00 -3.035074710845947266e+00 -3.168646097183227539e+00 -2.742542982101440430e+00 -2.500492811203002930e+00 -3.221172094345092773e+00 -3.584493160247802734e+00 -3.019888877868652344e+00 -3.387590408325195312e+00 -3.036627292633056641e+00 -4.585319519042968750e+00 -4.672602653503417969e+00 -5.466681003570556641e+00 -6.104613304138183594e+00 -5.814225673675537109e+00 -4.701346397399902344e+00 -5.491556167602539062e+00 -5.018650531768798828e+00 -4.799709796905517578e+00
-3.140959262847900391e+00 -2.211852312088012695e+00 -2.604359149932861328e+00 -1.917611241340637207e+00 -2.555989742279052734e+00 -1.577203273773193359e+00 -1.314719200134277344e+00 -7.606942057609558105e-01 -2.292315661907196045e-01 -4.006215929985046387e-01 -1.079973697662353516e+00 -1.000077724456787109e+00 -6.687027812004089355e-01 -7.929979562759399414e-01 -8.594914674758911133e-01 -7.703419327735900879e-01 -6.623905897140502930e-01 -8.365705013275146484e-01 -4.640506207942962646e-01 -1.750075258314609528e-03 -9.261894226074218750e-02 -1.545163244009017944e-01 -4.588720798492431641e-01 -6.052678227424621582e-01 4.957358539104461670e-01 6.816341876983642578e-01 1.134397149085998535e+00 3.156651854515075684e-01 -1.572364091873168945e+00 -1.016893625259399414e+00 -1.002647757530212402e+00 -1.174774050712585449e+00 -2.632440090179443359e+00 -2.270075798034667969e+00 -2.469822168350219727e+00 -2.072107076644897461e+00 -2.320316791534423828e+00 -2.746010780334472656e+00 -2.660997152328491211e+00 -2.928648233413696289e+00 -2.735404729843139648e+00 -2.997687101364135742e+00 -3.217858552932739258e+00 -3.025334358215332031e+00 -3.221901893615722656e+00 -3.295123338699340820e+00 -3.274151563644409180e+00 -3.283285617828369141e+00 -3.002785682678222656e+00 -2.861010789871215820e+00 -3.707458972930908203e+00 -3.608731508255004883e+00 -3.737532377243041992e+00 -3.382475137710571289e+00 -3.842362642288208008e+00 -3.564134359359741211e+00 -5.194090366363525391e+00 -5.522274494171142578e+00 -5.842792510986328125e+00 -5.949084281921386719e+00 -6.060465812683105469e+00 -5.378737926483154297e+00 -4.966776847839355469e+00 -4.779730319976806641e+00
-3.183572530746459961e+00 -2.035119056701660156e+00 -2.084107637405395508e+00 -2.414695262908935547e+00 -2.024217128753662109e+00 -1.539255499839782715e+00 -1.335875749588012695e+00 -6.208450794219970703e-01 -2.356274574995040894e-01 -4.366194009780883789e-01 -1.015388011932373047e+00 -9.716833233833312988e-01 -8.664800524711608887e-01 -8.664994239807128906e-01 -8.165619969367980957e-01 -7.023020982742309570e-01 -6.683711409568786621e-01 4.178047478199005127e-01 3.102573566138744354e-03 3.426918983459472656e-01 -1.560277938842773438e-01 -2.995980679988861084e-01 -1.474947854876518250e-02 -1.818072795867919922e-02 2.611149251461029053e-01 1.023530840873718262e+00 6.937290430068969727e-01 2.948840558528900146e-01 -1.445930719375610352e+00 -1.496466755867004395e+00 -1.637147903442382812e+00 -1.044735789299011230e+00 -1.409830927848815918e+00 -2.121147871017456055e+00 -2.342754364013671875e+00 -2.326421976089477539e+00 -2.884847402572631836e+00 -2.902025222778320312e+00 -3.123030900955200195e+00 -3.200954437255859375e+00 -3.244393587112426758e+00 -3.397958993911743164e+00 -3.105752468109130859e+00 -2.900197505950927734e+00 -3.219384908676147461e+00 -3.282006740570068359e+00 -3.699694156646728516e+00 -3.326932191848754883e+00 -3.394013166427612305e+00 -3.356251001358032227e+00 -3.884571075439453125e+00 -3.520502090454101562e+00 -3.278385639190673828e+00 -3.865969419479370117e+00 -4.238144397735595703e+00 -4.146909713745117188e+00 -4.823623657226562500e+00 -5.239321708679199219e+00 -6.588174819946289062e+00 -6.235091209411621094e+00 -5.865620613098144531e+00 -5.915479660034179688e+00 -4.621361732482910156e+00 -4.770288944244384766e+00
-3.084615945816040039e+00 -2.163152456283569336e+00 -2.207988739013671875e+00 -2.226282835006713867e+00 -1.816386938095092773e+00 -1.352630615234375000e+00 -9.716628789901733398e-01 -6.857240796089172363e-01 -3.178015351295471191e-01 -6.289712786674499512e-01 -9.646951556205749512e-01 -8.528151512145996094e-01 -8.497618436813354492e-01 -7.605509757995605469e-01 -8.705860376358032227e-01 -1.079903721809387207e+00 -5.785651803016662598e-01 6.795458793640136719e-01 4.587722942233085632e-04 4.083960056304931641e-01 2.018801420927047729e-01 -1.068760007619857788e-01 2.126400172710418701e-01 -2.901921272277832031e-01 4.964585602283477783e-01 8.534011840820312500e-01 7.989758849143981934e-01 -1.076027601957321167e-01 -1.752688765525817871e+00 -1.607286810874938965e+00 -1.553705811500549316e+00 -1.445268511772155762e+00 -1.200557708740234375e+00 -2.329579353332519531e+00 -2.468742847442626953e+00 -2.359760522842407227e+00 -2.735612869262695312e+00 -3.388461828231811523e+00 -2.985176563262939453e+00 -3.568618535995483398e+00 -3.468088388442993164e+00 -3.018985271453857422e+00 -3.197197914123535156e+00 -2.649132013320922852e+00 -2.907848834991455078e+00 -3.296494245529174805e+00 -3.784415483474731445e+00 -3.565324068069458008e+00 -3.219854831695556641e+00 -3.606048583984375000e+00 -3.489860057830810547e+00 -3.819149017333984375e+00 -3.930231332778930664e+00 -3.958224058151245117e+00 -4.043079376220703125e+00 -4.269177913665771484e+00 -4.214910030364990234e+00 -5.327727794647216797e+00 -5.987039566040039062e+00 -5.988509178161621094e+00 -5.327167510986328125e+00 -5.453279495239257812e+00 -5.053890228271484375e+00 -4.854692459106445312e+00
-3.538804292678833008e+00 -2.591450214385986328e+00 -2.103044271469116211e+00 -2.120316505432128906e+00 -1.787798166275024414e+00 -1.359384655952453613e+00 -6.568464040756225586e-01 -5.199690461158752441e-01 -5.147837996482849121e-01 -4.280279874801635742e-01 -4.924949407577514648e-01 -9.016922116279602051e-01 -8.006456494331359863e-01 -7.209742665290832520e-01 -6.329638361930847168e-01 -9.789851307868957520e-01 7.653477787971496582e-02 4.533128440380096436e-01 3.856897354125976562e-01 1.891549527645111084e-01 1.186960656195878983e-02 7.218448072671890259e-02 4.052729904651641846e-01 4.619005918502807617e-01 6.734803915023803711e-01 1.028969883918762207e+00 1.171801686286926270e+00 3.619147837162017822e-01 -1.404934763908386230e+00 -1.628067731857299805e+00 -1.398637413978576660e+00 -1.400129318237304688e+00 -1.731127977371215820e+00 -2.035882711410522461e+00 -2.975879907608032227e+00 -3.020028829574584961e+00 -2.721118688583374023e+00 -2.897238492965698242e+00 -3.205196857452392578e+00 -3.288124322891235352e+00 -2.810157060623168945e+00 -3.181507587432861328e+00 -3.239896774291992188e+00 -3.138350725173950195e+00 -3.165880680084228516e+00 -3.729336023330688477e+00 -3.262140035629272461e+00 -4.198366641998291016e+00 -3.460874319076538086e+00 -3.366317510604858398e+00 -3.112080812454223633e+00 -3.705740928649902344e+00 -3.632913827896118164e+00 -3.440181732177734375e+00 -3.532823801040649414e+00 -4.082156658172607422e+00 -4.059521675109863281e+00 -5.103833675384521484e+00 -5.374551296234130859e+00 -5.603647708892822266e+00 -5.438203811645507812e+00 -5.969390392303466797e+00 -5.710097789764404297e+00 -5.125448226928710938e+00
-3.034374952316284180e+00 -2.170592069625854492e+00 -1.725176811218261719e+00 -1.755060434341430664e+00 -1.457645893096923828e+00 -1.376518130302429199e+00 -9.609769582748413086e-01 -4.648149311542510986e-01 -4.867198169231414795e-01 -5.118672251701354980e-01 -8.646506667137145996e-01 -5.244414806365966797e-01 -4.917344152927398682e-01 -7.332710027694702148e-01 -5.864125490188598633e-01 -5.645876526832580566e-01 3.012956306338310242e-02 1.894499361515045166e-01 3.274687826633453369e-01 -1.162228435277938843e-01 -2.929041385650634766e-01 -1.935493648052215576e-01 2.052747085690498352e-02 3.803748488426208496e-01 4.208929836750030518e-01 9.274991154670715332e-01 1.038073658943176270e+00 6.881886124610900879e-01 -1.137972593307495117e+00 -1.479801774024963379e+00 -9.010606408119201660e-01 -1.448374390602111816e+00 -2.171474456787109375e+00 -1.515808820724487305e+00 -2.617973327636718750e+00 -2.708717107772827148e+00 -2.765958786010742188e+00 -3.098922014236450195e+00 -3.522116184234619141e+00 -3.461676120758056641e+00 -3.135553121566772461e+00 -3.338122844696044922e+00 -3.807008504867553711e+00 -3.305063724517822266e+00 -3.374527692794799805e+00 -4.113968849182128906e+00 -3.901210546493530273e+00 -4.262868404388427734e+00 -3.464422464370727539e+00 -3.396421670913696289e+00 -3.479799032211303711e+00 -3.423449039459228516e+00 -3.468954563140869141e+00 -3.437948226928710938e+00 -3.306592226028442383e+00 -3.824749231338500977e+00 -4.076775550842285156e+00 -5.146922588348388672e+00 -5.679809093475341797e+00 -4.919877529144287109e+00 -6.598169326782226562e+00 -5.226276874542236328e+00 -4.628673076629638672e+00 -4.807379722595214844e+00
-2.819956302642822266e+00 -2.264019727706909180e+00 -2.109176397323608398e+00 -1.643685460090637207e+00 -1.495332002639770508e+00 -1.380669355392456055e+00 -9.660786986351013184e-01 -6.276139020919799805e-01 -5.249655246734619141e-01 -7.497714757919311523e-01 -1.064902067184448242e+00 -1.144780874252319336e+00 -1.173189043998718262e+00 -7.645696997642517090e-01 -8.691841363906860352e-01 -1.029836416244506836e+00 -1.371196061372756958e-01 4.845653772354125977e-01 8.002472519874572754e-01 -2.196209728717803955e-01 -3.518455326557159424e-01 -4.490557909011840820e-01 4.940588176250457764e-01 5.451899170875549316e-01 9.603844285011291504e-01 8.870121836662292480e-01 1.012300968170166016e+00 5.352503061294555664e-01 -1.542893409729003906e+00 -1.796314358711242676e+00 -9.770077466964721680e-01 -5.158331990242004395e-01 -2.103291034698486328e+00 -2.573545932769775391e+00 -2.427081108093261719e+00 -2.798739194869995117e+00 -3.094763517379760742e+00 -3.716155052185058594e+00 -3.795493364334106445e+00 -3.002183675765991211e+00 -3.153394937515258789e+00 -3.518807888031005859e+00 -3.805735588073730469e+00 -3.224077463150024414e+00 -3.572048902511596680e+00 -3.901960849761962891e+00 -4.012629985809326172e+00 -3.470269918441772461e+00 -3.558281660079956055e+00 -3.613502740859985352e+00 -3.730686187744140625e+00 -3.862161636352539062e+00 -2.853774070739746094e+00 -3.165458202362060547e+00 -3.086931705474853516e+00 -3.469226598739624023e+00 -3.708100318908691406e+00 -4.246662616729736328e+00 -5.545996665954589844e+00 -6.110912322998046875e+00 -5.718148708343505859e+00 -5.487991809844970703e+00 -4.474652290344238281e+00 -5.156784057617187500e+00
-3.009633541107177734e+00 -2.153934717178344727e+00 -1.857888817787170410e+00 -1.480694770812988281e+00 -1.191401362419128418e+00 -1.291223168373107910e+00 -7.387216687202453613e-01 -5.302184224128723145e-01 -3.685496151447296143e-01 -7.707601785659790039e-01 -1.195610642433166504e+00 -1.195319294929504395e+00 -1.038532257080078125e+00 -1.009973168373107910e+00 -9.943760633468627930e-01 -9.370441436767578125e-01 -1.642532646656036377e-02 4.970377385616302490e-01 6.163075566291809082e-01 9.004705399274826050e-02 5.833598226308822632e-02 -3.439522683620452881e-01 3.159028589725494385e-01 5.157734751701354980e-01 3.642776608467102051e-01 9.898257255554199219e-01 9.661086797714233398e-01 7.069053649902343750e-01 -1.315768957138061523e+00 -1.812978386878967285e+00 -1.015946507453918457e+00 -4.388242065906524658e-01 -2.030676126480102539e+00 -1.968321681022644043e+00 -2.084101200103759766e+00 -2.168284654617309570e+00 -3.335089206695556641e+00 -3.442795276641845703e+00 -3.638424158096313477e+00 -3.222207307815551758e+00 -3.035952329635620117e+00 -2.980978250503540039e+00 -3.323875427246093750e+00 -3.127157926559448242e+00 -3.218179702758789062e+00 -3.705310106277465820e+00 -3.529516458511352539e+00 -3.173468112945556641e+00 -3.171936273574829102e+00 -3.481522321701049805e+00 -3.533514022827148438e+00 -4.102334499359130859e+00 -3.412800073623657227e+00 -3.317411422729492188e+00 -3.196312189102172852e+00 -3.477184057235717773e+00 -3.529766559600830078e+00 -3.734287500381469727e+00 -4.833374500274658203e+00 -5.498906135559082031e+00 -6.074460983276367188e+00 -6.027246475219726562e+00 -5.100996494293212891e+00 -4.725679874420166016e+00
-2.492870092391967773e+00 -1.702654361724853516e+00 -1.272781491279602051e+00 -1.600028991699218750e+00 -1.180665254592895508e+00 -9.042134881019592285e-01 -4.821047782897949219e-01 -8.387690037488937378e-02 1.642679870128631592e-01 -6.776265054941177368e-02 -4.043236076831817627e-01 -7.578480243682861328e-01 -1.153537273406982422e+00 -8.794980049133300781e-01 -9.463310837745666504e-01 -6.140277385711669922e-01 -3.123607933521270752e-01 4.991823136806488037e-01 4.359298348426818848e-01 1.611009836196899414e-01 1.641577184200286865e-01 -3.814414516091346741e-02 5.091133117675781250e-01 1.584303379058837891e-01 3.241925537586212158e-01 9.683533906936645508e-01 1.130199670791625977e+00 7.057786583900451660e-01 3.123102188110351562e-01 -1.239415049552917480e+00 -9.303715229034423828e-01 -7.057797908782958984e-01 -2.022672653198242188e+00 -2.502876758575439453e+00 -2.275184154510498047e+00 -2.694484233856201172e+00 -3.485740900039672852e+00 -3.387158393859863281e+00 -2.988393783569335938e+00 -2.951728582382202148e+00 -3.190693140029907227e+00 -3.222573518753051758e+00 -3.513636827468872070e+00 -3.269610404968261719e+00 -3.399875640869140625e+00 -3.390421628952026367e+00 -3.651527881622314453e+00 -3.387121438980102539e+00 -3.777968406677246094e+00 -3.325126171112060547e+00 -3.841389656066894531e+00 -3.348733425140380859e+00 -2.848933935165405273e+00 -3.020313501358032227e+00 -3.085209369659423828e+00 -3.098190784454345703e+00 -3.468889474868774414e+00 -4.044954776763916016e+00 -4.892014503479003906e+00 -5.427487850189208984e+00 -6.283322334289550781e+00 -5.361842155456542969e+00 -4.662724494934082031e+00 -3.921798706054687500e+00
-2.237913370132446289e+00 -1.996711134910583496e+00 -1.320926666259765625e+00 -1.595227003097534180e+00 -1.144208908081054688e+00 -6.819345355033874512e-01 -5.224617123603820801e-01 1.520151346921920776e-01 -1.884699463844299316e-01 7.638662122189998627e-03 -4.105921089649200439e-01 -5.163353085517883301e-01 -7.492364048957824707e-01 -4.242585003376007080e-01 -5.376375913619995117e-01 -6.692898273468017578e-01 -4.817411005496978760e-01 5.959008932113647461e-01 5.923768877983093262e-01 3.376520574092864990e-01 -9.298291802406311035e-02 -9.977342933416366577e-02 2.262780815362930298e-01 6.389464735984802246e-01 8.390685915946960449e-01 1.346172690391540527e+00 9.269248843193054199e-01 9.509755373001098633e-01 7.066798806190490723e-01 -1.182257652282714844e+00 -5.776189565658569336e-01 -7.449828982353210449e-01 -1.559043526649475098e+00 -1.827317833900451660e+00 -1.784131884574890137e+00 -2.974467039108276367e+00 -3.539786577224731445e+00 -2.883010149002075195e+00 -3.218654155731201172e+00 -2.248868703842163086e+00 -3.053105115890502930e+00 -2.858544349670410156e+00 -3.481108427047729492e+00 -3.451856851577758789e+00 -3.875903844833374023e+00 -3.534999370574951172e+00 -3.696367740631103516e+00 -3.671983957290649414e+00 -3.960073471069335938e+00 -3.580664396286010742e+00 -3.481009721755981445e+00 -3.558302402496337891e+00 -4.137659549713134766e+00 -3.392164468765258789e+00 -3.007633447647094727e+00 -3.150204658508300781e+00 -3.585042953491210938e+00 -4.146810531616210938e+00 -5.095002174377441406e+00 -4.765727996826171875e+00 -5.310427188873291016e+00 -5.392410278320312500e+00 -4.886460781097412109e+00 -4.127926826477050781e+00
-2.340930938720703125e+00 -1.577375888824462891e+00 -1.147760033607482910e+00 -1.259668827056884766e+00 -9.955623745918273926e-01 -8.886203765869140625e-01 7.653226703405380249e-02 7.158993482589721680e-01 5.009817481040954590e-01 -3.570821285247802734e-01 -6.830559968948364258e-01 -3.379101157188415527e-01 -2.703020870685577393e-01 -3.915907144546508789e-01 -6.906699538230895996e-01 -6.911379098892211914e-01 6.215395033359527588e-02 3.827782571315765381e-01 7.983797788619995117e-01 3.914610147476196289e-01 8.416361175477504730e-03 -1.877463757991790771e-01 5.304437130689620972e-02 1.289579868316650391e-01 6.659341454505920410e-01 1.383169174194335938e+00 8.096252679824829102e-01 1.084389805793762207e+00 3.812434673309326172e-01 7.130475342273712158e-02 1.336332559585571289e-01 -5.124358534812927246e-01 -1.386443257331848145e+00 -1.836985349655151367e+00 -2.051437377929687500e+00 -2.057979345321655273e+00 -2.668288707733154297e+00 -3.468140125274658203e+00 -3.258695125579833984e+00 -2.610072135925292969e+00 -2.963533163070678711e+00 -3.197679996490478516e+00 -3.352282762527465820e+00 -3.522453308105468750e+00 -3.624738693237304688e+00 -3.543183565139770508e+00 -3.912276029586791992e+00 -3.664744138717651367e+00 -3.600751876831054688e+00 -4.054603099822998047e+00 -4.132862091064453125e+00 -3.759426116943359375e+00 -3.943905591964721680e+00 -3.287343740463256836e+00 -3.477187871932983398e+00 -3.229622840881347656e+00 -3.138054847717285156e+00 -4.323451995849609375e+00 -5.268900871276855469e+00 -4.516093730926513672e+00 -4.515486240386962891e+00 -5.108304500579833984e+00 -5.698689460754394531e+00 -4.233912467956542969e+00
-1.830939650535583496e+00 -1.247271060943603516e+00 -1.458398818969726562e+00 -1.228378772735595703e+00 -9.930499196052551270e-01 -8.008563518524169922e-01 -3.037093579769134521e-01 6.354505419731140137e-01 4.529392421245574951e-01 -5.932710319757461548e-02 -4.913477897644042969e-01 -1.304995566606521606e-01 2.092061340808868408e-01 -5.108671188354492188e-01 -5.078793764114379883e-01 -6.742222309112548828e-01 -3.099548444151878357e-02 6.745918393135070801e-01 6.789650917053222656e-01 9.973851591348648071e-02 1.419303119182586670e-01 -6.061735004186630249e-02 2.027252018451690674e-01 1.190951913595199585e-01 8.076727390289306641e-01 1.539544343948364258e+00 8.642451763153076172e-01 8.673057556152343750e-01 7.246163487434387207e-01 4.927492439746856689e-01 1.203608661890029907e-01 -6.181871891021728516e-01 -1.194291949272155762e+00 -1.931896448135375977e+00 -2.172437906265258789e+00 -2.101263284683227539e+00 -2.452383279800415039e+00 -2.634909868240356445e+00 -2.596895933151245117e+00 -2.488620042800903320e+00 -2.898737192153930664e+00 -2.972804069519042969e+00 -3.118726253509521484e+00 -3.150258302688598633e+00 -3.891396999359130859e+00 -3.409050226211547852e+00 -3.208794116973876953e+00 -3.571452856063842773e+00 -3.800405979156494141e+00 -3.604528903961181641e+00 -4.024025440216064453e+00 -3.978938341140747070e+00 -3.723347902297973633e+00 -3.154091835021972656e+00 -3.698511600494384766e+00 -3.532241344451904297e+00 -3.296460628509521484e+00 -3.747334003448486328e+00 -4.362382888793945312e+00 -3.982072353363037109e+00 -4.737457752227783203e+00 -4.370640754699707031e+00 -4.288770675659179688e+00 -4.481136798858642578e+00
-1.925556302070617676e+00 -1.687083244323730469e+00 -1.503621220588684082e+00 -9.107855558395385742e-01 -1.030995726585388184e+00 -1.034454464912414551e+00 -6.784420609474182129e-01 4.637222886085510254e-01 4.691379666328430176e-01 -2.423042058944702148e-02 -3.754040896892547607e-01 -1.936743408441543579e-01 -1.184972003102302551e-02 -1.976328939199447632e-01 -7.315648794174194336e-01 -6.291319727897644043e-01 3.608447685837745667e-02 4.530065357685089111e-01 3.826186656951904297e-01 4.372808039188385010e-01 -1.594935357570648193e-01 1.618052124977111816e-01 2.373648285865783691e-01 4.220947623252868652e-01 1.042359471321105957e+00 9.342701435089111328e-01 7.142719626426696777e-01 7.852618694305419922e-01 8.100588917732238770e-01 8.019406199455261230e-01 2.036937475204467773e-01 -1.212418153882026672e-01 -1.135019302368164062e+00 -1.507564663887023926e+00 -2.074918031692504883e+00 -2.441627264022827148e+00 -2.471134185791015625e+00 -2.673975229263305664e+00 -2.323961257934570312e+00 -2.428829669952392578e+00 -2.947095870971679688e+00 -3.045747995376586914e+00 -3.252421379089355469e+00 -3.467746257781982422e+00 -4.332577705383300781e+00 -3.902804613113403320e+00 -3.849923133850097656e+00 -3.895187854766845703e+00 -4.290912628173828125e+00 -4.317122936248779297e+00 -4.099870681762695312e+00 -4.254715919494628906e+00 -3.835910081863403320e+00 -3.921668052673339844e+00 -3.667503118515014648e+00 -3.762156248092651367e+00 -3.628571271896362305e+00 -3.402588844299316406e+00 -3.404099225997924805e+00 -3.484119415283203125e+00 -5.325213909149169922e+00 -4.285114765167236328e+00 -3.815215826034545898e+00 -4.323561191558837891e+00
-1.261107563972473145e+00 -1.224336981773376465e+00 -1.308320045471191406e+00 -1.188579201698303223e+00 -1.120263695716857910e+00 -7.501731514930725098e-01 -4.039418697357177734e-01 8.649790287017822266e-02 3.475200533866882324e-01 9.762899577617645264e-02 -5.836478471755981445e-01 -2.861401438713073730e-01 -2.862764298915863037e-01 -3.406707644462585449e-01 -8.181105852127075195e-01 -7.049168944358825684e-01 -4.829093813896179199e-04 3.065045177936553955e-01 5.520292520523071289e-01 2.387897670269012451e-01 8.617387712001800537e-02 1.483729481697082520e-01 6.022792458534240723e-01 5.387673974037170410e-01 1.154734969139099121e+00 9.737498760223388672e-01 6.657829880714416504e-01 7.525399923324584961e-01 5.270973443984985352e-01 6.682215929031372070e-01 5.531230568885803223e-01 2.401145696640014648e-01 -1.078762292861938477e+00 -1.386202573776245117e+00 -1.944886088371276855e+00 -2.361542224884033203e+00 -2.048979520797729492e+00 -2.155129909515380859e+00 -1.954496383666992188e+00 -2.104297161102294922e+00 -2.379095792770385742e+00 -2.346848011016845703e+00 -2.562847375869750977e+00 -2.677722215652465820e+00 -2.764104604721069336e+00 -3.725232839584350586e+00 -3.437717199325561523e+00 -3.334531068801879883e+00 -3.803028821945190430e+00 -3.729301452636718750e+00 -3.603951930999755859e+00 -4.402986526489257812e+00 -3.829795360565185547e+00 -3.481210708618164062e+00 -3.155031919479370117e+00 -3.405202865600585938e+00 -3.029079437255859375e+00 -3.299554109573364258e+00 -3.925120115280151367e+00 -3.507516384124755859e+00 -4.224663734436035156e+00 -3.554923057556152344e+00 -3.470205068588256836e+00 -4.184949398040771484e+00
-1.179501652717590332e+00 -1.530673146247863770e+00 -1.242905497550964355e+00 -8.568434715270996094e-01 -8.723363280296325684e-01 -7.168496847152709961e-01 -4.451186358928680420e-01 3.096616640686988831e-02 1.666339039802551270e-01 1.535911411046981812e-01 -4.809793531894683838e-01 -5.053481459617614746e-01 -5.893408060073852539e-01 -4.461868405342102051e-01 -4.859832525253295898e-01 -7.276336550712585449e-01 1.069497689604759216e-01 3.511904776096343994e-01 5.086103081703186035e-01 5.174804329872131348e-01 2.420881688594818115e-01 -8.422555774450302124e-02 1.801790446043014526e-01 7.648090124130249023e-01 1.062399387359619141e+00 6.881424784660339355e-01 5.832034945487976074e-01 8.515193462371826172e-01 4.382739961147308350e-01 8.357194066047668457e-01 6.334668397903442383e-01 2.868587374687194824e-01 -6.314343810081481934e-01 -1.127706646919250488e+00 -1.211365938186645508e+00 -1.596378564834594727e+00 -1.802273035049438477e+00 -1.688423871994018555e+00 -2.276937007904052734e+00 -2.140621662139892578e+00 -1.943292021751403809e+00 -1.733747005462646484e+00 -2.047599792480468750e+00 -2.228443622589111328e+00 -2.638724088668823242e+00 -2.866660833358764648e+00 -3.076820850372314453e+00 -3.139468908309936523e+00 -2.868305921554565430e+00 -4.212323188781738281e+00 -3.764494895935058594e+00 -3.658316373825073242e+00 -3.533605098724365234e+00 -3.054431915283203125e+00 -3.168835878372192383e+00 -3.008277893066406250e+00 -3.114961147308349609e+00 -3.004588603973388672e+00 -3.207707643508911133e+00 -3.138544321060180664e+00 -3.316791296005249023e+00 -3.848605871200561523e+00 -3.288786411285400391e+00 -3.241852521896362305e+00
-1.418503046035766602e+00 -1.488072395324707031e+00 -1.062078118324279785e+00 -1.098435997962951660e+00 -9.256660342216491699e-01 -5.411006212234497070e-01 -4.759897887706756592e-01 7.914970815181732178e-02 2.700219154357910156e-01 3.586992919445037842e-01 3.186974227428436279e-01 2.054901421070098877e-02 7.437092065811157227e-02 1.431814730167388916e-01 -1.561532914638519287e-01 -3.131888508796691895e-01 -7.828885316848754883e-02 2.024137377738952637e-01 7.338100671768188477e-01 3.083838820457458496e-01 -2.362830750644207001e-02 -8.450725674629211426e-02 9.604185074567794800e-02 6.000383496284484863e-01 6.990905404090881348e-01 8.996893167495727539e-01 7.501467466354370117e-01 9.229829311370849609e-01 9.247573614120483398e-01 6.978098154067993164e-01 8.931334018707275391e-01 4.907694160938262939e-01 -4.331505298614501953e-01 -1.096664428710937500e+00 -1.330971598625183105e+00 -1.576447486877441406e+00 -1.748644232749938965e+00 -1.616856217384338379e+00 -2.167289495468139648e+00 -2.192440032958984375e+00 -2.000351190567016602e+00 -1.761068344116210938e+00 -2.180815219879150391e+00 -1.986617684364318848e+00 -2.366030693054199219e+00 -2.856136083602905273e+00 -2.772581815719604492e+00 -3.092433214187622070e+00 -3.119630813598632812e+00 -2.883523941040039062e+00 -3.437688112258911133e+00 -4.023840904235839844e+00 -3.721983432769775391e+00 -3.127513408660888672e+00 -3.128807306289672852e+00 -3.453320980072021484e+00 -2.693181753158569336e+00 -2.742041587829589844e+00 -2.750888347625732422e+00 -2.621789455413818359e+00 -3.014024972915649414e+00 -3.169945478439331055e+00 -3.285306692123413086e+00 -2.812395334243774414e+00
-1.009986758232116699e+00 -6.993246078491210938e-01 -1.013988971710205078e+00 -9.186767339706420898e-01 -1.002482295036315918e+00 -8.403201699256896973e-01 -4.711784422397613525e-01 2.975735068321228027e-01 3.487266972661018372e-02 3.706955909729003906e-01 -1.004198566079139709e-03 1.846172958612442017e-01 3.212375342845916748e-01 3.400940597057342529e-01 3.004200011491775513e-02 -1.860704869031906128e-01 9.671348333358764648e-02 6.809937953948974609e-01 9.894362688064575195e-01 8.397920727729797363e-01 5.915525555610656738e-01 6.051241755485534668e-01 5.732236504554748535e-01 7.241863012313842773e-01 9.268248677253723145e-01 1.064031124114990234e+00 9.058141708374023438e-01 8.361669182777404785e-01 9.460165500640869141e-01 9.023246765136718750e-01 6.759835481643676758e-01 4.616644680500030518e-01 -1.506786644458770752e-01 -1.039621114730834961e+00 -1.557863116264343262e+00 -1.393607497215270996e+00 -1.539270043373107910e+00 -1.730779767036437988e+00 -1.659229874610900879e+00 -1.899484992027282715e+00 -2.015387058258056641e+00 -2.081516981124877930e+00 -1.851388454437255859e+00 -2.177280902862548828e+00 -2.073346853256225586e+00 -2.551016569137573242e+00 -2.534266710281372070e+00 -2.841101169586181641e+00 -2.935941219329833984e+00 -3.056444168090820312e+00 -3.077329874038696289e+00 -2.875153779983520508e+00 -3.064594268798828125e+00 -3.040703535079956055e+00 -3.197113752365112305e+00 -3.265496253967285156e+00 -3.088272333145141602e+00 -2.941349029541015625e+00 -2.838054418563842773e+00 -2.838373422622680664e+00 -2.771886348724365234e+00 -2.741283655166625977e+00 -2.525223970413208008e+00 -2.966357469558715820e+00
-7.766945362091064453e-01 -6.828163266181945801e-01 -1.014683604240417480e+00 -8.749403357505798340e-01 -1.072284460067749023e+00 -6.817804574966430664e-01 4.906581342220306396e-02 3.079179525375366211e-01 3.220228254795074463e-01 3.147519528865814209e-01 3.018212616443634033e-01 8.505029976367950439e-02 4.212932288646697998e-02 1.272489428520202637e-01 -1.432474404573440552e-01 -2.060802578926086426e-01 2.496316730976104736e-01 8.099928498268127441e-01 1.281624078750610352e+00 8.609292507171630859e-01 8.553528189659118652e-01 1.120128989219665527e+00 8.965083956718444824e-01 8.665408492088317871e-01 1.237120270729064941e+00 1.191210627555847168e+00 1.108105182647705078e+00 7.644138932228088379e-01 5.998804569244384766e-01 8.019185066223144531e-01 8.896905779838562012e-01 5.624829530715942383e-01 -1.572612673044204712e-01 -7.392603158950805664e-01 -1.147583127021789551e+00 -1.685524106025695801e+00 -1.792276382446289062e+00 -1.559287905693054199e+00 -1.679171085357666016e+00 -1.657751798629760742e+00 -1.712022542953491211e+00 -1.936769604682922363e+00 -1.787061452865600586e+00 -1.858429670333862305e+00 -1.873795390129089355e+00 -1.753754854202270508e+00 -2.213064670562744141e+00 -2.646687507629394531e+00 -2.835275411605834961e+00 -2.895765304565429688e+00 -3.092133045196533203e+00 -3.391736507415771484e+00 -2.912097215652465820e+00 -2.902844667434692383e+00 -2.889912128448486328e+00 -3.312588214874267578e+00 -3.047513008117675781e+00 -3.023511648178100586e+00 -3.204186916351318359e+00 -3.051016807556152344e+00 -2.805790424346923828e+00 -2.461062192916870117e+00 -2.445326805114746094e+00 -2.885892391204833984e+00
-1.032307028770446777e+00 -9.071852564811706543e-01 -1.198079109191894531e+00 -7.593099474906921387e-01 -6.596599817276000977e-01 -7.511889338493347168e-01 -1.737747788429260254e-01 1.335041373968124390e-01 1.706538796424865723e-01 1.896746009588241577e-01 2.894866168498992920e-01 6.673128157854080200e-02 2.523232623934745789e-02 1.021031215786933899e-01 1.372512727975845337e-01 -1.179561465978622437e-01 7.453014850616455078e-01 8.432494401931762695e-01 1.150626540184020996e+00 1.057175993919372559e+00 1.205716848373413086e+00 1.054077029228210449e+00 1.268368005752563477e+00 1.262250900268554688e+00 1.121209859848022461e+00 9.516571760177612305e-01 8.666318058967590332e-01 1.017919540405273438e+00 9.545642733573913574e-01 7.221124768257141113e-01 9.602720737457275391e-01 6.923791170120239258e-01 -2.206498384475708008e-01 -1.057784080505371094e+00 -1.237490415573120117e+00 -1.488228797912597656e+00 -1.362999677658081055e+00 -1.645874023437500000e+00 -1.418584942817687988e+00 -1.459462881088256836e+00 -1.522922396659851074e+00 -1.687616705894470215e+00 -1.603320002555847168e+00 -1.765129923820495605e+00 -1.669691681861877441e+00 -1.705697894096374512e+00 -1.705617189407348633e+00 -2.493101596832275391e+00 -2.407211065292358398e+00 -2.581638574600219727e+00 -2.862002849578857422e+00 -3.398152828216552734e+00 -3.066953420639038086e+00 -2.979256391525268555e+00 -2.728421688079833984e+00 -2.676072597503662109e+00 -2.749577283859252930e+00 -2.874261140823364258e+00 -2.703584432601928711e+00 -2.770539522171020508e+00 -2.670134544372558594e+00 -2.091541528701782227e+00 -2.532816410064697266e+00 -2.226418495178222656e+00
-4.358093738555908203e-01 -7.874206304550170898e-01 -8.235628604888916016e-01 -9.456601738929748535e-01 -8.697584271430969238e-01 -8.813288807868957520e-01 -5.284450650215148926e-01 2.219280153512954712e-01 5.508124232292175293e-01 5.513961911201477051e-01 2.666949033737182617e-01 4.818519577383995056e-02 -2.138238251209259033e-01 -4.278411343693733215e-02 1.287085562944412231e-01 -4.732388630509376526e-02 6.949348449707031250e-01 1.104586243629455566e+00 1.265651583671569824e+00 9.855562448501586914e-01 9.251920580863952637e-01 1.301572442054748535e+00 1.282371282577514648e+00 1.198062419891357422e+00 9.346544742584228516e-01 1.010592341423034668e+00 7.510667443275451660e-01 1.292785525321960449e+00 9.946535825729370117e-01 8.578810095787048340e-01 9.095546007156372070e-01 4.843919277191162109e-01 -3.371964693069458008e-01 -1.555741310119628906e+00 -1.171660184860229492e+00 -1.281596422195434570e+00 -1.305445790290832520e+00 -1.359842658042907715e+00 -1.139448404312133789e+00 -1.305640220642089844e+00 -1.254001021385192871e+00 -1.420088171958923340e+00 -1.611585617065429688e+00 -1.628014326095581055e+00 -1.568184733390808105e+00 -1.660022854804992676e+00 -1.905912995338439941e+00 -2.153513431549072266e+00 -2.607524633407592773e+00 -2.716409206390380859e+00 -2.858049631118774414e+00 -3.151766061782836914e+00 -3.062003374099731445e+00 -3.452509403228759766e+00 -2.924489021301269531e+00 -2.817686319351196289e+00 -3.078581571578979492e+00 -2.992513656616210938e+00 -2.179972410202026367e+00 -2.307113647460937500e+00 -2.503745794296264648e+00 -2.578350782394409180e+00 -2.598721981048583984e+00 -2.682939291000366211e+00
-1.009119868278503418e+00 -6.966168284416198730e-01 -7.098191976547241211e-01 -9.212846755981445312e-01 -7.608518600463867188e-01 -4.011566936969757080e-01 -3.673628866672515869e-01 3.023080229759216309e-01 2.585813999176025391e-01 4.526607096195220947e-01 1.974423527717590332e-01 2.346303015947341919e-01 2.211939245462417603e-01 -1.850143522024154663e-01 -5.965018644928932190e-02 5.572252869606018066e-01 1.111034154891967773e+00 1.488794684410095215e+00 1.328628182411193848e+00 1.066312789916992188e+00 8.944673538208007812e-01 9.956967830657958984e-01 6.612298488616943359e-01 1.047523617744445801e+00 7.378005981445312500e-01 9.951294660568237305e-01 6.372101902961730957e-01 1.401038646697998047e+00 1.207348465919494629e+00 7.748348116874694824e-01 7.903704643249511719e-01 7.365268468856811523e-01 8.993735909461975098e-02 -1.319155454635620117e+00 -1.534374594688415527e+00 -1.342946648597717285e+00 -1.234901070594787598e+00 -1.554621219635009766e+00 -1.415288448333740234e+00 -1.364029526710510254e+00 -1.107681870460510254e+00 -1.183303475379943848e+00 -1.427387595176696777e+00 -1.464223146438598633e+00 -1.699186921119689941e+00 -1.711853742599487305e+00 -1.880921840667724609e+00 -2.077493906021118164e+00 -2.269140720367431641e+00 -2.765770196914672852e+00 -2.595142841339111328e+00 -2.898290872573852539e+00 -3.089161396026611328e+00 -3.249894380569458008e+00 -3.168841600418090820e+00 -3.220837593078613281e+00 -3.379958629608154297e+00 -2.927013397216796875e+00 -2.883973360061645508e+00 -2.648921728134155273e+00 -2.896428108215332031e+00 -2.328211784362792969e+00 -2.185845136642456055e+00 -2.404877185821533203e+00
-9.464279413223266602e-01 -5.718443989753723145e-01 -6.071892976760864258e-01 -9.278695583343505859e-01 -1.050803899765014648e+00 -5.969685912132263184e-01 -5.464584827423095703e-01 1.162356287240982056e-01 3.641423285007476807e-01 7.430594563484191895e-01 5.209159851074218750e-01 4.720993041992187500e-01 1.620202362537384033e-01 2.131884694099426270e-01 9.150265902280807495e-02 6.364814639091491699e-01 1.244483828544616699e+00 1.512551307678222656e+00 1.847171545028686523e+00 1.378296136856079102e+00 1.013552784919738770e+00 1.084537267684936523e+00 9.481443762779235840e-01 1.057706832885742188e+00 9.883910417556762695e-01 9.366355538368225098e-01 6.364305615425109863e-01 1.244622945785522461e+00 1.505941390991210938e+00 1.007670402526855469e+00 7.530590295791625977e-01 5.723916888236999512e-01 1.848524659872055054e-01 -5.637265443801879883e-01 -1.806781053543090820e+00 -1.381936192512512207e+00 -1.378401875495910645e+00 -1.377881288528442383e+00 -1.296360969543457031e+00 -1.108235239982604980e+00 -1.191226482391357422e+00 -1.249451279640197754e+00 -1.159635543823242188e+00 -1.377485394477844238e+00 -1.582564592361450195e+00 -2.072039365768432617e+00 -2.073625564575195312e+00 -2.047981739044189453e+00 -2.319341182708740234e+00 -2.709730863571166992e+00 -2.667471647262573242e+00 -2.627093315124511719e+00 -2.783776521682739258e+00 -3.236827850341796875e+00 -2.939499139785766602e+00 -2.870470762252807617e+00 -2.718174695968627930e+00 -2.842929840087890625e+00 -2.980547904968261719e+00 -2.811576843261718750e+00 -2.529323101043701172e+00 -2.750614404678344727e+00 -2.641381263732910156e+00 -2.525906562805175781e+00
-8.511591553688049316e-01 -1.290421247482299805e+00 -5.344805121421813965e-01 -5.292385220527648926e-01 -5.479619503021240234e-01 -7.969676852226257324e-01 -3.273054659366607666e-01 2.592452764511108398e-01 3.280356824398040771e-01 4.016175568103790283e-01 3.796042501926422119e-01 9.368922114372253418e-01 7.081515789031982422e-01 -8.299569040536880493e-02 8.885391354560852051e-01 7.807530760765075684e-01 1.387678503990173340e+00 2.080504179000854492e+00 1.900540113449096680e+00 2.128435134887695312e+00 1.210538864135742188e+00 1.116411685943603516e+00 1.513471007347106934e+00 1.636689066886901855e+00 1.687317967414855957e+00 1.558577775955200195e+00 1.478330731391906738e+00 1.546931982040405273e+00 1.676891326904296875e+00 1.761067748069763184e+00 2.332654714584350586e+00 1.693993926048278809e+00 1.064644098281860352e+00 -3.112831115722656250e-01 -1.515627264976501465e+00 -1.287415385246276855e+00 -1.500843286514282227e+00 -1.257069110870361328e+00 -1.149182796478271484e+00 -1.348999857902526855e+00 -1.366787672042846680e+00 -1.237370252609252930e+00 -1.146190762519836426e+00 -1.194585561752319336e+00 -1.199121832847595215e+00 -1.582922458648681641e+00 -1.983990073204040527e+00 -2.131016016006469727e+00 -2.164381980895996094e+00 -2.189632892608642578e+00 -2.837935686111450195e+00 -2.659507274627685547e+00 -2.915632486343383789e+00 -3.030542850494384766e+00 -2.705468893051147461e+00 -2.932192325592041016e+00 -2.646589517593383789e+00 -3.100411415100097656e+00 -2.917906284332275391e+00 -2.777146339416503906e+00 -2.538814544677734375e+00 -2.321943521499633789e+00 -2.419447422027587891e+00 -2.119276762008666992e+00
-7.403020262718200684e-01 -5.261369943618774414e-01 -6.204703450202941895e-01 -4.421196281909942627e-01 -2.895254194736480713e-01 -4.246477782726287842e-01 1.665549427270889282e-01 3.851835727691650391e-01 2.380072474479675293e-01 3.439008891582489014e-01 8.340997099876403809e-01 6.413554549217224121e-01 6.918765902519226074e-01 9.552658796310424805e-01 1.256646871566772461e+00 1.619539856910705566e+00 1.816050648689270020e+00 2.087585210800170898e+00 1.868297219276428223e+00 1.498795509338378906e+00 1.531352639198303223e+00 1.575749158859252930e+00 1.685471534729003906e+00 2.116489171981811523e+00 1.919210791587829590e+00 1.590540885925292969e+00 1.914592981338500977e+00 1.719096183776855469e+00 1.838574647903442383e+00 1.664431929588317871e+00 1.945356488227844238e+00 2.428729772567749023e+00 1.680098176002502441e+00 9.103862643241882324e-01 -1.678954064846038818e-02 -9.211513400077819824e-01 -9.721480011940002441e-01 -1.131114244461059570e+00 -1.241428971290588379e+00 -1.175784230232238770e+00 -1.104381918907165527e+00 -8.620882034301757812e-01 -1.138456106185913086e+00 -1.284909605979919434e+00 -1.139943003654479980e+00 -1.682529211044311523e+00 -1.608861923217773438e+00 -2.052684783935546875e+00 -1.928701639175415039e+00 -2.350976467132568359e+00 -2.669614315032958984e+00 -2.395099878311157227e+00 -2.571952342987060547e+00 -2.725150585174560547e+00 -2.811855554580688477e+00 -2.917254686355590820e+00 -2.821862697601318359e+00 -2.867707967758178711e+00 -3.122312784194946289e+00 -2.805797815322875977e+00 -2.711909294128417969e+00 -2.290786981582641602e+00 -2.501558542251586914e+00 -2.634059906005859375e+00
-5.760746002197265625e-01 -4.643607139587402344e-01 -1.879767030477523804e-01 -5.687457323074340820e-01 -3.742872551083564758e-02 -4.907388985157012939e-01 -6.031619384884834290e-02 2.010884135961532593e-01 2.732406556606292725e-01 3.782610297203063965e-01 7.212688922882080078e-01 1.247659206390380859e+00 1.085318803787231445e+00 1.613673090934753418e+00 1.711462378501892090e+00 1.825821042060852051e+00 1.884006023406982422e+00 2.221826076507568359e+00 1.905952572822570801e+00 1.790281414985656738e+00 1.606040835380554199e+00 2.164334535598754883e+00 2.394635915756225586e+00 2.269411563873291016e+00 1.796346902847290039e+00 1.664633393287658691e+00 2.624637365341186523e+00 2.172447919845581055e+00 1.887388825416564941e+00 2.032698392868041992e+00 1.979240417480468750e+00 2.200104951858520508e+00 2.282083511352539062e+00 1.599385619163513184e+00 4.057872295379638672e-01 -6.211466193199157715e-01 -8.407095670700073242e-01 -8.901288509368896484e-01 -1.092302441596984863e+00 -1.220996260643005371e+00 -1.168575048446655273e+00 -1.055263400077819824e+00 -1.212122321128845215e+00 -1.243041992187500000e+00 -1.339006662368774414e+00 -1.540053367614746094e+00 -1.399313807487487793e+00 -1.867939591407775879e+00 -1.945061922073364258e+00 -2.222249746322631836e+00 -2.639388561248779297e+00 -2.454767942428588867e+00 -2.814909458160400391e+00 -2.481637954711914062e+00 -2.847175836563110352e+00 -2.946045875549316406e+00 -2.598054647445678711e+00 -3.039713382720947266e+00 -2.883179903030395508e+00 -2.618216753005981445e+00 -2.828580617904663086e+00 -2.514816045761108398e+00 -2.051979541778564453e+00 -1.845842599868774414e+00
-7.765905261039733887e-01 -5.482094287872314453e-01 -4.463156461715698242e-01 -5.932404398918151855e-01 -2.824458181858062744e-01 1.028257980942726135e-01 1.006795838475227356e-01 2.072542756795883179e-01 4.129571914672851562e-01 2.246223092079162598e-01 8.184362649917602539e-01 8.423280715942382812e-01 8.136900067329406738e-01 1.790501594543457031e+00 2.042005538940429688e+00 1.882591605186462402e+00 2.198417901992797852e+00 2.132301568984985352e+00 1.852645277976989746e+00 1.653619408607482910e+00 1.941100239753723145e+00 2.149002075195312500e+00 2.203936815261840820e+00 2.160787105560302734e+00 2.159351587295532227e+00 1.636321306228637695e+00 1.977843403816223145e+00 2.240136861801147461e+00 2.148077487945556641e+00 2.016358137130737305e+00 1.878009200096130371e+00 1.997657775878906250e+00 1.860948801040649414e+00 1.407925605773925781e+00 5.637511610984802246e-01 -1.871753931045532227e-01 -7.115225791931152344e-01 -1.015323162078857422e+00 -9.175358414649963379e-01 -1.311066031455993652e+00 -1.279350638389587402e+00 -9.393681883811950684e-01 -1.122196078300476074e+00 -1.029524326324462891e+00 -1.262644886970520020e+00 -1.392184019088745117e+00 -1.802599549293518066e+00 -1.628706574440002441e+00 -1.948918223381042480e+00 -2.425801992416381836e+00 -2.452413558959960938e+00 -2.854607105255126953e+00 -2.601508855819702148e+00 -2.792058944702148438e+00 -2.607199668884277344e+00 -2.717944145202636719e+00 -3.285203456878662109e+00 -3.400952816009521484e+00 -2.751983642578125000e+00 -2.580827713012695312e+00 -2.575783967971801758e+00 -2.445250988006591797e+00 -2.131474018096923828e+00 -2.640701770782470703e+00
-6.482110023498535156e-01 -2.801460027694702148e-01 -3.365233540534973145e-01 -4.281207323074340820e-01 -1.587579548358917236e-01 -1.969175785779953003e-01 1.072612330317497253e-01 4.703521430492401123e-01 4.829843342304229736e-01 3.642864227294921875e-01 6.343880295753479004e-01 1.412007570266723633e+00 1.958558797836303711e+00 2.390099763870239258e+00 1.894829273223876953e+00 1.835634946823120117e+00 2.089554309844970703e+00 1.986239790916442871e+00 2.181217670440673828e+00 1.993308305740356445e+00 1.987582206726074219e+00 2.006963014602661133e+00 2.574543237686157227e+00 2.600723743438720703e+00 2.006080150604248047e+00 1.985203027725219727e+00 1.869548797607421875e+00 2.090661287307739258e+00 1.921781778335571289e+00 1.846227526664733887e+00 2.369160890579223633e+00 2.142458200454711914e+00 2.289743423461914062e+00 1.457338452339172363e+00 8.103519082069396973e-01 -6.911870092153549194e-02 -2.398350685834884644e-01 -6.371621489524841309e-01 -1.233561396598815918e+00 -1.417072534561157227e+00 -1.353319406509399414e+00 -1.095777988433837891e+00 -1.176498770713806152e+00 -1.357381224632263184e+00 -1.475435972213745117e+00 -1.489826798439025879e+00 -1.753087878227233887e+00 -1.973540425300598145e+00 -2.285917282104492188e+00 -2.782560586929321289e+00 -2.705477476119995117e+00 -2.981506586074829102e+00 -3.124483346939086914e+00 -2.828563451766967773e+00 -2.784796714782714844e+00 -2.673712491989135742e+00 -3.097729921340942383e+00 -3.504580020904541016e+00 -3.497809886932373047e+00 -2.815518856048583984e+00 -2.620508909225463867e+00 -2.146280288696289062e+00 -2.201349258422851562e+00 -2.367340803146362305e+00
-4.534480869770050049e-01 -4.758791625499725342e-01 -4.942084848880767822e-01 -3.036591410636901855e-01 -7.704307883977890015e-02 1.824589967727661133e-01 3.739552497863769531e-01 3.706467151641845703e-01 2.465314269065856934e-01 5.232086777687072754e-01 8.091006875038146973e-01 1.444663166999816895e+00 2.117168664932250977e+00 2.207100152969360352e+00 2.062572956085205078e+00 1.840547323226928711e+00 2.079301595687866211e+00 2.118992328643798828e+00 2.050649642944335938e+00 1.985989451408386230e+00 2.050874948501586914e+00 2.153317928314208984e+00 2.131361484527587891e+00 2.174646377563476562e+00 2.145782709121704102e+00 2.187072277069091797e+00 2.588409662246704102e+00 2.275138378143310547e+00 2.117273807525634766e+00 2.070281982421875000e+00 2.448240995407104492e+00 2.242450714111328125e+00 2.299859285354614258e+00 1.296026587486267090e+00 7.380042672157287598e-01 -1.843355447053909302e-01 -6.373028755187988281e-01 -8.596224784851074219e-01 -1.204490303993225098e+00 -1.215056300163269043e+00 -1.182523488998413086e+00 -9.229992628097534180e-01 -1.321724653244018555e+00 -1.276773452758789062e+00 -1.492708444595336914e+00 -1.653300881385803223e+00 -1.563873529434204102e+00 -2.031295776367187500e+00 -2.128187179565429688e+00 -2.728155851364135742e+00 -2.711268186569213867e+00 -3.199227333068847656e+00 -3.195438623428344727e+00 -3.037932872772216797e+00 -2.919082641601562500e+00 -3.331226587295532227e+00 -3.439744949340820312e+00 -3.460579156875610352e+00 -3.559568166732788086e+00 -2.981095552444458008e+00 -2.423650741577148438e+00 -2.554509401321411133e+00 -2.209584712982177734e+00 -2.912212371826171875e+00
-4.686410427093505859e-01 -2.599859833717346191e-01 -4.401507377624511719e-01 -2.176886945962905884e-01 3.357787802815437317e-02 1.241188794374465942e-01 6.698652505874633789e-01 6.545826792716979980e-01 4.463620483875274658e-01 1.131699323654174805e+00 1.301893472671508789e+00 1.784341216087341309e+00 2.319059371948242188e+00 2.386695623397827148e+00 2.066367626190185547e+00 2.061151742935180664e+00 2.325513839721679688e+00 2.235598802566528320e+00 2.646849870681762695e+00 2.188504219055175781e+00 1.983390688896179199e+00 2.035656690597534180e+00 1.882858514785766602e+00 2.282427549362182617e+00 2.382166385650634766e+00 2.255748033523559570e+00 2.506597757339477539e+00 2.521011590957641602e+00 1.904376506805419922e+00 2.111738443374633789e+00 2.474377155303955078e+00 2.123950242996215820e+00 2.223675966262817383e+00 1.573404073715209961e+00 6.317262053489685059e-01 -2.303703576326370239e-01 -5.279708504676818848e-01 -8.074129819869995117e-01 -1.162180542945861816e+00 -1.220078229904174805e+00 -1.187753558158874512e+00 -1.232498407363891602e+00 -1.710680007934570312e+00 -1.473611712455749512e+00 -1.543021798133850098e+00 -1.541975378990173340e+00 -1.628795742988586426e+00 -1.709545373916625977e+00 -2.308579921722412109e+00 -2.932327270507812500e+00 -2.957737922668457031e+00 -3.250696182250976562e+00 -3.341974258422851562e+00 -2.884413719177246094e+00 -3.133730649948120117e+00 -3.392366170883178711e+00 -3.698960304260253906e+00 -3.512723922729492188e+00 -3.773967742919921875e+00 -3.335333347320556641e+00 -2.579373598098754883e+00 -2.703421592712402344e+00 -2.791616439819335938e+00 -2.818799734115600586e+00
-5.407429337501525879e-01 -2.161234468221664429e-01 -4.566953331232070923e-02 1.560249328613281250e-01 1.551458239555358887e-01 2.080131173133850098e-01 7.543289065361022949e-01 1.031574368476867676e+00 6.970432400703430176e-01 1.226526379585266113e+00 1.713351726531982422e+00 2.229031324386596680e+00 2.688564538955688477e+00 2.322159767150878906e+00 2.455865621566772461e+00 2.427929401397705078e+00 2.556127071380615234e+00 2.515852689743041992e+00 2.717428445816040039e+00 2.667028427124023438e+00 2.279729127883911133e+00 2.114413499832153320e+00 2.270240306854248047e+00 2.675951480865478516e+00 2.610902547836303711e+00 2.720973253250122070e+00 3.005616664886474609e+00 2.474532842636108398e+00 2.430465221405029297e+00 2.382063150405883789e+00 2.634720087051391602e+00 2.596732616424560547e+00 1.892366290092468262e+00 1.568954706192016602e+00 5.746052861213684082e-01 -2.092709690332412720e-01 -4.279142618179321289e-01 -6.979193687438964844e-01 -1.048503518104553223e+00 -1.154394268989562988e+00 -1.184002995491027832e+00 -1.425564289093017578e+00 -1.302595734596252441e+00 -1.514398694038391113e+00 -1.690546631813049316e+00 -1.628739118576049805e+00 -1.797288775444030762e+00 -1.979369878768920898e+00 -2.413953304290771484e+00 -2.720970630645751953e+00 -3.211410045623779297e+00 -3.155964851379394531e+00 -2.840980052947998047e+00 -2.788367271423339844e+00 -3.184948444366455078e+00 -3.422267198562622070e+00 -3.432912826538085938e+00 -2.892959833145141602e+00 -3.291029691696166992e+00 -3.261932134628295898e+00 -2.808207750320434570e+00 -2.878910064697265625e+00 -3.054490804672241211e+00 -2.936756849288940430e+00
-5.372797250747680664e-01 -4.470234215259552002e-01 -1.793134510517120361e-01 4.938858449459075928e-01 5.526158809661865234e-01 1.357654184103012085e-01 5.948864817619323730e-01 9.131104350090026855e-01 1.132050156593322754e+00 9.330928921699523926e-01 1.964051842689514160e+00 2.698061704635620117e+00 2.693105220794677734e+00 2.504998922348022461e+00 2.759251356124877930e+00 2.363917112350463867e+00 2.661350727081298828e+00 2.483267068862915039e+00 2.464221000671386719e+00 2.395213842391967773e+00 2.504705190658569336e+00 2.272104501724243164e+00 2.444750308990478516e+00 2.122017860412597656e+00 2.202129364013671875e+00 2.511624097824096680e+00 2.908176660537719727e+00 2.819061994552612305e+00 2.938284635543823242e+00 3.005166053771972656e+00 2.871227025985717773e+00 2.587238550186157227e+00 2.626704216003417969e+00 1.589929580688476562e+00 6.188359856605529785e-01 -3.714511394500732422e-01 -4.257561266422271729e-01 -2.681897878646850586e-01 -8.832125663757324219e-01 -9.596216678619384766e-01 -1.150871038436889648e+00 -1.364145636558532715e+00 -1.454449057579040527e+00 -1.745279788970947266e+00 -1.816912174224853516e+00 -1.599088191986083984e+00 -1.972879767417907715e+00 -2.182790040969848633e+00 -2.469364881515502930e+00 -3.077823400497436523e+00 -2.943677186965942383e+00 -3.044284820556640625e+00 -3.104718208312988281e+00 -2.658345222473144531e+00 -2.971343517303466797e+00 -3.043187141418457031e+00 -3.306647539138793945e+00 -2.928341150283813477e+00 -3.051197528839111328e+00 -2.885258913040161133e+00 -2.698415756225585938e+00 -3.121439933776855469e+00 -3.160273313522338867e+00 -3.374513387680053711e+00
-2.219737917184829712e-01 -2.597131133079528809e-01 1.149579286575317383e-01 1.665436923503875732e-01 8.259302377700805664e-01 4.927766025066375732e-01 7.123307585716247559e-01 1.133495807647705078e+00 1.063754796981811523e+00 1.022695422172546387e+00 1.861596465110778809e+00 2.650200128555297852e+00 2.736735343933105469e+00 2.425829648971557617e+00 2.960451602935791016e+00 2.490418195724487305e+00 2.837811231613159180e+00 2.752305269241333008e+00 2.865803718566894531e+00 2.901101350784301758e+00 2.577873945236206055e+00 2.430658817291259766e+00 2.288441658020019531e+00 2.477353811264038086e+00 2.475796222686767578e+00 2.672216653823852539e+00 2.924247503280639648e+00 3.143165826797485352e+00 3.442538261413574219e+00 2.823197841644287109e+00 3.105977296829223633e+00 2.771105766296386719e+00 2.541996240615844727e+00 1.646610617637634277e+00 7.497069239616394043e-01 -2.669323682785034180e-01 -4.820052385330200195e-01 -2.134849280118942261e-01 -9.320542216300964355e-01 -1.372209787368774414e+00 -1.098878741264343262e+00 -1.505578517913818359e+00 -1.717176079750061035e+00 -1.763459801673889160e+00 -2.112508058547973633e+00 -2.080905675888061523e+00 -1.943345665931701660e+00 -1.856502532958984375e+00 -2.479996442794799805e+00 -2.768515825271606445e+00 -2.595921993255615234e+00 -2.912446498870849609e+00 -2.754571199417114258e+00 -2.673169374465942383e+00 -2.886387825012207031e+00 -2.760562181472778320e+00 -2.657885551452636719e+00 -2.580136537551879883e+00 -2.548015832901000977e+00 -2.910974740982055664e+00 -2.736360788345336914e+00 -2.467706918716430664e+00 -2.711247444152832031e+00 -2.722331047058105469e+00
-2.225119769573211670e-01 -1.185480877757072449e-01 1.551250517368316650e-01 4.504488110542297363e-01 5.957541465759277344e-01 8.477449417114257812e-01 1.013865709304809570e+00 9.519939422607421875e-01 9.885497093200683594e-01 1.523792743682861328e+00 2.328293085098266602e+00 2.676893234252929688e+00 2.254349946975708008e+00 2.245781660079956055e+00 2.900090694427490234e+00 2.890619516372680664e+00 2.947216987609863281e+00 2.950331449508666992e+00 3.143623352050781250e+00 3.100900411605834961e+00 2.970497131347656250e+00 2.585652351379394531e+00 2.595632314682006836e+00 2.252538681030273438e+00 2.302260398864746094e+00 2.902349472045898438e+00 2.677877664566040039e+00 2.800024747848510742e+00 2.925101757049560547e+00 2.703262329101562500e+00 2.938655853271484375e+00 2.751536369323730469e+00 2.499048709869384766e+00 1.778613567352294922e+00 1.131452202796936035e+00 -2.345376759767532349e-01 -3.716639280319213867e-01 -3.324850499629974365e-01 -1.186872839927673340e+00 -1.462396860122680664e+00 -1.344638347625732422e+00 -1.322149276733398438e+00 -1.686174154281616211e+00 -1.683130264282226562e+00 -2.181542873382568359e+00 -2.139402866363525391e+00 -2.047216653823852539e+00 -2.097989320755004883e+00 -2.101707458496093750e+00 -2.873323440551757812e+00 -3.004544019699096680e+00 -2.713120460510253906e+00 -2.958687067031860352e+00 -2.712373733520507812e+00 -2.514564275741577148e+00 -2.467808961868286133e+00 -2.697098970413208008e+00 -2.453831195831298828e+00 -2.499693393707275391e+00 -2.889842987060546875e+00 -2.795320749282836914e+00 -2.548564910888671875e+00 -2.564223766326904297e+00 -2.715702056884765625e+00
-4.097000658512115479e-01 -1.562375277280807495e-01 8.803572505712509155e-02 3.535780012607574463e-01 8.250548839569091797e-01 8.518513441085815430e-01 1.375268697738647461e+00 1.220016121864318848e+00 1.499173760414123535e+00 1.888750314712524414e+00 2.207583665847778320e+00 2.576490402221679688e+00 2.259510040283203125e+00 2.484359264373779297e+00 2.476707935333251953e+00 2.967728376388549805e+00 2.922252655029296875e+00 3.024013996124267578e+00 2.944874525070190430e+00 3.068511962890625000e+00 3.217547178268432617e+00 2.973668336868286133e+00 2.990687370300292969e+00 2.922399044036865234e+00 2.319644689559936523e+00 2.722099065780639648e+00 2.372022867202758789e+00 2.433840751647949219e+00 2.855491161346435547e+00 2.963509082794189453e+00 3.342983007431030273e+00 2.843301773071289062e+00 2.549884796142578125e+00 1.737861275672912598e+00 8.499256968498229980e-01 -1.214469820261001587e-01 -3.837783634662628174e-01 -4.956594407558441162e-01 -1.109967589378356934e+00 -1.280502200126647949e+00 -1.583029985427856445e+00 -1.385379552841186523e+00 -1.611503481864929199e+00 -1.634715437889099121e+00 -1.939505219459533691e+00 -2.577322483062744141e+00 -2.487448215484619141e+00 -2.269167423248291016e+00 -2.396056652069091797e+00 -2.793884038925170898e+00 -2.693713426589965820e+00 -2.863312005996704102e+00 -2.921782016754150391e+00 -3.059189081192016602e+00 -3.031269073486328125e+00 -2.794839859008789062e+00 -2.809715270996093750e+00 -2.328286170959472656e+00 -2.804028749465942383e+00 -2.843177795410156250e+00 -2.650028467178344727e+00 -2.846227884292602539e+00 -3.008737564086914062e+00 -2.861077070236206055e+00
-3.893942236900329590e-01 -4.749192893505096436e-01 3.906155005097389221e-02 2.871629893779754639e-01 9.580945968627929688e-01 1.125910282135009766e+00 1.604891419410705566e+00 1.759744286537170410e+00 2.008646011352539062e+00 2.293146133422851562e+00 2.111806392669677734e+00 2.489058732986450195e+00 2.312847137451171875e+00 2.615885734558105469e+00 2.873393535614013672e+00 2.986698150634765625e+00 3.234716176986694336e+00 3.055146455764770508e+00 3.012354135513305664e+00 3.426575660705566406e+00 3.674513101577758789e+00 3.868890762329101562e+00 3.593923807144165039e+00 3.390762090682983398e+00 2.750485181808471680e+00 2.456538915634155273e+00 2.702136516571044922e+00 2.727599859237670898e+00 2.783406257629394531e+00 3.254869222640991211e+00 3.024419784545898438e+00 2.706694602966308594e+00 2.561729192733764648e+00 1.561246395111083984e+00 1.013153195381164551e+00 1.653335094451904297e-01 -7.506920695304870605e-01 -8.265852928161621094e-01 -1.044259548187255859e+00 -1.174718260765075684e+00 -1.535167336463928223e+00 -1.577759146690368652e+00 -1.201340317726135254e+00 -1.953508138656616211e+00 -2.344557523727416992e+00 -2.185055971145629883e+00 -2.217117547988891602e+00 -1.966572880744934082e+00 -2.249739646911621094e+00 -2.576842069625854492e+00 -2.965145826339721680e+00 -3.111212730407714844e+00 -2.570549488067626953e+00 -2.436112165451049805e+00 -2.418431282043457031e+00 -2.906977176666259766e+00 -2.402744054794311523e+00 -2.680260896682739258e+00 -2.642732620239257812e+00 -2.744686841964721680e+00 -2.637310981750488281e+00 -2.765198469161987305e+00 -2.529626369476318359e+00 -2.859025716781616211e+00
-5.332796573638916016e-01 -2.059193402528762817e-01 6.273888051509857178e-02 2.803034186363220215e-01 6.393451690673828125e-01 1.129021406173706055e+00 1.661998629570007324e+00 1.654533028602600098e+00 1.406690597534179688e+00 2.150495529174804688e+00 2.675604343414306641e+00 2.599103689193725586e+00 2.757373809814453125e+00 3.008857011795043945e+00 3.285734653472900391e+00 3.193876504898071289e+00 3.269346475601196289e+00 3.129419326782226562e+00 3.103708744049072266e+00 3.462007045745849609e+00 3.400782585144042969e+00 3.526003837585449219e+00 3.826799392700195312e+00 3.143475770950317383e+00 3.280299186706542969e+00 3.092120409011840820e+00 3.085281610488891602e+00 2.665919065475463867e+00 2.860068559646606445e+00 3.029199361801147461e+00 2.777391672134399414e+00 2.691821575164794922e+00 2.743252277374267578e+00 1.837233662605285645e+00 8.087893724441528320e-01 -1.362387686967849731e-01 -9.028718471527099609e-01 -9.475742578506469727e-01 -9.450839161872863770e-01 -1.153373360633850098e+00 -1.067205429077148438e+00 -1.520856738090515137e+00 -1.458463191986083984e+00 -1.840064764022827148e+00 -1.772208452224731445e+00 -2.146847724914550781e+00 -2.272012472152709961e+00 -2.166389226913452148e+00 -2.026841402053833008e+00 -2.709424495697021484e+00 -2.456687450408935547e+00 -2.730508327484130859e+00 -2.984819650650024414e+00 -2.900763750076293945e+00 -3.039287567138671875e+00 -2.987031221389770508e+00 -2.578430175781250000e+00 -2.944823503494262695e+00 -2.723157405853271484e+00 -2.974090337753295898e+00 -2.976828813552856445e+00 -2.986651420593261719e+00 -2.590853214263916016e+00 -2.548853635787963867e+00
-3.465411961078643799e-01 -1.624535024166107178e-01 4.242506921291351318e-01 3.626301586627960205e-01 6.662688851356506348e-01 1.175004363059997559e+00 1.412268996238708496e+00 1.721738338470458984e+00 1.721536159515380859e+00 2.245999813079833984e+00 2.403260231018066406e+00 2.380403995513916016e+00 2.561219930648803711e+00 2.972633123397827148e+00 3.548249721527099609e+00 3.456110954284667969e+00 3.414273262023925781e+00 3.547024726867675781e+00 3.398114681243896484e+00 3.891344785690307617e+00 3.281363248825073242e+00 4.009572505950927734e+00 4.231621742248535156e+00 3.465496301651000977e+00 2.773561239242553711e+00 3.167438030242919922e+00 2.996829748153686523e+00 3.168430566787719727e+00 3.041816473007202148e+00 3.463529109954833984e+00 3.555032014846801758e+00 3.169435977935791016e+00 3.501566171646118164e+00 2.015193939208984375e+00 1.230423331260681152e+00 9.158866852521896362e-02 -8.469139337539672852e-01 -8.517892360687255859e-01 -1.077702760696411133e+00 -9.177578687667846680e-01 -1.228478908538818359e+00 -1.209033727645874023e+00 -1.439395546913146973e+00 -1.648929834365844727e+00 -2.242933750152587891e+00 -1.885753750801086426e+00 -2.160078048706054688e+00 -2.467564344406127930e+00 -2.401709318161010742e+00 -2.346702814102172852e+00 -2.297173261642456055e+00 -2.855357885360717773e+00 -2.811940670013427734e+00 -2.918659210205078125e+00 -2.507719755172729492e+00 -2.851584434509277344e+00 -2.935787677764892578e+00 -3.221752166748046875e+00 -3.368351936340332031e+00 -2.959681987762451172e+00 -2.962200880050659180e+00 -2.693785190582275391e+00 -3.019637584686279297e+00 -2.836885690689086914e+00
-2.081092000007629395e-01 -1.260371357202529907e-01 5.439977645874023438e-01 8.081751465797424316e-01 1.278063416481018066e+00 1.205243587493896484e+00 1.631897807121276855e+00 1.562368273735046387e+00 1.578834056854248047e+00 2.140774726867675781e+00 2.612194776535034180e+00 2.481434583663940430e+00 2.597463607788085938e+00 2.928099393844604492e+00 3.485460042953491211e+00 3.238229990005493164e+00 2.931415319442749023e+00 3.523555994033813477e+00 3.090751886367797852e+00 3.422844171524047852e+00 3.255190849304199219e+00 3.604572057723999023e+00 3.749897241592407227e+00 3.270307302474975586e+00 3.018223524093627930e+00 3.198553800582885742e+00 3.285722017288208008e+00 3.214147329330444336e+00 3.482709646224975586e+00 3.326323747634887695e+00 3.548070192337036133e+00 3.280864000320434570e+00 3.577023744583129883e+00 2.175880432128906250e+00 1.313886404037475586e+00 1.969045102596282959e-01 -9.280897974967956543e-01 -1.032983541488647461e+00 -1.172498464584350586e+00 -1.244717597961425781e+00 -1.127083659172058105e+00 -1.360745906829833984e+00 -1.310465335845947266e+00 -1.601361513137817383e+00 -1.943331122398376465e+00 -2.108075141906738281e+00 -2.167085409164428711e+00 -2.409836292266845703e+00 -2.150662183761596680e+00 -2.368245363235473633e+00 -2.153554916381835938e+00 -2.732493400573730469e+00 -2.714059352874755859e+00 -2.567700386047363281e+00 -2.888449192047119141e+00 -2.619076013565063477e+00 -2.845029592514038086e+00 -2.765648126602172852e+00 -2.729249000549316406e+00 -2.543352842330932617e+00 -3.020393848419189453e+00 -2.885139703750610352e+00 -2.773573160171508789e+00 -2.957963228225708008e+00
-2.653829194605350494e-02 -3.623139560222625732e-01 5.178709030151367188e-01 7.556875944137573242e-01 1.123849272727966309e+00 1.694710850715637207e+00 1.689721345901489258e+00 1.847543835639953613e+00 1.913877844810485840e+00 2.062180280685424805e+00 2.390035867691040039e+00 2.647617340087890625e+00 2.609338998794555664e+00 2.532143354415893555e+00 2.775631666183471680e+00 2.908658742904663086e+00 3.076014757156372070e+00 3.073800802230834961e+00 2.582442283630371094e+00 2.594165086746215820e+00 3.009578466415405273e+00 3.195186376571655273e+00 3.292661190032958984e+00 3.136720180511474609e+00 3.350775241851806641e+00 3.216481447219848633e+00 2.662564516067504883e+00 3.244974613189697266e+00 3.200679540634155273e+00 2.739963054656982422e+00 2.990585088729858398e+00 2.340333223342895508e+00 3.126705169677734375e+00 2.145081043243408203e+00 1.153330922126770020e+00 1.081168577075004578e-01 -9.100157022476196289e-01 -9.001926779747009277e-01 -1.137574434280395508e+00 -1.477698206901550293e+00 -1.302782058715820312e+00 -1.428145885467529297e+00 -1.598720550537109375e+00 -1.838864207267761230e+00 -1.941780447959899902e+00 -2.247975826263427734e+00 -2.314336061477661133e+00 -2.339060306549072266e+00 -2.527358770370483398e+00 -2.566315889358520508e+00 -2.532150506973266602e+00 -2.883459568023681641e+00 -2.857893705368041992e+00 -2.703980922698974609e+00 -2.686604976654052734e+00 -2.862759113311767578e+00 -2.730933904647827148e+00 -2.620973110198974609e+00 -3.022148609161376953e+00 -3.154501914978027344e+00 -3.027467489242553711e+00 -2.906433343887329102e+00 -3.085515260696411133e+00 -2.965836048126220703e+00
-1.672074943780899048e-01 1.419062260538339615e-02 8.780157566070556641e-01 1.096545696258544922e+00 1.317431449890136719e+00 1.539391517639160156e+00 1.799222350120544434e+00 1.636385202407836914e+00 1.740829944610595703e+00 1.824443340301513672e+00 2.162192344665527344e+00 2.454612970352172852e+00 2.351523876190185547e+00 2.254245519638061523e+00 2.756153345108032227e+00 2.647100925445556641e+00 3.055620908737182617e+00 2.936659812927246094e+00 2.562055826187133789e+00 2.800930500030517578e+00 2.654430150985717773e+00 2.515584945678710938e+00 2.690798997879028320e+00 3.007710695266723633e+00 3.011291742324829102e+00 3.585943698883056641e+00 3.105173587799072266e+00 4.033903598785400391e+00 3.956319570541381836e+00 3.613065958023071289e+00 3.157167911529541016e+00 3.367610454559326172e+00 3.109680652618408203e+00 2.624904155731201172e+00 1.347277879714965820e+00 9.118845313787460327e-02 -1.214037656784057617e+00 -1.178199648857116699e+00 -9.684584140777587891e-01 -1.128305554389953613e+00 -1.187477469444274902e+00 -1.518304705619812012e+00 -1.801763892173767090e+00 -1.977048993110656738e+00 -2.182044506072998047e+00 -2.444185733795166016e+00 -2.331129550933837891e+00 -1.897520065307617188e+00 -2.030763387680053711e+00 -2.267572164535522461e+00 -2.375725984573364258e+00 -2.726486682891845703e+00 -2.656485557556152344e+00 -2.707873582839965820e+00 -2.532880783081054688e+00 -3.092789888381958008e+00 -2.746832132339477539e+00 -2.648204326629638672e+00 -3.119368553161621094e+00 -3.024857044219970703e+00 -2.913551330566406250e+00 -2.626354694366455078e+00 -2.690733671188354492e+00 -2.487266063690185547e+00
2.400291860103607178e-01 1.098406240344047546e-01 6.273545622825622559e-01 9.850100278854370117e-01 1.370013713836669922e+00 1.559888839721679688e+00 1.440147876739501953e+00 1.737592458724975586e+00 1.744010090827941895e+00 1.701164603233337402e+00 1.920763850212097168e+00 2.382847309112548828e+00 2.281445026397705078e+00 2.194531679153442383e+00 3.015648841857910156e+00 2.734675168991088867e+00 2.957649469375610352e+00 3.128261327743530273e+00 2.894991636276245117e+00 2.932988405227661133e+00 3.139857292175292969e+00 2.726971387863159180e+00 2.911172389984130859e+00 3.099642753601074219e+00 3.150406360626220703e+00 3.108389139175415039e+00 3.078897476196289062e+00 3.042682647705078125e+00 3.671683073043823242e+00 3.166610717773437500e+00 3.731876850128173828e+00 2.848828077316284180e+00 2.835139989852905273e+00 2.460854053497314453e+00 1.441616177558898926e+00 4.479824304580688477e-01 -6.677706241607666016e-01 -6.894618868827819824e-01 -6.790050864219665527e-01 -1.290778398513793945e+00 -1.302178859710693359e+00 -1.619660854339599609e+00 -1.519514441490173340e+00 -2.162462711334228516e+00 -2.100841045379638672e+00 -2.644113540649414062e+00 -2.342643022537231445e+00 -2.019835472106933594e+00 -1.735802054405212402e+00 -2.205489397048950195e+00 -2.429917097091674805e+00 -2.662202358245849609e+00 -2.595993757247924805e+00 -2.677839040756225586e+00 -2.678640604019165039e+00 -2.726383447647094727e+00 -2.572870969772338867e+00 -2.750058889389038086e+00 -2.994591712951660156e+00 -2.804725170135498047e+00 -2.720938444137573242e+00 -2.704465389251708984e+00 -2.700574398040771484e+00 -2.851160526275634766e+00
1.718539446592330933e-01 1.697425730526447296e-03 -8.979709818959236145e-03 9.274266958236694336e-01 1.317312240600585938e+00 1.588565587997436523e+00 1.653310656547546387e+00 1.717445492744445801e+00 1.637122392654418945e+00 1.890626788139343262e+00 1.813166975975036621e+00 2.308073043823242188e+00 2.175933599472045898e+00 2.495119333267211914e+00 2.607257366180419922e+00 2.835149526596069336e+00 3.148666620254516602e+00 2.641211748123168945e+00 2.733302354812622070e+00 2.891725540161132812e+00 3.180662631988525391e+00 3.016928195953369141e+00 3.292234659194946289e+00 2.911533117294311523e+00 3.420248985290527344e+00 3.196897506713867188e+00 2.599398136138916016e+00 2.637438535690307617e+00 2.981599092483520508e+00 3.063061475753784180e+00 3.436764478683471680e+00 3.181427717208862305e+00 2.935713768005371094e+00 2.038526296615600586e+00 1.656880855560302734e+00 3.898121416568756104e-01 -7.715063691139221191e-01 -6.846826672554016113e-01 -1.011551380157470703e+00 -9.364438056945800781e-01 -1.300856590270996094e+00 -1.338783383369445801e+00 -1.633610963821411133e+00 -1.911576509475708008e+00 -2.159166336059570312e+00 -2.419168710708618164e+00 -2.092995643615722656e+00 -2.092669010162353516e+00 -1.845745563507080078e+00 -1.921044588088989258e+00 -2.167057514190673828e+00 -2.330391645431518555e+00 -2.339853286743164062e+00 -2.492411851882934570e+00 -2.805131196975708008e+00 -2.432242393493652344e+00 -2.614381551742553711e+00 -2.605244159698486328e+00 -2.584766387939453125e+00 -2.552356481552124023e+00 -2.516514301300048828e+00 -2.411147356033325195e+00 -2.843158006668090820e+00 -2.566699743270874023e+00
-1.079531610012054443e-01 -8.556948602199554443e-02 2.032157033681869507e-01 7.458348870277404785e-01 1.401231050491333008e+00 1.907919049263000488e+00 1.731559514999389648e+00 1.547951698303222656e+00 1.443856477737426758e+00 1.994207620620727539e+00 1.538630485534667969e+00 2.069866657257080078e+00 2.072881937026977539e+00 2.014188289642333984e+00 2.238664388656616211e+00 2.594496488571166992e+00 2.820575714111328125e+00 2.909042119979858398e+00 2.891216993331909180e+00 3.315078020095825195e+00 3.099981546401977539e+00 2.635162353515625000e+00 2.917960405349731445e+00 2.943183183670043945e+00 2.683354854583740234e+00 2.833584785461425781e+00 2.777015686035156250e+00 2.606396198272705078e+00 2.867091894149780273e+00 3.395434856414794922e+00 3.453975439071655273e+00 3.314653158187866211e+00 2.503314971923828125e+00 2.342264413833618164e+00 1.747727870941162109e+00 5.480501055717468262e-01 -7.408425211906433105e-01 -1.204986214637756348e+00 -1.404007673263549805e+00 -1.352077722549438477e+00 -1.224407196044921875e+00 -1.086838722229003906e+00 -1.687504291534423828e+00 -1.977913260459899902e+00 -2.255237340927124023e+00 -2.370247125625610352e+00 -2.016422748565673828e+00 -2.414128541946411133e+00 -1.933633923530578613e+00 -2.027836322784423828e+00 -2.058073043823242188e+00 -2.421140670776367188e+00 -2.836777210235595703e+00 -2.679649591445922852e+00 -3.016684532165527344e+00 -3.143731117248535156e+00 -2.722620010375976562e+00 -2.687876939773559570e+00 -2.555692195892333984e+00 -2.428366899490356445e+00 -2.652651071548461914e+00 -2.489685535430908203e+00 -2.640980958938598633e+00 -2.663420915603637695e+00
3.906884491443634033e-01 -5.162032321095466614e-02 3.313548862934112549e-02 7.450348734855651855e-01 1.658387899398803711e+00 1.726374864578247070e+00 1.437168478965759277e+00 1.460249900817871094e+00 1.815279603004455566e+00 2.055341482162475586e+00 1.836333155632019043e+00 1.930747985839843750e+00 2.460998773574829102e+00 2.348320484161376953e+00 2.716862916946411133e+00 2.197333335876464844e+00 2.452535629272460938e+00 2.328217744827270508e+00 2.886797189712524414e+00 2.855032920837402344e+00 2.630455255508422852e+00 2.753036737442016602e+00 2.741598844528198242e+00 2.932343959808349609e+00 2.987902641296386719e+00 2.945824146270751953e+00 2.758604526519775391e+00 2.688804626464843750e+00 3.164784193038940430e+00 2.969514608383178711e+00 3.535066843032836914e+00 3.465469121932983398e+00 3.080621957778930664e+00 2.602770566940307617e+00 2.075768709182739258e+00 5.402522087097167969e-01 -1.412274837493896484e-01 -3.864924013614654541e-01 -8.786735534667968750e-01 -7.666206955909729004e-01 -1.482575297355651855e+00 -1.491201996803283691e+00 -1.714103698730468750e+00 -1.966120004653930664e+00 -1.997195243835449219e+00 -2.409922838211059570e+00 -2.108968019485473633e+00 -1.778149724006652832e+00 -1.817512154579162598e+00 -2.026239633560180664e+00 -1.857027649879455566e+00 -2.497531414031982422e+00 -2.584320306777954102e+00 -2.636612892150878906e+00 -2.788498163223266602e+00 -3.186716556549072266e+00 -2.714776992797851562e+00 -2.726891994476318359e+00 -2.836729049682617188e+00 -2.969382524490356445e+00 -2.435926675796508789e+00 -2.563157796859741211e+00 -2.529625177383422852e+00 -2.903276920318603516e+00
2.758122086524963379e-01 1.869090646505355835e-01 4.967764317989349365e-01 9.261698126792907715e-01 1.693079471588134766e+00 2.056615114212036133e+00 1.640461444854736328e+00 1.524212479591369629e+00 1.642209410667419434e+00 2.284403324127197266e+00 1.686852574348449707e+00 1.757540106773376465e+00 2.171077489852905273e+00 2.341225385665893555e+00 2.717946290969848633e+00 2.521619796752929688e+00 2.307326793670654297e+00 2.409353494644165039e+00 2.899134874343872070e+00 3.264198541641235352e+00 3.416010141372680664e+00 2.843699216842651367e+00 3.102823019027709961e+00 2.920178651809692383e+00 2.716827392578125000e+00 2.344138383865356445e+00 2.652456045150756836e+00 3.090965509414672852e+00 2.722221136093139648e+00 3.531958341598510742e+00 3.004161119461059570e+00 3.019136428833007812e+00 2.993405580520629883e+00 2.385219335556030273e+00 2.240766763687133789e+00 6.311886906623840332e-01 -6.862666606903076172e-01 -7.538561224937438965e-01 -8.065803050994873047e-01 -7.750432491302490234e-01 -8.232031464576721191e-01 -1.346484065055847168e+00 -1.658002376556396484e+00 -1.909900426864624023e+00 -2.199737071990966797e+00 -2.395555734634399414e+00 -2.577934741973876953e+00 -1.830511331558227539e+00 -2.023764848709106445e+00 -2.140413761138916016e+00 -2.637229204177856445e+00 -2.690503597259521484e+00 -2.659232139587402344e+00 -2.994302988052368164e+00 -2.768777370452880859e+00 -2.880908012390136719e+00 -2.725125074386596680e+00 -2.781416654586791992e+00 -2.808228254318237305e+00 -2.969555616378784180e+00 -3.098460674285888672e+00 -3.053599596023559570e+00 -2.865873575210571289e+00 -2.802997589111328125e+00
3.709631860256195068e-01 3.743949830532073975e-01 4.860645830631256104e-01 9.534124732017517090e-01 1.380200862884521484e+00 1.812059283256530762e+00 1.821756958961486816e+00 1.836235046386718750e+00 1.969174981117248535e+00 2.014590740203857422e+00 1.445011377334594727e+00 1.574246525764465332e+00 2.143449783325195312e+00 2.148586273193359375e+00 2.696126699447631836e+00 2.664415121078491211e+00 2.630060911178588867e+00 2.699554204940795898e+00 2.973000526428222656e+00 3.008043766021728516e+00 3.092707395553588867e+00 3.141793966293334961e+00 3.220986366271972656e+00 2.756818532943725586e+00 2.477816104888916016e+00 2.188249349594116211e+00 2.352194309234619141e+00 3.013246297836303711e+00 2.921186685562133789e+00 2.900846242904663086e+00 2.739969491958618164e+00 3.043321132659912109e+00 2.710623264312744141e+00 2.606373071670532227e+00 2.003541231155395508e+00 5.095962882041931152e-01 -2.411830276250839233e-01 -4.091799855232238770e-01 -3.224546313285827637e-01 -1.033135414123535156e+00 -1.146345257759094238e+00 -1.287340641021728516e+00 -1.588744521141052246e+00 -2.096219539642333984e+00 -2.201140403747558594e+00 -2.177662611007690430e+00 -2.325940608978271484e+00 -1.779759049415588379e+00 -1.932915449142456055e+00 -2.019839525222778320e+00 -2.440889120101928711e+00 -2.997462749481201172e+00 -2.546215534210205078e+00 -2.816306591033935547e+00 -2.744693517684936523e+00 -2.897254228591918945e+00 -2.728822231292724609e+00 -3.000100135803222656e+00 -2.682416439056396484e+00 -2.856517076492309570e+00 -2.976915359497070312e+00 -2.871637344360351562e+00 -2.815463781356811523e+00 -2.235495090484619141e+00
5.461667776107788086e-01 6.593013405799865723e-01 5.541969537734985352e-01 8.494231700897216797e-01 1.465065717697143555e+00 1.802576780319213867e+00 1.975755453109741211e+00 1.979205727577209473e+00 1.698584079742431641e+00 2.521691560745239258e+00 1.843500256538391113e+00 2.019808769226074219e+00 2.159764289855957031e+00 2.384093761444091797e+00 2.770777702331542969e+00 2.798697233200073242e+00 2.822154998779296875e+00 2.792499542236328125e+00 3.178339481353759766e+00 3.148152112960815430e+00 3.234666824340820312e+00 3.077754974365234375e+00 2.666902303695678711e+00 2.781732082366943359e+00 2.354993581771850586e+00 2.649633884429931641e+00 2.711218357086181641e+00 2.816522836685180664e+00 2.952788114547729492e+00 3.205387353897094727e+00 2.853041648864746094e+00 3.050794839859008789e+00 2.543197393417358398e+00 2.557506322860717773e+00 1.661309242248535156e+00 4.443520903587341309e-01 -2.792227640748023987e-02 2.244262397289276123e-02 -5.836029648780822754e-01 -8.071249723434448242e-01 -1.030077695846557617e+00 -8.137534856796264648e-01 -1.264941096305847168e+00 -1.429208636283874512e+00 -2.167727947235107422e+00 -2.044409275054931641e+00 -2.218111753463745117e+00 -1.915503382682800293e+00 -1.624217867851257324e+00 -2.258240699768066406e+00 -2.389358520507812500e+00 -2.825454711914062500e+00 -2.929068803787231445e+00 -2.915111541748046875e+00 -2.891247749328613281e+00 -2.665887355804443359e+00 -2.690840721130371094e+00 -2.467567920684814453e+00 -3.593676090240478516e+00 -2.761397838592529297e+00 -2.766345262527465820e+00 -2.746900796890258789e+00 -2.853302478790283203e+00 -3.642175197601318359e+00
8.499439954757690430e-01 5.319107770919799805e-01 5.935946702957153320e-01 9.345214366912841797e-01 1.662370562553405762e+00 2.242552280426025391e+00 2.074991941452026367e+00 1.850365877151489258e+00 1.905930995941162109e+00 2.411047935485839844e+00 2.405134201049804688e+00 2.345584869384765625e+00 2.551818370819091797e+00 2.414208173751831055e+00 2.930781602859497070e+00 2.473644971847534180e+00 3.071499109268188477e+00 3.155129432678222656e+00 3.179310560226440430e+00 3.671990633010864258e+00 3.468456983566284180e+00 3.022514343261718750e+00 2.991733789443969727e+00 2.717758655548095703e+00 3.040844678878784180e+00 2.867668390274047852e+00 2.732240438461303711e+00 2.685708522796630859e+00 3.013764619827270508e+00 2.943862676620483398e+00 2.780662059783935547e+00 2.967957973480224609e+00 2.655164003372192383e+00 2.524341106414794922e+00 1.917115926742553711e+00 4.370724260807037354e-01 8.675604127347469330e-03 -1.817978024482727051e-01 -5.756304264068603516e-01 -7.291156053543090820e-01 -1.009893894195556641e+00 -9.796270728111267090e-01 -1.439190268516540527e+00 -1.150694370269775391e+00 -1.920868873596191406e+00 -1.954175353050231934e+00 -1.868503332138061523e+00 -1.637131094932556152e+00 -2.127071857452392578e+00 -2.316528320312500000e+00 -2.634985208511352539e+00 -3.080811738967895508e+00 -3.073193073272705078e+00 -2.872262716293334961e+00 -2.626418828964233398e+00 -2.842170715332031250e+00 -2.719523429870605469e+00 -2.754825353622436523e+00 -2.854623794555664062e+00 -3.082026720046997070e+00 -2.471046209335327148e+00 -2.611285924911499023e+00 -3.012541055679321289e+00 -2.944279909133911133e+00
8.333150744438171387e-01 8.291192054748535156e-01 7.315841913223266602e-01 1.063991308212280273e+00 1.456746935844421387e+00 2.074814319610595703e+00 1.899586677551269531e+00 1.985578060150146484e+00 1.891743540763854980e+00 2.097975730895996094e+00 2.563913583755493164e+00 2.165249824523925781e+00 2.404695510864257812e+00 2.328168392181396484e+00 2.684769153594970703e+00 2.837992429733276367e+00 3.161154270172119141e+00 3.241243362426757812e+00 2.805484056472778320e+00 3.358741760253906250e+00 3.199989795684814453e+00 3.225270509719848633e+00 3.160881519317626953e+00 2.834273338317871094e+00 2.837613821029663086e+00 3.126243591308593750e+00 2.998872995376586914e+00 3.088034391403198242e+00 2.743332386016845703e+00 3.241446018218994141e+00 2.814359903335571289e+00 3.366175413131713867e+00 2.821472883224487305e+00 3.020635843276977539e+00 2.004221439361572266e+00 5.340142250061035156e-01 5.140529572963714600e-02 -1.523161381483078003e-01 -5.350989103317260742e-01 -6.979207396507263184e-01 -1.028212785720825195e+00 -1.479849576950073242e+00 -9.439851045608520508e-01 -1.486233234405517578e+00 -1.782040834426879883e+00 -1.672875285148620605e+00 -1.680140852928161621e+00 -1.577875494956970215e+00 -1.959827899932861328e+00 -1.992778182029724121e+00 -1.898622989654541016e+00 -2.780752897262573242e+00 -2.877188205718994141e+00 -2.770003080368041992e+00 -2.508400201797485352e+00 -2.715711832046508789e+00 -2.684471130371093750e+00 -2.486076354980468750e+00 -2.730189561843872070e+00 -2.845546007156372070e+00 -2.308177471160888672e+00 -2.663648366928100586e+00 -2.311300516128540039e+00 -2.445636510848999023e+00
7.643808126449584961e-01 7.398454546928405762e-01 9.511854648590087891e-01 9.023221135139465332e-01 1.729493737220764160e+00 2.142227172851562500e+00 2.036446094512939453e+00 1.931549549102783203e+00 2.035704135894775391e+00 2.351182222366333008e+00 2.495659828186035156e+00 2.269774436950683594e+00 2.544092655181884766e+00 2.305475234985351562e+00 2.610815525054931641e+00 2.810671091079711914e+00 2.914118289947509766e+00 3.322999238967895508e+00 3.021845102310180664e+00 3.163307905197143555e+00 3.493091106414794922e+00 3.420429944992065430e+00 3.159177780151367188e+00 3.161159753799438477e+00 3.062983512878417969e+00 3.110511541366577148e+00 2.908547163009643555e+00 2.653767585754394531e+00 3.231282949447631836e+00 3.298459768295288086e+00 3.195049762725830078e+00 3.604927062988281250e+00 2.954867601394653320e+00 3.110100746154785156e+00 2.392824649810791016e+00 8.930211663246154785e-01 4.343875646591186523e-01 1.941721886396408081e-01 -5.135682821273803711e-01 -6.572207808494567871e-01 -8.352699875831604004e-01 -1.223045110702514648e+00 -1.402889132499694824e+00 -1.665267705917358398e+00 -1.774199128150939941e+00 -1.812211155891418457e+00 -2.054506301879882812e+00 -1.518567681312561035e+00 -1.946082234382629395e+00 -1.500122189521789551e+00 -2.075266122817993164e+00 -2.316123485565185547e+00 -2.422452211380004883e+00 -2.616744279861450195e+00 -2.474421977996826172e+00 -2.468053102493286133e+00 -2.823863029479980469e+00 -2.719995975494384766e+00 -2.930748701095581055e+00 -2.607660531997680664e+00 -2.044461488723754883e+00 -2.437678575515747070e+00 -2.606975793838500977e+00 -2.672713756561279297e+00
7.787634730339050293e-01 8.668472170829772949e-01 8.077425956726074219e-01 9.531412124633789062e-01 1.434405088424682617e+00 1.851137518882751465e+00 1.861492753028869629e+00 2.352265834808349609e+00 2.144863605499267578e+00 2.555916547775268555e+00 2.656555652618408203e+00 2.566513776779174805e+00 2.624067783355712891e+00 2.324436426162719727e+00 2.995526313781738281e+00 2.915694713592529297e+00 3.306217432022094727e+00 3.540815353393554688e+00 3.219674110412597656e+00 3.454333782196044922e+00 3.353819608688354492e+00 3.515148401260375977e+00 3.652539730072021484e+00 3.384279012680053711e+00 3.575890064239501953e+00 3.462144374847412109e+00 3.059614181518554688e+00 3.554900169372558594e+00 3.578802824020385742e+00 3.480664730072021484e+00 3.372028112411499023e+00 3.105468273162841797e+00 3.098284244537353516e+00 3.364972591400146484e+00 2.287981748580932617e+00 1.655965566635131836e+00 6.548521518707275391e-01 1.567686200141906738e-01 -6.834689974784851074e-01 -1.120261549949645996e+00 -9.776170253753662109e-01 -1.170270442962646484e+00 -1.063981056213378906e+00 -1.497616052627563477e+00 -1.894671678543090820e+00 -1.753527641296386719e+00 -1.788644671440124512e+00 -2.002790451049804688e+00 -1.600802659988403320e+00 -1.767793774604797363e+00 -2.084948301315307617e+00 -2.652535676956176758e+00 -2.806442022323608398e+00 -2.120575904846191406e+00 -2.463197708129882812e+00 -2.731430768966674805e+00 -2.390471935272216797e+00 -2.718220949172973633e+00 -2.389266967773437500e+00 -2.711484193801879883e+00 -2.413540840148925781e+00 -2.422190427780151367e+00 -2.503318548202514648e+00 -1.753069281578063965e+00
6.786582469940185547e-01 7.458041310310363770e-01 9.708750844001770020e-01 1.292523026466369629e+00 1.633230924606323242e+00 1.691044092178344727e+00 2.090208768844604492e+00 2.371124267578125000e+00 2.122833728790283203e+00 2.521205902099609375e+00 2.346850395202636719e+00 2.652924299240112305e+00 2.383258581161499023e+00 2.364599704742431641e+00 2.560971975326538086e+00 2.756391525268554688e+00 2.963157653808593750e+00 2.881984710693359375e+00 3.511365652084350586e+00 3.465519666671752930e+00 3.485411643981933594e+00 3.479897499084472656e+00 2.941606283187866211e+00 3.024622201919555664e+00 3.411637067794799805e+00 3.180189132690429688e+00 2.978195667266845703e+00 2.958643436431884766e+00 3.375874996185302734e+00 3.150378704071044922e+00 3.331332206726074219e+00 2.703200340270996094e+00 2.310293674468994141e+00 2.600592374801635742e+00 1.661015510559082031e+00 1.498777985572814941e+00 6.516424417495727539e-01 1.807064563035964966e-01 -4.684885740280151367e-01 -7.161318063735961914e-01 -8.128571510314941406e-01 -1.221601128578186035e+00 -1.290331125259399414e+00 -1.440852642059326172e+00 -1.832545518875122070e+00 -1.658242464065551758e+00 -1.912889122962951660e+00 -1.930804610252380371e+00 -1.504771471023559570e+00 -1.501342296600341797e+00 -2.061210155487060547e+00 -2.504158020019531250e+00 -3.085639953613281250e+00 -2.596262454986572266e+00 -2.873176336288452148e+00 -2.477333068847656250e+00 -2.698059082031250000e+00 -2.794871568679809570e+00 -2.737858772277832031e+00 -2.947424173355102539e+00 -2.660164594650268555e+00 -2.341871738433837891e+00 -2.325333595275878906e+00 -2.565248250961303711e+00
4.093677997589111328e-01 4.124152660369873047e-01 7.878326773643493652e-01 1.434398055076599121e+00 1.334231853485107422e+00 1.869339466094970703e+00 2.189238548278808594e+00 2.189004659652709961e+00 1.916543245315551758e+00 2.173596858978271484e+00 2.207185268402099609e+00 2.221882820129394531e+00 2.182584047317504883e+00 1.923547506332397461e+00 2.495743751525878906e+00 2.619390964508056641e+00 2.894163608551025391e+00 2.968403577804565430e+00 3.223315477371215820e+00 3.381381273269653320e+00 3.058975696563720703e+00 2.908333301544189453e+00 3.032585620880126953e+00 2.994832754135131836e+00 2.489054918289184570e+00 2.967548131942749023e+00 2.953622341156005859e+00 3.146695852279663086e+00 2.824891090393066406e+00 2.865969419479370117e+00 2.871389389038085938e+00 2.749911546707153320e+00 2.327146530151367188e+00 2.167708635330200195e+00 1.720112562179565430e+00 1.768378853797912598e+00 9.765854477882385254e-01 1.802068352699279785e-01 -6.588352322578430176e-01 -8.456337451934814453e-01 -6.635034084320068359e-01 -1.300686359405517578e+00 -1.378360271453857422e+00 -1.341281652450561523e+00 -1.870252013206481934e+00 -1.896607756614685059e+00 -1.926368594169616699e+00 -1.834150195121765137e+00 -1.717854261398315430e+00 -1.178139209747314453e+00 -1.540937066078186035e+00 -2.063239812850952148e+00 -2.657746315002441406e+00 -2.306773185729980469e+00 -2.576037168502807617e+00 -2.395156145095825195e+00 -2.425959587097167969e+00 -2.708593130111694336e+00 -2.529445171356201172e+00 -2.357245445251464844e+00 -2.260494470596313477e+00 -2.381455183029174805e+00 -2.399078369140625000e+00 -2.782870531082153320e+00
2.945820987224578857e-01 2.368116080760955811e-01 4.878923594951629639e-01 1.067593336105346680e+00 1.584543824195861816e+00 2.040534257888793945e+00 2.204643011093139648e+00 2.030996322631835938e+00 1.765240788459777832e+00 2.311373233795166016e+00 2.111926555633544922e+00 2.000951766967773438e+00 2.085680723190307617e+00 2.175155639648437500e+00 2.355886936187744141e+00 2.724920749664306641e+00 2.426566123962402344e+00 2.593389511108398438e+00 2.947915554046630859e+00 2.862696170806884766e+00 3.175054311752319336e+00 2.697905063629150391e+00 2.886727809906005859e+00 2.780985355377197266e+00 2.629952669143676758e+00 2.548296928405761719e+00 2.640781879425048828e+00 3.136043310165405273e+00 3.232222318649291992e+00 3.046823740005493164e+00 2.941731452941894531e+00 2.492283582687377930e+00 2.136038303375244141e+00 2.219525337219238281e+00 1.720362424850463867e+00 1.477602243423461914e+00 1.055889129638671875e+00 2.060122787952423096e-01 -8.395687341690063477e-01 -8.847543597221374512e-01 -9.075451493263244629e-01 -1.134632349014282227e+00 -1.066625714302062988e+00 -1.720271944999694824e+00 -1.816339731216430664e+00 -1.935201168060302734e+00 -1.960759401321411133e+00 -1.907847046852111816e+00 -1.924758076667785645e+00 -2.221785545349121094e+00 -2.154566287994384766e+00 -2.320513486862182617e+00 -2.005537986755371094e+00 -2.090622425079345703e+00 -2.270513057708740234e+00 -2.673992872238159180e+00 -2.577314853668212891e+00 -2.761876106262207031e+00 -2.820222616195678711e+00 -2.926328182220458984e+00 -2.806969404220581055e+00 -2.509883403778076172e+00 -2.381303310394287109e+00 -2.966567993164062500e+00
2.937827706336975098e-01 3.654748797416687012e-01 7.347320914268493652e-01 1.042976140975952148e+00 1.849725842475891113e+00 1.869081735610961914e+00 2.161062479019165039e+00 2.198801279067993164e+00 2.206879854202270508e+00 2.402064800262451172e+00 2.207414627075195312e+00 2.276435375213623047e+00 2.258403062820434570e+00 2.231462001800537109e+00 2.591257333755493164e+00 2.554527044296264648e+00 2.701828956604003906e+00 2.741397142410278320e+00 3.075822830200195312e+00 2.885913610458374023e+00 3.032221794128417969e+00 2.802884817123413086e+00 2.969032526016235352e+00 2.814856767654418945e+00 3.022989988327026367e+00 3.051460504531860352e+00 3.161658048629760742e+00 2.991668701171875000e+00 2.973505735397338867e+00 3.332866191864013672e+00 3.337462663650512695e+00 2.770447015762329102e+00 2.176571607589721680e+00 2.112157344818115234e+00 2.031384229660034180e+00 2.157166481018066406e+00 1.094634413719177246e+00 3.756088912487030029e-01 -1.082085967063903809e+00 -1.118900179862976074e+00 -1.052280545234680176e+00 -1.152171850204467773e+00 -1.279018402099609375e+00 -1.689965963363647461e+00 -1.628774642944335938e+00 -1.604146599769592285e+00 -1.980797648429870605e+00 -2.315055131912231445e+00 -2.029211997985839844e+00 -2.294388771057128906e+00 -2.261251688003540039e+00 -2.208141565322875977e+00 -2.421756982803344727e+00 -2.277891397476196289e+00 -2.503741264343261719e+00 -2.704319477081298828e+00 -2.816707611083984375e+00 -2.622858285903930664e+00 -2.995649576187133789e+00 -2.959487915039062500e+00 -2.772506952285766602e+00 -2.857925176620483398e+00 -2.363570213317871094e+00 -2.130782604217529297e+00
2.336046099662780762e-01 3.826063573360443115e-01 5.856148004531860352e-01 1.112291097640991211e+00 1.653236389160156250e+00 2.081806659698486328e+00 2.132348299026489258e+00 2.281328916549682617e+00 2.127444982528686523e+00 2.184220314025878906e+00 2.217150688171386719e+00 2.507634639739990234e+00 2.272612333297729492e+00 2.423662185668945312e+00 2.357850313186645508e+00 2.468257665634155273e+00 2.709744215011596680e+00 2.903916597366333008e+00 2.829471588134765625e+00 2.978808641433715820e+00 2.549757003784179688e+00 2.729119777679443359e+00 2.898799657821655273e+00 2.648382902145385742e+00 2.406998157501220703e+00 2.623275995254516602e+00 2.845980167388916016e+00 3.051851272583007812e+00 2.998312234878540039e+00 2.631953477859497070e+00 2.603036165237426758e+00 2.747757673263549805e+00 2.289749860763549805e+00 1.971407055854797363e+00 2.000752449035644531e+00 1.725510478019714355e+00 1.394403219223022461e+00 9.302759170532226562e-01 -1.082867860794067383e+00 -1.077305436134338379e+00 -8.897718787193298340e-01 -1.529585599899291992e+00 -1.513466000556945801e+00 -1.566281914710998535e+00 -1.962103128433227539e+00 -1.908154487609863281e+00 -2.124034166336059570e+00 -2.382871389389038086e+00 -2.464023351669311523e+00 -2.286079168319702148e+00 -2.029802083969116211e+00 -2.165625095367431641e+00 -2.387176513671875000e+00 -2.413939237594604492e+00 -2.098160982131958008e+00 -2.452628850936889648e+00 -2.499943017959594727e+00 -2.783355474472045898e+00 -2.553440332412719727e+00 -2.442833185195922852e+00 -2.241280078887939453e+00 -2.041326999664306641e+00 -2.433138847351074219e+00 -2.862645149230957031e+00
1.318456232547760010e-01 7.201931476593017578e-01 7.642227411270141602e-01 8.867430090904235840e-01 1.233285546302795410e+00 1.384368777275085449e+00 1.511012434959411621e+00 1.632701277732849121e+00 1.727812528610229492e+00 1.721498250961303711e+00 1.564203739166259766e+00 1.643739819526672363e+00 1.657648682594299316e+00 1.843876361846923828e+00 1.307804346084594727e+00 1.209645152091979980e+00 1.388693213462829590e+00 1.565848469734191895e+00 1.691227674484252930e+00 1.393119215965270996e+00 1.491771697998046875e+00 1.659760832786560059e+00 1.654857873916625977e+00 1.696594595909118652e+00 1.538733124732971191e+00 1.651977181434631348e+00 1.637643575668334961e+00 1.291512727737426758e+00 8.480156064033508301e-01 1.346609354019165039e+00 1.557020783424377441e+00 1.236727118492126465e+00 1.322357773780822754e+00 6.572864055633544922e-01 4.539418518543243408e-01 1.144398689270019531e+00 6.603162288665771484e-01 -3.696724176406860352e-01 -1.095663547515869141e+00 -1.088742136955261230e+00 -1.499624252319335938e+00 -1.696900606155395508e+00 -1.715090394020080566e+00 -1.841286897659301758e+00 -1.855924725532531738e+00 -1.947628259658813477e+00 -2.164282083511352539e+00 -2.193439006805419922e+00 -2.453954696655273438e+00 -2.174731969833374023e+00 -2.219480514526367188e+00 -2.124184846878051758e+00 -2.151603937149047852e+00 -2.004909753799438477e+00 -2.468833684921264648e+00 -2.483636140823364258e+00 -2.377752780914306641e+00 -2.454020261764526367e+00 -2.455779314041137695e+00 -2.315374374389648438e+00 -2.329465389251708984e+00 -2.419183969497680664e+00 -2.408801317214965820e+00 -2.315440177917480469e+00
-2.243275009095668793e-02 8.087551593780517578e-02 3.816344439983367920e-01 5.686007440090179443e-02 2.422545850276947021e-01 3.226250708103179932e-01 5.971689224243164062e-01 8.012687563896179199e-01 6.235386133193969727e-01 7.016471028327941895e-01 4.875704348087310791e-01 6.212394833564758301e-01 6.973654627799987793e-01 5.757773518562316895e-01 6.215822100639343262e-01 6.818886399269104004e-01 8.401147723197937012e-01 1.028211355209350586e+00 1.047500848770141602e+00 1.067740917205810547e+00 7.726218104362487793e-01 1.127073049545288086e+00 8.157210350036621094e-01 7.593113780021667480e-01 9.356011152267456055e-01 7.965238690376281738e-01 8.155960440635681152e-01 8.629371523857116699e-01 3.963220119476318359e-01 3.047932982444763184e-01 6.789205670356750488e-01 6.752002835273742676e-01 4.796003699302673340e-01 5.018539428710937500e-01 -8.889876306056976318e-02 5.146406888961791992e-01 3.984945416450500488e-01 -6.023742556571960449e-01 -1.404506802558898926e+00 -1.783563613891601562e+00 -1.811984539031982422e+00 -1.933394551277160645e+00 -1.817855834960937500e+00 -1.785413265228271484e+00 -1.957094073295593262e+00 -2.301434516906738281e+00 -2.230273723602294922e+00 -2.201661825180053711e+00 -2.256753683090209961e+00 -2.546464204788208008e+00 -2.449040174484252930e+00 -2.519597291946411133e+00 -2.109969854354858398e+00 -2.503064870834350586e+00 -2.761826276779174805e+00 -2.835992574691772461e+00 -2.817750453948974609e+00 -3.156437873840332031e+00 -2.921423673629760742e+00 -3.115477323532104492e+00 -2.826746940612792969e+00 -2.673765182495117188e+00 -2.937068700790405273e+00 -2.744471073150634766e+00
-5.236154794692993164e-01 -2.660084068775177002e-01 -3.403323292732238770e-01 -1.029618859291076660e+00 -7.477067708969116211e-01 -4.538328051567077637e-01 -5.734518170356750488e-01 -3.109064698219299316e-01 -5.425862073898315430e-01 -2.860152125358581543e-01 -8.315165042877197266e-01 -4.638985991477966309e-01 -5.449047088623046875e-01 -6.466081738471984863e-01 -3.974478244781494141e-01 -4.952650666236877441e-01 -5.973239541053771973e-01 -3.916454613208770752e-01 -3.810829222202301025e-01 -2.023655176162719727e-01 5.620921961963176727e-03 -2.486967444419860840e-01 -1.173063367605209351e-01 -4.811590909957885742e-01 -3.089589774608612061e-01 -4.619684219360351562e-01 -1.305595785379409790e-01 -7.429691404104232788e-02 1.229074150323867798e-01 -1.489123404026031494e-01 -7.135873287916183472e-02 2.506057620048522949e-01 -5.405036211013793945e-01 -5.862622857093811035e-01 -8.549937009811401367e-01 -6.633405089378356934e-01 -9.005959630012512207e-01 -1.303021669387817383e+00 -1.494188070297241211e+00 -1.888303637504577637e+00 -2.068357706069946289e+00 -1.873605966567993164e+00 -1.831277728080749512e+00 -1.882952928543090820e+00 -1.834797024726867676e+00 -2.086830139160156250e+00 -2.080358743667602539e+00 -2.257686853408813477e+00 -2.638963699340820312e+00 -2.248910903930664062e+00 -2.237691402435302734e+00 -2.873051881790161133e+00 -2.542902469635009766e+00 -2.622945070266723633e+00 -2.471407890319824219e+00 -3.017718791961669922e+00 -2.890234470367431641e+00 -3.317029237747192383e+00 -3.156538248062133789e+00 -3.166319131851196289e+00 -3.031945705413818359e+00 -2.913373470306396484e+00 -3.058614969253540039e+00 -2.721391677856445312e+00
-9.618457555770874023e-01 -6.295375227928161621e-01 -2.912107408046722412e-01 -8.067390322685241699e-01 -9.420313835144042969e-01 -6.650250554084777832e-01 -9.340412616729736328e-01 -6.881147027015686035e-01 -6.619365215301513672e-01 -5.510748028755187988e-01 -4.938390552997589111e-01 -5.329967141151428223e-01 -7.757785320281982422e-01 -4.994409382343292236e-01 -7.146963477134704590e-01 -8.853020668029785156e-01 -1.086560368537902832e+00 -8.512863516807556152e-01 -6.151980161666870117e-01 -6.690235733985900879e-01 -2.505937218666076660e-01 -3.223995491862297058e-02 -1.288204491138458252e-01 -1.618369370698928833e-01 -2.685405313968658447e-01 -6.169799566268920898e-01 -6.881709098815917969e-01 -3.343269228935241699e-01 -5.776084065437316895e-01 -6.772406697273254395e-01 -5.949933528900146484e-01 -5.509838461875915527e-01 -4.222753345966339111e-01 -5.269728899002075195e-01 -1.025602340698242188e+00 -8.578554391860961914e-01 -1.100195765495300293e+00 -1.411393284797668457e+00 -1.996226310729980469e+00 -2.226567268371582031e+00 -2.330152511596679688e+00 -1.839885473251342773e+00 -1.779698491096496582e+00 -1.958682537078857422e+00 -2.105044603347778320e+00 -1.814745783805847168e+00 -2.045555353164672852e+00 -2.252074241638183594e+00 -2.433969259262084961e+00 -2.384122848510742188e+00 -2.584239006042480469e+00 -2.455741405487060547e+00 -2.210333347320556641e+00 -2.463137626647949219e+00 -2.795770406723022461e+00 -2.796876192092895508e+00 -2.911434888839721680e+00 -3.116580247879028320e+00 -2.900726318359375000e+00 -2.789663314819335938e+00 -2.868678569793701172e+00 -3.023163557052612305e+00 -2.811187267303466797e+00 -2.820756435394287109e+00
-1.261487364768981934e+00 -1.359071493148803711e+00 -3.702464327216148376e-02 -2.697050273418426514e-01 -7.754040956497192383e-01 -4.131708443164825439e-01 -1.066119670867919922e+00 -4.752611815929412842e-01 -3.269858658313751221e-01 -7.788714170455932617e-01 -3.650284409523010254e-01 -1.476589739322662354e-01 -3.264506757259368896e-01 -5.133942961692810059e-01 -6.963669657707214355e-01 -8.063287734985351562e-01 -5.152950286865234375e-01 -5.665267705917358398e-01 -5.303791761398315430e-01 -4.226227998733520508e-01 -5.234643220901489258e-01 -2.086890190839767456e-01 -1.756899207830429077e-01 -3.289760351181030273e-01 -6.675061583518981934e-01 -6.368725895881652832e-01 -7.062935829162597656e-01 -7.554872632026672363e-01 -3.508890867233276367e-01 -7.522471547126770020e-01 -3.670467436313629150e-01 -6.676217317581176758e-01 -4.621127247810363770e-01 -1.149809598922729492e+00 -1.151458024978637695e+00 -9.131348133087158203e-01 -1.477376937866210938e+00 -1.526076674461364746e+00 -2.188251972198486328e+00 -2.213158130645751953e+00 -1.910948991775512695e+00 -1.918287873268127441e+00 -1.894037961959838867e+00 -1.911518931388854980e+00 -1.992532730102539062e+00 -2.149100303649902344e+00 -2.348391532897949219e+00 -2.224256992340087891e+00 -2.387732505798339844e+00 -2.747682571411132812e+00 -2.871877670288085938e+00 -3.123353481292724609e+00 -2.975547552108764648e+00 -2.993981838226318359e+00 -3.066227912902832031e+00 -2.494163751602172852e+00 -3.204551458358764648e+00 -2.775140762329101562e+00 -2.727533578872680664e+00 -3.103443861007690430e+00 -3.077695369720458984e+00 -2.934344291687011719e+00 -2.997706890106201172e+00 -3.099610328674316406e+00
-4.443461894989013672e-01 -6.499906182289123535e-01 -3.665300905704498291e-01 -2.466334700584411621e-01 -1.059008836746215820e-01 -4.073718488216400146e-01 1.276653707027435303e-01 -9.806035459041595459e-02 -9.352175891399383545e-02 -2.805745601654052734e-01 -4.074238240718841553e-01 -4.398150742053985596e-01 -1.497249752283096313e-01 -1.367857307195663452e-01 -6.915520429611206055e-01 -6.564168334007263184e-01 -3.044261932373046875e-01 -3.571975827217102051e-01 -1.178067475557327271e-01 -9.442158043384552002e-02 -6.146407723426818848e-01 -2.948170304298400879e-01 2.149341627955436707e-02 -8.230682015419006348e-01 -8.056799173355102539e-01 -9.976110458374023438e-01 -8.888783454895019531e-01 -6.000402569770812988e-01 -4.373012781143188477e-01 -3.499279618263244629e-01 -3.417465686798095703e-01 -6.654096841812133789e-01 -6.061155200004577637e-01 -8.804162144660949707e-01 -1.026420354843139648e+00 -1.451007843017578125e+00 -1.406630635261535645e+00 -1.448166489601135254e+00 -2.474173069000244141e+00 -2.765335321426391602e+00 -2.547143936157226562e+00 -1.991932392120361328e+00 -2.125214338302612305e+00 -2.475493192672729492e+00 -2.511347770690917969e+00 -2.100115537643432617e+00 -2.063927173614501953e+00 -2.387796401977539062e+00 -2.234715938568115234e+00 -2.614778995513916016e+00 -3.346319675445556641e+00 -3.560369014739990234e+00 -3.367286443710327148e+00 -3.186163902282714844e+00 -3.044345140457153320e+00 -3.379787683486938477e+00 -2.827725410461425781e+00 -3.353349685668945312e+00 -3.451991796493530273e+00 -3.482642650604248047e+00 -3.938592910766601562e+00 -3.966285467147827148e+00 -2.594584465026855469e+00 -2.644787073135375977e+00
-4.262383878231048584e-01 -4.137698113918304443e-01 -9.805098176002502441e-01 -1.921658068895339966e-01 -6.089184880256652832e-01 -6.984313577413558960e-02 5.846136808395385742e-02 -2.074002921581268311e-01 -4.216693639755249023e-01 -2.086924910545349121e-01 -2.405243963003158569e-01 -1.300979107618331909e-01 7.065640389919281006e-02 -5.574537515640258789e-01 -2.990941107273101807e-01 1.643486320972442627e-04 -4.269609749317169189e-01 -5.885294079780578613e-01 -1.616616696119308472e-01 -1.993596553802490234e-01 2.360643893480300903e-01 -1.319269090890884399e-01 -1.648933440446853638e-01 -5.178162455558776855e-01 -7.293760776519775391e-01 -6.099486351013183594e-01 -7.228317260742187500e-01 -4.026128351688385010e-01 -3.840965628623962402e-01 -2.576706707477569580e-01 -5.727487802505493164e-01 -5.535065531730651855e-01 -6.677673459053039551e-01 -4.959379136562347412e-01 -9.598636031150817871e-01 -1.260510683059692383e+00 -1.281940102577209473e+00 -1.221469283103942871e+00 -2.422141075134277344e+00 -2.339603900909423828e+00 -2.248828649520874023e+00 -2.147047758102416992e+00 -2.204700231552124023e+00 -2.283026933670043945e+00 -2.590974569320678711e+00 -2.039432287216186523e+00 -1.892971038818359375e+00 -2.537515163421630859e+00 -2.876903295516967773e+00 -3.017951726913452148e+00 -3.181639671325683594e+00 -3.626332521438598633e+00 -2.883355379104614258e+00 -3.533842563629150391e+00 -3.439420223236083984e+00 -3.462339401245117188e+00 -3.431820869445800781e+00 -3.035121440887451172e+00 -3.416497230529785156e+00 -2.918073177337646484e+00 -3.561293601989746094e+00 -3.230231046676635742e+00 -3.129870176315307617e+00 -2.835817575454711914e+00
-9.957888126373291016e-01 -5.542406439781188965e-01 -4.416166245937347412e-01 -2.316271811723709106e-01 -3.730558156967163086e-01 3.856941163539886475e-01 2.724850475788116455e-01 1.475590467453002930e-01 3.109690248966217041e-01 2.491837739944458008e-01 4.816297069191932678e-02 -2.585654258728027344e-01 1.091713309288024902e-01 -4.756317734718322754e-01 -1.377706080675125122e-01 5.209123343229293823e-02 -1.276244372129440308e-01 -1.372194588184356689e-01 -7.634276896715164185e-02 1.063680127263069153e-01 -1.278419047594070435e-01 -7.993404865264892578e-01 -5.776597857475280762e-01 -8.781976699829101562e-01 -8.645429015159606934e-01 -1.013696551322937012e+00 -2.863250374794006348e-01 -2.423610091209411621e-01 -5.431048274040222168e-01 -2.509488761425018311e-01 -2.612578570842742920e-01 -2.116252332925796509e-01 -6.745277643203735352e-01 -8.757911324501037598e-01 -8.085997700691223145e-01 -1.171107530593872070e+00 -1.563554167747497559e+00 -1.672414660453796387e+00 -2.470307588577270508e+00 -3.058156728744506836e+00 -3.286980152130126953e+00 -2.514936447143554688e+00 -2.481601238250732422e+00 -2.896049976348876953e+00 -2.420908689498901367e+00 -2.090131759643554688e+00 -2.504953861236572266e+00 -3.300706386566162109e+00 -3.518785953521728516e+00 -3.180026769638061523e+00 -3.268260240554809570e+00 -3.565219879150390625e+00 -3.607550382614135742e+00 -4.015696048736572266e+00 -4.435290813446044922e+00 -3.439876794815063477e+00 -2.728167057037353516e+00 -2.921881437301635742e+00 -3.365055084228515625e+00 -3.974699735641479492e+00 -3.823261976242065430e+00 -3.886817693710327148e+00 -2.820557594299316406e+00 -3.011167764663696289e+00
